# Blender v2.92.0 OBJ File: 'Character Amanda_Model.blend'
# www.blender.org
mtllib Character Amanda_Model_File OBJ.mtl
o Char_Body_Cube.093
v 0.669131 1.302035 0.046788
v 0.669097 1.305098 0.009864
v 0.663171 1.322316 0.054512
v 0.691222 1.296071 0.043539
v 0.692649 1.301839 0.062317
v 0.712664 1.309212 0.071242
v 0.681185 1.322058 0.066100
v 0.706067 1.296737 0.055868
v 0.718861 1.305464 0.062790
v 0.712504 1.307465 0.049322
v 0.710774 1.304595 0.041630
v 0.724433 1.312455 0.055559
v 0.715690 1.324777 0.050432
v 0.725231 1.322975 0.055642
v 0.715728 1.325754 0.046957
v 0.713140 1.339833 0.049744
v 0.725093 1.336055 0.058083
v 0.710813 1.344899 0.041724
v 0.702379 1.342951 0.055182
v 0.691168 1.347274 0.043152
v 0.719995 1.338805 0.065408
v 0.687493 1.337975 0.061313
v 0.667388 1.342384 0.045494
v 0.713266 1.333801 0.072643
v 0.709462 1.321398 0.076592
v 0.739371 1.331038 0.076711
v 0.757483 1.328373 0.076941
v 0.742698 1.334578 0.069350
v 0.738015 1.321324 0.080677
v 0.758923 1.320228 0.079149
v 0.738651 1.312464 0.074754
v 0.756823 1.310466 0.075291
v 0.741739 1.309318 0.066441
v 0.759704 1.310170 0.068000
v 0.742607 1.314109 0.059643
v 0.756453 1.312545 0.061395
v 0.742282 1.321601 0.058196
v 0.757102 1.320927 0.060493
v 0.743355 1.332350 0.062087
v 0.757137 1.329456 0.063176
v 0.760490 1.330071 0.069950
v 0.764199 1.320304 0.069503
v 0.668898 1.350874 0.007617
v 0.649172 1.347733 0.007174
v 0.650921 1.339424 -0.017309
v 0.650919 1.329205 -0.022708
v 0.650918 1.310462 -0.016289
v 0.649172 1.303363 0.007211
v 0.650599 1.307644 0.033198
v 0.650005 1.322945 0.040757
v 0.650203 1.340521 0.033605
v 0.669375 1.311558 -0.020389
v 0.669386 1.329736 -0.025628
v 0.688961 1.310405 -0.021921
v 0.708793 1.312040 -0.024638
v 0.688967 1.329540 -0.028567
v 0.688941 1.305189 0.009497
v 0.708749 1.307986 0.009462
v 0.723549 1.308987 0.007100
v 0.722488 1.310653 0.040774
v 0.721430 1.314875 -0.026272
v 0.719771 1.329944 -0.032259
v 0.708793 1.329687 -0.030956
v 0.721430 1.341773 -0.026084
v 0.708793 1.341788 -0.024472
v 0.723549 1.350515 0.007100
v 0.708749 1.351452 0.007104
v 0.722488 1.343968 0.040775
v 0.721461 1.327665 0.045842
v 0.733521 1.312914 0.041254
v 0.731433 1.329506 0.046052
v 0.733521 1.342874 0.041254
v 0.731878 1.341184 -0.027269
v 0.730478 1.330438 -0.033053
v 0.731885 1.316244 -0.027207
v 0.688941 1.351511 0.007236
v 0.688961 1.342528 -0.021985
v 0.669375 1.341920 -0.019239
v 0.030796 1.470033 -0.022527
v 0.039909 1.470033 0.000206
v 0.019047 1.470033 -0.028564
v 0.030767 1.464131 -0.022710
v 0.039997 1.464131 0.000206
v 0.030708 1.441836 -0.023087
v 0.018990 1.464131 -0.033052
v 0.018873 1.441836 -0.033403
v 0.018756 1.420515 -0.033753
v 0.030649 1.420515 -0.023465
v 0.040361 1.420515 0.000206
v 0.042842 1.406853 -0.027328
v 0.048950 1.402835 0.000222
v 0.022014 1.403822 -0.040179
v 0.156011 1.370132 0.052135
v 0.127965 1.370964 -0.043616
v 0.132710 1.299179 0.079223
v 0.156543 1.363791 -0.040584
v 0.144597 1.277936 -0.039495
v 0.073142 1.354214 -0.071367
v 0.162879 1.385904 0.001961
v 0.025075 1.402835 0.041001
v 0.018756 1.420515 0.034625
v 0.019047 1.470033 0.026261
v 0.030796 1.470033 0.018603
v 0.018990 1.464133 0.033983
v 0.030767 1.464131 0.018962
v 0.018873 1.441836 0.034304
v 0.030708 1.441836 0.019706
v 0.030649 1.420515 0.020451
v 0.040179 1.441836 0.000206
v 0.045649 1.402835 0.024775
v 0.135503 1.275265 0.013030
v 0.126897 1.325644 0.092383
v 0.119415 1.379657 0.067889
v 0.178134 1.320307 -0.054486
v 0.043267 1.336345 0.102688
v 0.094141 1.080103 -0.042296
v 0.030456 1.080103 -0.059326
v 0.101885 1.067457 0.084390
v 0.112690 1.072389 0.016440
v 0.050930 1.069324 0.117078
v 0.073304 1.320324 -0.081137
v 0.127947 1.320324 -0.062960
v 0.036859 1.310164 0.139809
v 0.156229 1.329352 0.066997
v 0.099663 1.315916 0.124389
v 0.116191 1.271458 -0.062308
v 0.126112 1.282787 0.126875
v 0.069248 1.270951 -0.075602
v 0.041384 1.271526 0.170663
v 0.166121 1.296346 0.050688
v 0.095392 1.225276 -0.029424
v 0.125171 1.230328 0.103137
v 0.052196 1.228190 -0.055360
v 0.047744 1.229300 0.150227
v 0.110023 1.225732 0.014478
v 0.072842 1.156566 -0.019572
v 0.078676 1.156566 0.066278
v 0.035469 1.156566 -0.044060
v 0.048134 1.156566 0.098139
v 0.090262 1.156566 0.016440
v 0.073032 1.110860 -0.029992
v 0.084566 1.112727 0.073481
v 0.032923 1.110860 -0.047523
v 0.047052 1.110860 0.104596
v 0.097431 1.110860 0.016440
v 0.038916 1.191817 -0.048025
v 0.049517 1.191817 0.095532
v 0.101259 1.191817 0.015648
v 0.085165 1.191817 -0.024469
v 0.094390 1.191817 0.064870
v 0.093720 1.394786 -0.034867
v 0.060082 1.379269 -0.060589
v 0.094621 1.392927 0.046064
v 0.043830 1.369091 0.076490
v 0.111112 1.401238 -0.000067
v 0.061870 1.031364 0.119297
v 0.111022 1.031364 0.088053
v 0.138239 1.036697 0.016440
v 0.113275 1.049514 -0.062613
v 0.029119 1.049514 -0.095637
v 0.011244 0.883269 0.054867
v 0.006493 0.878129 0.016440
v 0.049355 0.913801 0.111665
v 0.020943 0.703682 0.067666
v 0.029025 0.600921 0.068979
v 0.014466 0.703682 0.016440
v 0.051120 0.703682 0.097905
v 0.055403 0.601105 0.090056
v 0.115427 0.703682 0.089361
v 0.107746 0.602242 0.086883
v 0.151099 0.703682 0.016440
v 0.139911 0.602239 0.021003
v 0.115427 0.703682 -0.043046
v 0.107746 0.602246 -0.028208
v 0.051120 0.703682 -0.052181
v 0.055403 0.601093 -0.032016
v 0.056416 0.442295 -0.060027
v 0.020970 0.703682 -0.034820
v 0.004041 0.436073 0.014549
v 0.029053 0.600916 -0.019481
v 0.029053 0.564536 -0.009117
v 0.022244 0.600738 0.016857
v 0.022244 0.564355 0.027173
v 0.022244 0.527973 0.016857
v 0.029025 0.564540 0.076019
v 0.029025 0.528160 0.065703
v 0.055403 0.564728 0.092860
v 0.055403 0.528350 0.082544
v 0.100346 0.564719 0.087224
v 0.100346 0.527195 0.076891
v 0.130285 0.564715 0.027166
v 0.130285 0.527190 0.016832
v 0.100346 0.564722 -0.019611
v 0.100346 0.527198 -0.037535
v 0.055403 0.564715 -0.025888
v 0.055403 0.528338 -0.043794
v 0.029053 0.528155 -0.027023
v 0.021378 0.294673 -0.030017
v 0.056416 0.294762 -0.046061
v 0.016218 0.294584 0.008639
v 0.035860 0.144059 -0.014364
v 0.035096 0.078175 -0.013795
v 0.056416 0.144141 -0.029190
v 0.033017 0.143977 0.004503
v 0.032315 0.078095 0.003905
v 0.035838 0.144061 0.022667
v 0.035075 0.078177 0.021446
v 0.021362 0.294676 0.032916
v 0.056416 0.144147 0.045392
v 0.056416 0.078260 0.035822
v 0.056416 0.294769 0.056865
v 0.078912 0.144143 0.039316
v 0.103310 0.294764 0.050290
v 0.076184 0.078256 0.029954
v 0.098328 0.144141 0.004601
v 0.094856 0.078254 0.004000
v 0.131529 0.294762 0.008745
v 0.078912 0.144144 -0.022694
v 0.103310 0.294766 -0.039031
v 0.076184 0.078257 -0.021839
v 0.056416 0.078254 -0.028112
v 0.007573 0.894101 -0.045606
v 0.033673 0.921632 -0.117549
v 0.010825 0.428126 0.040981
v 0.056416 0.428224 0.065768
v 0.115019 0.428220 0.058851
v 0.147779 0.436261 0.014660
v 0.121371 0.442298 -0.052631
v 0.009332 0.442201 -0.043149
v 0.145647 0.932980 -0.095039
v 0.167354 0.921873 0.016440
v 0.126633 0.921873 0.097749
v 0.016156 0.794196 0.065152
v 0.016175 0.794196 -0.035130
v 0.050237 0.794196 -0.063315
v 0.121939 0.794196 -0.047161
v 0.163218 0.794196 0.016440
v 0.123956 0.794196 0.091930
v 0.050237 0.794196 0.107182
v 0.010621 0.794196 0.016440
v 0.015555 0.862709 0.066171
v 0.015576 0.873487 -0.016129
v 0.126646 0.848424 -0.032251
v 0.126427 0.862709 0.091949
v 0.049355 0.862709 0.109998
v 0.009695 0.862709 0.016440
v 0.049867 0.858635 -0.051356
v 0.167958 0.863934 0.016440
v 0.030989 0.998623 -0.117615
v 0.134447 1.009075 -0.087427
v 0.157919 0.983752 0.016440
v 0.129025 0.977070 0.091635
v 0.064839 0.977070 0.118354
v 0.018468 0.872989 0.060519
v 0.012543 0.883794 -0.030868
v 0.136780 0.888504 -0.066433
v 0.126530 0.888255 0.094849
v 0.049355 0.888255 0.110831
v 0.011211 0.870419 0.016440
v 0.047820 0.868344 -0.087241
v 0.166430 0.888255 0.016440
v 0.180268 1.361942 -0.040494
v 0.164679 1.292082 -0.031238
v 0.184833 1.383614 0.000698
v 0.164505 1.288375 0.012649
v 0.142091 1.391248 0.001503
v 0.182409 1.367996 0.045039
v 0.124371 1.255769 0.015112
v 0.155414 1.320324 -0.055172
v 0.564393 1.353881 0.006672
v 0.564393 1.321407 0.042092
v 0.564393 1.293219 0.006672
v 0.564393 1.321407 -0.031347
v 0.564393 1.300114 -0.019592
v 0.564393 1.342381 -0.022452
v 0.564393 1.299859 0.027724
v 0.564393 1.340597 0.028762
v 0.260740 1.354940 0.030425
v 0.260733 1.370023 -0.003667
v 0.260734 1.353460 -0.037719
v 0.260735 1.320250 -0.051764
v 0.260729 1.293019 -0.029939
v 0.260737 1.320250 0.050525
v 0.260730 1.283616 0.003069
v 0.260731 1.292682 0.033289
v 0.347332 1.294556 0.024145
v 0.423537 1.295663 0.019276
v 0.385434 1.295110 0.014710
v 0.423539 1.288060 0.002369
v 0.347330 1.286293 0.002876
v 0.385434 1.287176 0.002702
v 0.347340 1.320682 -0.047818
v 0.423529 1.320943 -0.044863
v 0.385434 1.320812 -0.052500
v 0.423530 1.345068 -0.032446
v 0.347338 1.347989 -0.034967
v 0.385434 1.346112 -0.037364
v 0.423540 1.295966 -0.023585
v 0.347328 1.294873 -0.024907
v 0.385434 1.295419 -0.028824
v 0.347336 1.362688 -0.006434
v 0.423532 1.358397 -0.003213
v 0.385434 1.360105 -0.011282
v 0.423518 1.344955 0.020235
v 0.347350 1.348641 0.025209
v 0.385434 1.346377 0.015223
v 0.423525 1.320943 0.030906
v 0.347344 1.320682 0.038111
v 0.385434 1.320812 0.026054
v 0.479121 1.321139 0.041142
v 0.479128 1.292551 0.028187
v 0.479130 1.284401 0.001085
v 0.479130 1.292889 -0.023337
v 0.479124 1.321139 -0.038672
v 0.479124 1.346639 -0.027560
v 0.479126 1.360658 0.001085
v 0.479118 1.345608 0.027670
v 0.038239 1.393156 -0.049587
v 0.066011 1.398220 0.032428
v 0.080031 1.402011 0.000078
v 0.065527 1.399149 -0.031097
v 0.039390 1.386570 0.055520
v 0.624461 1.339650 -0.016600
v 0.624461 1.305406 0.027945
v 0.624461 1.307354 -0.015272
v 0.624461 1.322487 0.038825
v 0.624461 1.326021 -0.024841
v 0.624461 1.339402 0.028486
v 0.624461 1.300716 0.006717
v 0.624461 1.346003 0.006727
v 0.034196 1.132117 -0.045791
v 0.047593 1.132117 0.101368
v 0.093847 1.132117 0.016440
v 0.072937 1.132117 -0.024782
v 0.081621 1.132117 0.069879
v 0.689049 1.349290 0.025691
v 0.708658 1.349308 0.025670
v 0.722048 1.348775 0.026107
v 0.722048 1.306403 0.026107
v 0.708658 1.304243 0.025572
v 0.689248 1.299915 0.025176
v 0.650768 1.303299 0.020031
v 0.736052 1.349316 0.007155
v 0.736052 1.311151 0.007155
v 0.650578 1.345999 0.020491
v 0.667196 1.348465 0.024967
v 0.668391 1.302003 0.024835
v 0.650917 1.346637 -0.005443
v 0.669311 1.349395 -0.007358
v 0.688921 1.349452 -0.010196
v 0.708787 1.349013 -0.011723
v 0.723240 1.348150 -0.012589
v 0.723240 1.308991 -0.012597
v 0.708787 1.304697 -0.011593
v 0.688921 1.302179 -0.010009
v 0.669311 1.303711 -0.007191
v 0.650905 1.305673 -0.004897
v 0.734675 1.310882 0.026480
v 0.734675 1.347673 0.026480
v 0.734423 1.347615 -0.013497
v 0.734427 1.312931 -0.013484
v 0.806015 1.327087 0.036010
v 0.805580 1.340438 0.036667
v 0.804762 1.339590 0.044345
v 0.808423 1.331889 0.048166
v 0.805196 1.324927 0.044737
v 0.796292 1.338160 -0.029127
v 0.796958 1.340981 -0.021172
v 0.794962 1.326822 -0.020948
v 0.794305 1.325964 -0.028780
v 0.798211 1.331732 -0.030462
v 0.810899 1.342808 0.000997
v 0.808894 1.326487 0.000112
v 0.808892 1.324889 -0.007431
v 0.810898 1.343371 -0.008334
v 0.814854 1.344518 0.013476
v 0.814874 1.343431 0.022559
v 0.812668 1.325787 0.023212
v 0.812648 1.325787 0.012689
v 0.771271 1.345497 0.024877
v 0.771268 1.346707 0.011123
v 0.771271 1.322697 0.023715
v 0.771268 1.322697 0.012487
v 0.761411 1.343499 0.032092
v 0.761411 1.323179 0.033037
v 0.760549 1.343234 0.043053
v 0.760210 1.331965 0.048313
v 0.760549 1.319816 0.042022
v 0.767514 1.323570 0.001945
v 0.767514 1.346074 0.003553
v 0.767514 1.321391 -0.008630
v 0.767514 1.347015 -0.010225
v 0.758843 1.344116 -0.017645
v 0.758052 1.341719 -0.029271
v 0.758850 1.322572 -0.018961
v 0.758071 1.320771 -0.027775
v 0.757732 1.331929 -0.034352
v 0.738091 1.331167 0.007330
v 0.736615 1.330895 0.026840
v 0.736337 1.331284 -0.013934
v 0.809123 1.332014 0.033046
v 0.798404 1.332003 -0.016829
v 0.815107 1.332238 0.002504
v 0.815105 1.332041 -0.010841
v 0.821014 1.332015 0.025978
v 0.820992 1.332287 0.011175
v 0.771268 1.332719 0.008764
v 0.771271 1.332447 0.027745
v 0.762251 1.332201 0.030150
v 0.767514 1.332447 -0.013053
v 0.767514 1.332719 0.006172
v 0.758974 1.332201 -0.015487
v 0.780041 1.342987 0.033889
v 0.778472 1.342608 0.044231
v 0.777801 1.332346 0.049446
v 0.777980 1.321736 0.043317
v 0.779550 1.324633 0.034133
v 0.781576 1.332436 0.031604
v 0.787948 1.344914 0.023874
v 0.787305 1.323456 0.023062
v 0.787301 1.323456 0.012597
v 0.787944 1.346124 0.011835
v 0.788946 1.332707 0.009275
v 0.788949 1.332436 0.026893
v 0.785695 1.324305 0.001426
v 0.785695 1.322273 -0.008426
v 0.786188 1.346355 -0.009552
v 0.786188 1.345524 0.002466
v 0.785470 1.332436 -0.012924
v 0.785470 1.332707 0.005523
v 0.772943 1.343573 -0.019126
v 0.772458 1.324118 -0.020154
v 0.771705 1.322659 -0.027877
v 0.771765 1.332164 -0.034430
v 0.772164 1.341055 -0.029730
v 0.772351 1.332436 -0.016359
v 0.788294 1.342964 -0.020096
v 0.785588 1.324953 -0.020852
v 0.785470 1.323680 -0.028004
v 0.785910 1.332306 -0.034009
v 0.788155 1.340312 -0.029876
v 0.786314 1.332578 -0.016722
v 0.799550 1.324951 0.000898
v 0.799549 1.323047 -0.007985
v 0.802265 1.345611 -0.009015
v 0.802266 1.344904 0.001837
v 0.800937 1.332578 -0.012628
v 0.799207 1.332850 0.004394
v 0.804581 1.344262 0.023386
v 0.801116 1.324146 0.022562
v 0.801098 1.324146 0.013180
v 0.804563 1.345472 0.012450
v 0.808238 1.332850 0.009651
v 0.808264 1.332578 0.026835
v 0.796907 1.342393 0.035625
v 0.796406 1.341839 0.044307
v 0.795533 1.332525 0.048952
v 0.794153 1.322757 0.043346
v 0.794654 1.325421 0.035636
v 0.796144 1.332578 0.032989
v 0.744427 1.342206 -0.028584
v 0.745111 1.344515 -0.016027
v 0.745141 1.320232 -0.017093
v 0.744462 1.317911 -0.027300
v 0.744145 1.331078 -0.034034
v 0.745262 1.331468 -0.014622
v 0.747587 1.347036 0.005135
v 0.747587 1.320105 0.003939
v 0.747585 1.317625 -0.010483
v 0.747585 1.348055 -0.011545
v 0.747587 1.331756 0.006960
v 0.747584 1.331485 -0.013276
v 0.749307 1.347675 0.009652
v 0.749324 1.346465 0.025649
v 0.749324 1.319102 0.024372
v 0.749307 1.319102 0.010731
v 0.749327 1.331509 0.027625
v 0.749304 1.331781 0.008041
v 0.744907 1.320686 0.031197
v 0.744907 1.343872 0.029693
v 0.744195 1.343718 0.042531
v 0.743866 1.331036 0.047543
v 0.744195 1.316588 0.041572
v 0.745039 1.331473 0.027991
v 0.638297 1.307720 0.029842
v 0.638251 1.322627 0.038818
v 0.638316 1.340059 0.030318
v 0.638271 1.339679 -0.017116
v 0.638251 1.328704 -0.023717
v 0.638246 1.309852 -0.015964
v 0.638434 1.302530 0.018603
v 0.638232 1.304431 -0.004638
v 0.638330 1.346660 -0.005193
v 0.638510 1.346200 0.018963
v -0.666781 1.299025 0.045706
v -0.669197 1.302169 0.007170
v -0.666573 1.322325 0.054347
v -0.691261 1.293348 0.035362
v -0.686127 1.302909 0.059493
v -0.704467 1.303149 0.066058
v -0.676760 1.322325 0.062773
v -0.699933 1.297390 0.053626
v -0.710895 1.300476 0.056699
v -0.704943 1.306414 0.043874
v -0.708776 1.302457 0.037860
v -0.707941 1.308511 0.048295
v -0.707138 1.322325 0.046901
v -0.708362 1.322325 0.050033
v -0.711425 1.322325 0.045056
v -0.705331 1.340943 0.044491
v -0.708717 1.338020 0.051499
v -0.708776 1.347321 0.040597
v -0.702691 1.343843 0.051325
v -0.691261 1.347832 0.040289
v -0.711835 1.339854 0.060584
v -0.686230 1.339605 0.058389
v -0.669233 1.345060 0.042875
v -0.705207 1.334151 0.067578
v -0.697928 1.322325 0.073113
v -0.738506 1.331554 0.072282
v -0.757083 1.328620 0.072544
v -0.742005 1.336547 0.063211
v -0.732983 1.322473 0.077944
v -0.759260 1.322643 0.078468
v -0.737609 1.304793 0.069695
v -0.756346 1.306641 0.070419
v -0.740865 1.302557 0.059924
v -0.760273 1.304898 0.061539
v -0.742704 1.306561 0.054455
v -0.755448 1.308893 0.052785
v -0.740790 1.322473 0.049729
v -0.755118 1.322643 0.050137
v -0.743644 1.334588 0.055525
v -0.756220 1.331913 0.055011
v -0.761209 1.332815 0.064239
v -0.764585 1.322643 0.063008
v -0.669197 1.351872 0.007170
v -0.649952 1.347878 0.007156
v -0.649952 1.344060 -0.017149
v -0.649952 1.327239 -0.023669
v -0.649952 1.307766 -0.016203
v -0.649952 1.303394 0.007179
v -0.649952 1.307032 0.031323
v -0.649952 1.322815 0.041305
v -0.649952 1.340313 0.032643
v -0.669381 1.306613 -0.021246
v -0.669381 1.327239 -0.029322
v -0.690383 1.304647 -0.026618
v -0.709283 1.307006 -0.028601
v -0.690383 1.327239 -0.033332
v -0.690290 1.303285 0.007170
v -0.709283 1.306651 0.007170
v -0.725791 1.306960 0.007170
v -0.725904 1.306960 0.041995
v -0.725791 1.310068 -0.030525
v -0.725791 1.327239 -0.035688
v -0.709283 1.327239 -0.034834
v -0.725791 1.345754 -0.030190
v -0.709283 1.346763 -0.028266
v -0.725791 1.352496 0.007170
v -0.709283 1.353456 0.007170
v -0.725904 1.345754 0.041995
v -0.725516 1.324337 0.046461
v -0.736031 1.308237 0.042540
v -0.735942 1.326877 0.047041
v -0.736031 1.345998 0.042540
v -0.735975 1.345998 -0.031001
v -0.735968 1.327239 -0.035990
v -0.735975 1.311346 -0.030834
v -0.690290 1.353449 0.007170
v -0.690383 1.347942 -0.026686
v -0.669381 1.347551 -0.021546
v -0.030795 1.470033 -0.022527
v -0.039908 1.470033 0.000206
v -0.019046 1.470033 -0.028564
v -0.030767 1.464131 -0.022710
v -0.039996 1.464131 0.000206
v -0.030708 1.441836 -0.023087
v -0.018989 1.464131 -0.033052
v -0.018872 1.441836 -0.033403
v -0.018755 1.420515 -0.033753
v -0.030648 1.420515 -0.023465
v -0.040360 1.420515 0.000206
v -0.042841 1.406853 -0.027328
v -0.048949 1.402835 0.000222
v -0.022013 1.403822 -0.040179
v -0.156011 1.370132 0.052135
v -0.127965 1.370964 -0.043616
v -0.132709 1.299179 0.079223
v -0.156542 1.363791 -0.040584
v -0.144597 1.277936 -0.039495
v -0.073142 1.354214 -0.071367
v -0.162878 1.385904 0.001961
v -0.025074 1.402835 0.041001
v -0.018755 1.420515 0.034625
v -0.019046 1.470033 0.026261
v -0.030795 1.470033 0.018603
v -0.018989 1.464133 0.033983
v -0.030767 1.464131 0.018962
v -0.018872 1.441836 0.034304
v -0.030708 1.441836 0.019706
v -0.030648 1.420515 0.020451
v -0.040178 1.441836 0.000206
v -0.045648 1.402835 0.024775
v -0.135502 1.275265 0.013030
v -0.126896 1.325644 0.092383
v -0.119414 1.379657 0.067889
v -0.178134 1.320307 -0.054486
v -0.043267 1.336345 0.102688
v -0.094140 1.080103 -0.042296
v -0.030455 1.080103 -0.059326
v -0.101885 1.067457 0.084390
v -0.112690 1.072389 0.016440
v -0.050929 1.069324 0.117078
v -0.073303 1.320324 -0.081137
v -0.127946 1.320324 -0.062960
v -0.036858 1.310164 0.139809
v -0.156229 1.329352 0.066997
v -0.099663 1.315916 0.124389
v -0.116190 1.271458 -0.062308
v -0.126111 1.282787 0.126875
v -0.069247 1.270951 -0.075602
v -0.041383 1.271526 0.170663
v -0.166120 1.296346 0.050688
v -0.095392 1.225276 -0.029424
v -0.125170 1.230328 0.103137
v -0.052196 1.228190 -0.055360
v -0.047743 1.229300 0.150227
v -0.110022 1.225732 0.014478
v -0.072841 1.156566 -0.019572
v -0.078675 1.156566 0.066278
v -0.035468 1.156566 -0.044060
v -0.048133 1.156566 0.098139
v -0.090262 1.156566 0.016440
v -0.073032 1.110860 -0.029992
v -0.084565 1.112727 0.073481
v -0.032923 1.110860 -0.047523
v -0.047051 1.110860 0.104596
v -0.097430 1.110860 0.016440
v -0.038915 1.191817 -0.048025
v -0.049517 1.191817 0.095532
v -0.101258 1.191817 0.015648
v -0.085165 1.191817 -0.024469
v -0.094389 1.191817 0.064870
v -0.093719 1.394786 -0.034867
v -0.060081 1.379269 -0.060589
v -0.094620 1.392927 0.046064
v -0.043830 1.369091 0.076490
v -0.111111 1.401238 -0.000067
v -0.061870 1.031364 0.119297
v -0.111021 1.031364 0.088053
v -0.138238 1.036697 0.016440
v -0.113274 1.049514 -0.062613
v -0.029118 1.049514 -0.095637
v -0.011243 0.883269 0.054867
v -0.006493 0.878129 0.016440
v -0.049354 0.913801 0.111665
v -0.020943 0.703682 0.067666
v -0.029024 0.600921 0.068979
v -0.014466 0.703682 0.016440
v -0.051119 0.703682 0.097905
v -0.055402 0.601105 0.090056
v -0.115426 0.703682 0.089361
v -0.107746 0.602242 0.086883
v -0.151098 0.703682 0.016440
v -0.139911 0.602239 0.021003
v -0.115426 0.703682 -0.043046
v -0.107746 0.602246 -0.028208
v -0.051119 0.703682 -0.052181
v -0.055402 0.601093 -0.032016
v -0.056415 0.442295 -0.060027
v -0.020969 0.703682 -0.034820
v -0.004041 0.436073 0.014549
v -0.029053 0.600916 -0.019481
v -0.029053 0.564536 -0.009117
v -0.022244 0.600738 0.016857
v -0.022244 0.564355 0.027173
v -0.022244 0.527973 0.016857
v -0.029024 0.564540 0.076019
v -0.029024 0.528160 0.065703
v -0.055402 0.564728 0.092860
v -0.055402 0.528350 0.082544
v -0.100345 0.564719 0.087224
v -0.100345 0.527195 0.076891
v -0.130284 0.564715 0.027166
v -0.130284 0.527190 0.016832
v -0.100345 0.564722 -0.019611
v -0.100345 0.527198 -0.037535
v -0.055402 0.564715 -0.025888
v -0.055402 0.528338 -0.043794
v -0.029053 0.528155 -0.027023
v -0.021377 0.294673 -0.030017
v -0.056415 0.294762 -0.046061
v -0.016217 0.294584 0.008639
v -0.035859 0.144059 -0.014364
v -0.035095 0.078175 -0.013795
v -0.056415 0.144141 -0.029190
v -0.033016 0.143977 0.004503
v -0.032315 0.078095 0.003905
v -0.035837 0.144061 0.022667
v -0.035074 0.078177 0.021446
v -0.021361 0.294676 0.032916
v -0.056415 0.144147 0.045392
v -0.056415 0.078260 0.035822
v -0.056415 0.294769 0.056865
v -0.078911 0.144143 0.039316
v -0.103309 0.294764 0.050290
v -0.076183 0.078256 0.029954
v -0.098328 0.144141 0.004601
v -0.094855 0.078254 0.004000
v -0.131528 0.294762 0.008745
v -0.078911 0.144144 -0.022694
v -0.103309 0.294766 -0.039031
v -0.076183 0.078257 -0.021839
v -0.056415 0.078254 -0.028112
v -0.007572 0.894101 -0.045606
v -0.033672 0.921632 -0.117549
v -0.010824 0.428126 0.040981
v -0.056415 0.428224 0.065768
v -0.115018 0.428220 0.058851
v -0.147778 0.436261 0.014660
v -0.121370 0.442298 -0.052631
v -0.009331 0.442201 -0.043149
v -0.145646 0.932980 -0.095039
v -0.167353 0.921873 0.016440
v -0.126632 0.921873 0.097749
v -0.016155 0.794196 0.065152
v -0.016174 0.794196 -0.035130
v -0.050236 0.794196 -0.063315
v -0.121938 0.794196 -0.047161
v -0.163217 0.794196 0.016440
v -0.123955 0.794196 0.091930
v -0.050236 0.794196 0.107182
v -0.010620 0.794196 0.016440
v -0.015554 0.862709 0.066171
v -0.015575 0.873487 -0.016129
v -0.126645 0.848424 -0.032251
v -0.126426 0.862709 0.091949
v -0.049354 0.862709 0.109998
v -0.009694 0.862709 0.016440
v -0.049866 0.858635 -0.051356
v -0.167957 0.863934 0.016440
v -0.030988 0.998623 -0.117615
v -0.134446 1.009075 -0.087427
v -0.157918 0.983752 0.016440
v -0.129025 0.977070 0.091635
v -0.064838 0.977070 0.118354
v -0.018467 0.872989 0.060519
v -0.012542 0.883794 -0.030868
v -0.136780 0.888504 -0.066433
v -0.126529 0.888255 0.094849
v -0.049354 0.888255 0.110831
v -0.011210 0.870419 0.016440
v -0.047819 0.868344 -0.087241
v -0.166429 0.888255 0.016440
v -0.180268 1.361942 -0.040494
v -0.164678 1.292082 -0.031238
v -0.184832 1.383614 0.000698
v -0.164504 1.288375 0.012649
v -0.142091 1.391248 0.001503
v -0.182409 1.367996 0.045039
v -0.124370 1.255769 0.015112
v -0.155413 1.320324 -0.055172
v -0.564392 1.357650 0.006672
v -0.564392 1.321384 0.042092
v -0.564392 1.289903 0.006672
v -0.564392 1.321384 -0.031347
v -0.564392 1.297604 -0.019592
v -0.564392 1.344806 -0.022452
v -0.564392 1.297319 0.027724
v -0.564392 1.342815 0.028762
v -0.260739 1.354940 0.030425
v -0.260732 1.370023 -0.003667
v -0.260733 1.353460 -0.037719
v -0.260734 1.320250 -0.051764
v -0.260728 1.293019 -0.029939
v -0.260736 1.320250 0.050525
v -0.260729 1.283616 0.003069
v -0.260730 1.292682 0.033289
v -0.347331 1.294556 0.024145
v -0.423536 1.295663 0.019276
v -0.385434 1.295110 0.014710
v -0.423538 1.288060 0.002369
v -0.347329 1.286293 0.002876
v -0.385434 1.287176 0.002702
v -0.347339 1.320682 -0.047818
v -0.423528 1.320943 -0.044863
v -0.385434 1.320812 -0.052500
v -0.423530 1.345068 -0.032446
v -0.347338 1.347989 -0.034967
v -0.385434 1.346112 -0.037364
v -0.423539 1.295966 -0.023585
v -0.347328 1.294873 -0.024907
v -0.385434 1.295419 -0.028824
v -0.347336 1.362688 -0.006434
v -0.423532 1.358397 -0.003213
v -0.385434 1.360105 -0.011282
v -0.423518 1.344955 0.020235
v -0.347350 1.348641 0.025209
v -0.385434 1.346377 0.015223
v -0.423524 1.320943 0.030906
v -0.347343 1.320682 0.038111
v -0.385434 1.320812 0.026054
v -0.479120 1.321139 0.041142
v -0.479128 1.292551 0.028187
v -0.479129 1.284401 0.001085
v -0.479130 1.292889 -0.023337
v -0.479123 1.321139 -0.038672
v -0.479124 1.346639 -0.027560
v -0.479125 1.360658 0.001085
v -0.479117 1.345608 0.027670
v -0.038239 1.393156 -0.049587
v -0.066011 1.398220 0.032428
v -0.080030 1.402011 0.000078
v -0.065526 1.399149 -0.031097
v -0.039389 1.386570 0.055520
v -0.624460 1.339650 -0.016600
v -0.624460 1.305406 0.027945
v -0.624460 1.305909 -0.015272
v -0.624460 1.322487 0.038825
v -0.624460 1.322567 -0.024841
v -0.624460 1.339402 0.028486
v -0.624460 1.300716 0.006717
v -0.624460 1.346003 0.006727
v 0.000000 1.464131 -0.036279
v 0.000000 1.441836 -0.036602
v 0.000000 1.470033 -0.031804
v 0.000000 1.420515 -0.036924
v 0.000000 1.354214 -0.072246
v 0.000000 1.402835 -0.043871
v 0.000000 1.336345 0.094657
v 0.000000 1.402835 0.041717
v 0.000000 1.420515 0.035050
v 0.000000 1.441836 0.034614
v 0.000000 1.464132 0.034178
v 0.000000 1.470033 0.026401
v 0.000000 1.080103 -0.046139
v 0.000000 1.069324 0.118824
v 0.000000 1.320324 -0.074876
v 0.000000 1.308552 0.118142
v 0.000000 1.279249 -0.072227
v 0.000000 1.270938 0.126139
v 0.000000 1.236488 -0.051787
v 0.000000 1.229011 0.136989
v 0.000000 1.156566 -0.038169
v 0.000000 1.156566 0.100232
v 0.000000 1.110860 -0.037905
v 0.000000 1.110860 0.107086
v 0.000000 1.191817 -0.044491
v 0.000000 1.204754 0.103087
v 0.000000 1.379269 -0.062422
v 0.000000 1.364991 0.077471
v 0.000000 1.031364 0.123857
v 0.000000 1.049514 -0.070976
v 0.000000 0.913801 0.107369
v 0.000000 0.883269 0.057502
v 0.000000 0.878129 0.016440
v 0.000000 0.899720 -0.043160
v 0.000000 0.930010 -0.074222
v 0.000000 1.002026 -0.094768
v 0.000000 0.977070 0.127277
v 0.000000 1.393156 -0.052349
v 0.000000 1.386570 0.056750
v -0.034196 1.132117 -0.045791
v -0.047592 1.132117 0.101368
v -0.093846 1.132117 0.016440
v 0.000000 1.132117 -0.038037
v -0.072936 1.132117 -0.024782
v 0.000000 1.132117 0.103659
v -0.081620 1.132117 0.069879
v -0.690775 1.350641 0.025824
v -0.709029 1.350389 0.026010
v -0.725847 1.349125 0.026725
v -0.725847 1.306960 0.026725
v -0.709029 1.301232 0.026010
v -0.690775 1.296302 0.025046
v -0.649952 1.303458 0.019703
v -0.735981 1.351385 0.007170
v -0.735981 1.308237 0.007170
v -0.649952 1.346283 0.020036
v -0.669215 1.348466 0.025023
v -0.667989 1.299607 0.024329
v -0.649952 1.346198 -0.005169
v -0.669289 1.349711 -0.007091
v -0.690336 1.350695 -0.010954
v -0.709283 1.350109 -0.012198
v -0.725791 1.349125 -0.012944
v -0.725791 1.310068 -0.012944
v -0.709283 1.303280 -0.011923
v -0.690336 1.300730 -0.010680
v -0.669289 1.303297 -0.007038
v -0.649952 1.306986 -0.004619
v -0.736006 1.308237 0.026605
v -0.736006 1.348692 0.026605
v -0.735978 1.348692 -0.013721
v -0.735978 1.311346 -0.013721
v -0.803489 1.315404 0.026611
v -0.808987 1.345410 0.026611
v -0.809016 1.342717 0.043105
v -0.813312 1.328771 0.049222
v -0.803519 1.315404 0.043105
v -0.797584 1.342717 -0.030361
v -0.797588 1.345410 -0.014481
v -0.792091 1.315404 -0.014481
v -0.792087 1.315404 -0.030194
v -0.801898 1.328771 -0.033279
v -0.810547 1.348104 0.007169
v -0.805049 1.315404 0.007169
v -0.805045 1.315404 -0.014480
v -0.810543 1.345410 -0.014480
v -0.815347 1.348104 0.007162
v -0.815377 1.345410 0.026598
v -0.809879 1.315404 0.026598
v -0.809850 1.315404 0.007162
v -0.771793 1.347483 0.026602
v -0.771793 1.350176 0.007166
v -0.771793 1.318558 0.026602
v -0.771793 1.318558 0.007166
v -0.760291 1.347483 0.026608
v -0.760291 1.316585 0.026608
v -0.760291 1.344789 0.043102
v -0.760291 1.328771 0.047603
v -0.760291 1.316585 0.043102
v -0.767320 1.318558 0.007170
v -0.767320 1.350176 0.007170
v -0.767320 1.318558 -0.014480
v -0.767320 1.347483 -0.014480
v -0.757927 1.347483 -0.014480
v -0.757927 1.344789 -0.031271
v -0.757927 1.316585 -0.014480
v -0.757927 1.316585 -0.031104
v -0.757927 1.328771 -0.036605
v -0.735981 1.328192 0.007170
v -0.736006 1.328192 0.026605
v -0.735978 1.328192 -0.013721
v -0.813310 1.328771 0.024699
v -0.801911 1.328771 -0.014481
v -0.821078 1.328771 0.005673
v -0.821074 1.328771 -0.016282
v -0.825908 1.328771 0.030499
v -0.825879 1.328771 0.005938
v -0.771793 1.328771 0.007166
v -0.771793 1.328771 0.026602
v -0.760291 1.328771 0.026608
v -0.767320 1.328771 -0.014480
v -0.767320 1.328771 0.007170
v -0.757927 1.328771 -0.014480
v -0.779032 1.346447 0.026610
v -0.779032 1.343753 0.043104
v -0.779032 1.328771 0.047588
v -0.779032 1.318550 0.043104
v -0.779032 1.318550 0.026610
v -0.784654 1.328771 0.026610
v -0.788322 1.346447 0.026600
v -0.788322 1.318550 0.026600
v -0.788322 1.318550 0.007164
v -0.788322 1.349140 0.007164
v -0.788322 1.328771 0.007164
v -0.788322 1.328771 0.026600
v -0.786674 1.318550 0.007169
v -0.786674 1.318550 -0.014480
v -0.786674 1.346447 -0.014480
v -0.786674 1.349140 0.007169
v -0.786674 1.328771 -0.014480
v -0.786674 1.328771 0.007169
v -0.772476 1.346447 -0.014481
v -0.772476 1.318550 -0.014481
v -0.772476 1.318550 -0.030194
v -0.772476 1.328771 -0.036232
v -0.772476 1.343753 -0.031138
v -0.772476 1.328771 -0.014481
v -0.787519 1.345928 -0.014481
v -0.783578 1.316977 -0.014481
v -0.783578 1.316977 -0.030194
v -0.781780 1.328771 -0.035983
v -0.787519 1.343235 -0.030750
v -0.781780 1.328771 -0.014481
v -0.798191 1.316977 0.007169
v -0.798191 1.316977 -0.014480
v -0.802132 1.345928 -0.014480
v -0.802132 1.348622 0.007169
v -0.796394 1.328771 -0.015381
v -0.796394 1.328771 0.006421
v -0.801853 1.345928 0.026599
v -0.796713 1.316977 0.026599
v -0.796684 1.316977 0.007163
v -0.801823 1.348622 0.007163
v -0.809836 1.328771 0.006551
v -0.809866 1.328771 0.028549
v -0.796555 1.345928 0.026610
v -0.796555 1.343235 0.043104
v -0.790816 1.328771 0.048405
v -0.792614 1.316977 0.043104
v -0.792614 1.316977 0.026610
v -0.790816 1.328771 0.025654
v -0.747239 1.345669 -0.031111
v -0.747242 1.348362 -0.013928
v -0.747289 1.312854 -0.013928
v -0.747286 1.312854 -0.030944
v -0.747231 1.328019 -0.036352
v -0.747289 1.328019 -0.013928
v -0.749513 1.351018 0.007170
v -0.749513 1.313015 0.007170
v -0.749510 1.313015 -0.013952
v -0.749510 1.348324 -0.013952
v -0.749513 1.328019 0.007170
v -0.749510 1.328019 -0.013952
v -0.751056 1.350961 0.007169
v -0.751083 1.348268 0.026604
v -0.751083 1.313255 0.026604
v -0.751056 1.313255 0.007169
v -0.751083 1.328019 0.026604
v -0.751056 1.328019 0.007169
v -0.746504 1.312895 0.026606
v -0.746504 1.348353 0.026606
v -0.746531 1.345659 0.042697
v -0.746437 1.328019 0.047199
v -0.746531 1.312895 0.042697
v -0.746504 1.328019 0.026606
v -0.639631 1.307107 0.029842
v -0.639585 1.322627 0.038818
v -0.639650 1.339137 0.030318
v -0.639605 1.342647 -0.017116
v -0.639585 1.326626 -0.023717
v -0.639581 1.307729 -0.015964
v -0.639769 1.302530 0.018603
v -0.639566 1.302819 -0.004638
v -0.639664 1.344520 -0.005193
v -0.639845 1.344840 0.018963
vt 0.458128 0.309400
vt 0.463096 0.321975
vt 0.452774 0.327473
vt 0.446109 0.315698
vt 0.491805 0.294803
vt 0.484103 0.299124
vt 0.478752 0.290863
vt 0.487895 0.287749
vt 0.432999 0.313185
vt 0.442801 0.330574
vt 0.432355 0.324925
vt 0.447848 0.336645
vt 0.442883 0.344215
vt 0.438305 0.340796
vt 0.432006 0.339320
vt 0.458143 0.340963
vt 0.452452 0.343765
vt 0.445694 0.349847
vt 0.453731 0.354347
vt 0.452025 0.353805
vt 0.447588 0.354585
vt 0.412020 0.349561
vt 0.411639 0.340718
vt 0.418818 0.347106
vt 0.415369 0.351983
vt 0.410448 0.349166
vt 0.404951 0.337077
vt 0.415993 0.333442
vt 0.421674 0.343749
vt 0.410920 0.324033
vt 0.419908 0.311656
vt 0.422884 0.326367
vt 0.425849 0.340652
vt 0.431200 0.350407
vt 0.427859 0.350862
vt 0.425440 0.352452
vt 0.429145 0.355378
vt 0.427946 0.356622
vt 0.430902 0.355702
vt 0.434622 0.351307
vt 0.432874 0.355968
vt 0.437234 0.353592
vt 0.433692 0.357406
vt 0.439422 0.355967
vt 0.435447 0.358096
vt 0.441322 0.358474
vt 0.435656 0.361455
vt 0.423362 0.353921
vt 0.420183 0.357060
vt 0.426127 0.357260
vt 0.425300 0.360259
vt 0.430329 0.359604
vt 0.408458 0.305108
vt 0.411223 0.294514
vt 0.420254 0.297932
vt 0.397081 0.288342
vt 0.403987 0.290481
vt 0.398832 0.300832
vt 0.391696 0.296609
vt 0.401664 0.317274
vt 0.434435 0.300009
vt 0.447421 0.299584
vt 0.476715 0.302559
vt 0.467310 0.306190
vt 0.464717 0.293964
vt 0.472158 0.292938
vt 0.386053 0.292546
vt 0.381578 0.288687
vt 0.386230 0.282549
vt 0.390794 0.285060
vt 0.457014 0.297190
vt 0.482871 0.311571
vt 0.472725 0.317444
vt 0.496753 0.301747
vt 0.489281 0.307500
vt 0.502832 0.307671
vt 0.496928 0.314434
vt 0.490630 0.320081
vt 0.479640 0.329170
vt 0.468919 0.334725
vt 0.473353 0.344219
vt 0.463036 0.350094
vt 0.498658 0.326129
vt 0.487970 0.337623
vt 0.506924 0.310153
vt 0.503400 0.317624
vt 0.368017 0.297341
vt 0.370527 0.303389
vt 0.364041 0.304996
vt 0.363540 0.298639
vt 0.365502 0.314883
vt 0.374658 0.310668
vt 0.382899 0.320636
vt 0.373870 0.329180
vt 0.388295 0.338661
vt 0.394104 0.329296
vt 0.399246 0.344575
vt 0.407703 0.350700
vt 0.478166 0.354950
vt 0.465947 0.357416
vt 0.404589 0.353985
vt 0.396642 0.352040
vt 0.455149 0.356823
vt 0.450155 0.246319
vt 0.461225 0.246402
vt 0.461826 0.279251
vt 0.448644 0.280810
vt 0.511376 0.311826
vt 0.509170 0.319662
vt 0.384064 0.303833
vt 0.391818 0.310544
vt 0.375319 0.293634
vt 0.379225 0.298765
vt 0.741343 0.891697
vt 0.740866 0.891046
vt 0.741121 0.890749
vt 0.741846 0.891596
vt 0.739555 0.890558
vt 0.739585 0.890149
vt 0.742563 0.889052
vt 0.743840 0.890591
vt 0.742156 0.892985
vt 0.744466 0.892987
vt 0.741590 0.892968
vt 0.753088 0.892168
vt 0.748173 0.892771
vt 0.747108 0.888797
vt 0.750831 0.886632
vt 0.732379 0.887957
vt 0.731060 0.891693
vt 0.726533 0.890578
vt 0.729036 0.884507
vt 0.744948 0.886153
vt 0.739698 0.887972
vt 0.746520 0.882116
vt 0.747137 0.876479
vt 0.747006 0.870720
vt 0.755181 0.875224
vt 0.753094 0.881686
vt 0.756744 0.891435
vt 0.748217 0.863764
vt 0.759112 0.869507
vt 0.739856 0.884193
vt 0.761899 0.890002
vt 0.770286 0.886697
vt 0.725384 0.878862
vt 0.733443 0.875212
vt 0.734214 0.880243
vt 0.507701 0.330908
vt 0.735357 0.885458
vt 0.740024 0.880171
vt 0.735428 0.890144
vt 0.734624 0.892339
vt 0.736954 0.892615
vt 0.737280 0.891275
vt 0.737898 0.891391
vt 0.737739 0.892679
vt 0.738229 0.890485
vt 0.738436 0.890801
vt 0.737156 0.888578
vt 0.735422 0.859429
vt 0.741103 0.861015
vt 0.741008 0.863593
vt 0.730947 0.863383
vt 0.720608 0.888520
vt 0.728677 0.847557
vt 0.726073 0.853629
vt 0.717057 0.854134
vt 0.718413 0.845180
vt 0.732712 0.869026
vt 0.740917 0.868229
vt 0.740523 0.873690
vt 0.805266 0.768398
vt 0.777874 0.765755
vt 0.774993 0.744891
vt 0.809839 0.748878
vt 0.688892 0.766621
vt 0.661350 0.768761
vt 0.660433 0.743483
vt 0.687707 0.743557
vt 0.827145 0.772026
vt 0.828464 0.753167
vt 0.751201 0.848203
vt 0.742469 0.841673
vt 0.743471 0.834740
vt 0.759534 0.847525
vt 0.715809 0.766987
vt 0.716172 0.742416
vt 0.711468 0.868096
vt 0.703661 0.859567
vt 0.747434 0.764879
vt 0.746226 0.746442
vt 0.764870 0.863424
vt 0.781061 0.880315
vt 0.703578 0.878381
vt 0.694697 0.869368
vt 0.754226 0.857190
vt 0.700967 0.849822
vt 0.747691 0.764888
vt 0.746543 0.746432
vt 0.772483 0.851521
vt 0.794207 0.868343
vt 0.686534 0.858141
vt 0.405176 0.052940
vt 0.408136 0.091169
vt 0.389339 0.094076
vt 0.383036 0.055154
vt 0.696712 0.838514
vt 0.719465 0.832560
vt 0.783411 0.835290
vt 0.806175 0.848638
vt 0.678766 0.842809
vt 0.762996 0.827967
vt 0.722761 0.811186
vt 0.695799 0.811237
vt 0.692771 0.792707
vt 0.718043 0.791854
vt 0.745349 0.824426
vt 0.737812 0.857708
vt 0.741305 0.858732
vt 0.816419 0.824372
vt 0.794010 0.818082
vt 0.799352 0.797507
vt 0.822508 0.802082
vt 0.670968 0.823458
vt 0.664649 0.796745
vt 0.766913 0.813162
vt 0.771518 0.793518
vt 0.716857 0.777846
vt 0.690598 0.778753
vt 0.746487 0.810306
vt 0.747759 0.792172
vt 0.746217 0.810280
vt 0.747481 0.792159
vt 0.825490 0.785838
vt 0.802690 0.781912
vt 0.662525 0.781855
vt 0.775068 0.778729
vt 0.747672 0.777871
vt 0.747905 0.777878
vt 0.719893 0.874557
vt 0.712398 0.884464
vt 0.449685 0.037917
vt 0.447740 0.090607
vt 0.427250 0.090041
vt 0.427473 0.049594
vt 0.745140 0.824396
vt 0.743333 0.834714
vt 0.742339 0.841661
vt 0.485129 0.049669
vt 0.479094 0.096750
vt 0.463857 0.093351
vt 0.466511 0.045893
vt 0.698297 0.702153
vt 0.722686 0.708468
vt 0.717654 0.727124
vt 0.693028 0.725391
vt 0.805558 0.703330
vt 0.791356 0.681469
vt 0.808227 0.660207
vt 0.823352 0.700259
vt 0.748682 0.634583
vt 0.725075 0.645838
vt 0.721768 0.637615
vt 0.748817 0.628337
vt 0.746387 0.860150
vt 0.745346 0.728786
vt 0.774246 0.728569
vt 0.809981 0.724464
vt 0.745648 0.728785
vt 0.772689 0.713134
vt 0.768429 0.697531
vt 0.827900 0.730017
vt 0.667240 0.691805
vt 0.661841 0.721778
vt 0.750600 0.675892
vt 0.746394 0.672940
vt 0.746467 0.671147
vt 0.751846 0.669697
vt 0.717055 0.631196
vt 0.748814 0.623684
vt 0.704985 0.673511
vt 0.685008 0.656006
vt 0.739801 0.664401
vt 0.743204 0.670214
vt 0.742363 0.671119
vt 0.736466 0.669409
vt 0.750102 0.665800
vt 0.745939 0.670447
vt 0.744555 0.671927
vt 0.744488 0.671958
vt 0.744484 0.671954
vt 0.744537 0.671888
vt 0.744604 0.669802
vt 0.744484 0.671582
vt 0.744213 0.671704
vt 0.744115 0.671870
vt 0.744126 0.672171
vt 0.742539 0.673131
vt 0.724988 0.693544
vt 0.745113 0.697959
vt 0.744989 0.711718
vt 0.738474 0.676434
vt 0.745281 0.679170
vt 0.744810 0.674336
vt 0.744506 0.672406
vt 0.744768 0.674366
vt 0.744872 0.672177
vt 0.744859 0.671801
vt 0.744561 0.671992
vt 0.744670 0.672061
vt 0.744480 0.672192
vt 0.744490 0.672068
vt 0.744726 0.671637
vt 0.745100 0.663513
vt 0.744578 0.671786
vt 0.744666 0.671877
vt 0.744446 0.671764
vt 0.744314 0.671838
vt 0.744390 0.671888
vt 0.744473 0.671861
vt 0.744363 0.671934
vt 0.744274 0.671919
vt 0.744373 0.672016
vt 0.744276 0.672057
vt 0.745181 0.679190
vt 0.744480 0.671970
vt 0.744488 0.671966
vt 0.744476 0.671952
vt 0.744480 0.671962
vt 0.744480 0.671962
vt 0.744480 0.671962
vt 0.744480 0.671962
vt 0.744480 0.671962
vt 0.744480 0.671961
vt 0.744479 0.671962
vt 0.744480 0.671962
vt 0.744480 0.671962
vt 0.744480 0.671962
vt 0.744480 0.671962
vt 0.744480 0.671962
vt 0.744480 0.671962
vt 0.744480 0.671962
vt 0.744480 0.671962
vt 0.744479 0.671962
vt 0.744480 0.671962
vt 0.744480 0.671962
vt 0.744479 0.671962
vt 0.744480 0.671962
vt 0.744480 0.671962
vt 0.744479 0.671963
vt 0.744473 0.671969
vt 0.744480 0.671963
vt 0.744480 0.671962
vt 0.745522 0.685971
vt 0.755182 0.681867
vt 0.744470 0.671961
vt 0.744473 0.671954
vt 0.785968 0.642468
vt 0.789940 0.638262
vt 0.748601 0.639134
vt 0.764991 0.642687
vt 0.745485 0.690897
vt 0.761958 0.688847
vt 0.722753 0.668359
vt 0.732320 0.682960
vt 0.767984 0.666645
vt 0.728325 0.651026
vt 0.776694 0.672623
vt 0.715194 0.669952
vt 0.774381 0.642312
vt 0.728916 0.686978
vt 0.745422 0.685960
vt 0.745249 0.711719
vt 0.745262 0.697942
vt 0.745386 0.690900
vt 0.506133 0.054546
vt 0.495487 0.100264
vt 0.522072 0.065009
vt 0.512085 0.104112
vt 0.372113 0.097610
vt 0.362459 0.059221
vt 0.749848 0.855659
vt 0.465645 0.206287
vt 0.477431 0.206722
vt 0.474489 0.246752
vt 0.397844 0.202232
vt 0.412582 0.203176
vt 0.412719 0.243965
vt 0.397525 0.242884
vt 0.484815 0.141971
vt 0.470281 0.139147
vt 0.411012 0.135615
vt 0.394758 0.137219
vt 0.501580 0.145045
vt 0.426533 0.204589
vt 0.439100 0.205943
vt 0.437149 0.246070
vt 0.425383 0.245462
vt 0.395886 0.273205
vt 0.408679 0.276703
vt 0.399885 0.282243
vt 0.393479 0.279636
vt 0.444136 0.134398
vt 0.428599 0.134486
vt 0.458923 0.136807
vt 0.476721 0.284473
vt 0.486384 0.282398
vt 0.421136 0.289301
vt 0.435037 0.290950
vt 0.388022 0.277516
vt 0.474425 0.277504
vt 0.470038 0.285946
vt 0.447752 0.290375
vt 0.413141 0.175865
vt 0.396774 0.175304
vt 0.394874 0.156293
vt 0.410004 0.155642
vt 0.456131 0.288982
vt 0.747255 0.854864
vt 0.747422 0.850765
vt 0.453009 0.206155
vt 0.384742 0.202208
vt 0.386599 0.242678
vt 0.379932 0.138922
vt 0.492384 0.207943
vt 0.485952 0.247886
vt 0.455793 0.178889
vt 0.441043 0.178173
vt 0.442593 0.156494
vt 0.458849 0.158018
vt 0.427231 0.176957
vt 0.426453 0.155748
vt 0.479430 0.180095
vt 0.465433 0.179212
vt 0.466707 0.158930
vt 0.483458 0.161129
vt 0.495560 0.181585
vt 0.500327 0.163500
vt 0.744888 0.858058
vt 0.383525 0.175713
vt 0.380514 0.157359
vt 0.736497 0.849626
vt 0.733329 0.853827
vt 0.742342 0.848393
vt 0.747220 0.854908
vt 0.742203 0.848455
vt 0.435410 0.281241
vt 0.388382 0.271483
vt 0.422381 0.279874
vt 0.484619 0.276497
vt 0.382318 0.350102
vt 0.365066 0.336680
vt 0.355447 0.316596
vt 0.358276 0.305022
vt 0.456833 0.361094
vt 0.359095 0.299163
vt 0.494713 0.346044
vt 0.462777 0.395818
vt 0.463801 0.398394
vt 0.457526 0.396714
vt 0.459970 0.394284
vt 0.467204 0.393599
vt 0.464382 0.391448
vt 0.401451 0.383247
vt 0.402231 0.386421
vt 0.399610 0.387062
vt 0.398247 0.384317
vt 0.405996 0.382775
vt 0.405260 0.388783
vt 0.461058 0.390279
vt 0.456001 0.390916
vt 0.334484 0.294338
vt 0.333589 0.296337
vt 0.330432 0.296665
vt 0.333105 0.292314
vt 0.335398 0.297930
vt 0.336792 0.295224
vt 0.332765 0.300804
vt 0.536347 0.316840
vt 0.539612 0.316009
vt 0.540784 0.318625
vt 0.537164 0.319713
vt 0.536684 0.312328
vt 0.542013 0.314283
vt 0.338260 0.292081
vt 0.537506 0.364860
vt 0.535484 0.361904
vt 0.536670 0.359339
vt 0.540667 0.360041
vt 0.329826 0.342774
vt 0.323537 0.341072
vt 0.326671 0.338792
vt 0.329088 0.338332
vt 0.533918 0.357204
vt 0.532155 0.360339
vt 0.537564 0.354564
vt 0.325904 0.336507
vt 0.328058 0.335361
vt 0.513712 0.392516
vt 0.507888 0.395950
vt 0.507015 0.391438
vt 0.510491 0.389188
vt 0.351938 0.374990
vt 0.349277 0.377194
vt 0.347508 0.375233
vt 0.348955 0.372399
vt 0.353369 0.379873
vt 0.348158 0.381834
vt 0.508150 0.385029
vt 0.504573 0.387122
vt 0.513252 0.386562
vt 0.504202 0.360885
vt 0.506739 0.370624
vt 0.501739 0.372308
vt 0.496981 0.359867
vt 0.496754 0.375249
vt 0.488970 0.364575
vt 0.373572 0.364414
vt 0.365562 0.369433
vt 0.361585 0.364910
vt 0.370274 0.356385
vt 0.356526 0.360765
vt 0.362404 0.349547
vt 0.473457 0.366624
vt 0.469392 0.376120
vt 0.464634 0.374425
vt 0.466131 0.364823
vt 0.457706 0.374178
vt 0.457781 0.366610
vt 0.403118 0.359158
vt 0.403402 0.366636
vt 0.397552 0.367608
vt 0.396177 0.358954
vt 0.392078 0.369114
vt 0.387669 0.359741
vt 0.477819 0.371404
vt 0.473543 0.378605
vt 0.352673 0.334808
vt 0.341757 0.335876
vt 0.339802 0.330059
vt 0.349222 0.324855
vt 0.520589 0.338178
vt 0.526163 0.344770
vt 0.522081 0.348808
vt 0.513190 0.340750
vt 0.519275 0.353524
vt 0.507995 0.349190
vt 0.349233 0.342774
vt 0.342017 0.341478
vt 0.352033 0.303338
vt 0.346660 0.300538
vt 0.348637 0.296506
vt 0.353762 0.298269
vt 0.517553 0.312833
vt 0.523722 0.312857
vt 0.523771 0.319144
vt 0.516526 0.320240
vt 0.525106 0.323502
vt 0.517533 0.326672
vt 0.343221 0.312444
vt 0.340355 0.308168
vt 0.343882 0.304840
vt 0.349173 0.309648
vt 0.527401 0.327929
vt 0.521923 0.330964
vt 0.517669 0.358187
vt 0.508892 0.355867
vt 0.336507 0.324895
vt 0.341991 0.319635
vt 0.387062 0.372061
vt 0.382469 0.365107
vt 0.492773 0.378629
vt 0.485672 0.371110
vt 0.350920 0.358032
vt 0.353196 0.349538
vt 0.343345 0.377864
vt 0.343706 0.372120
vt 0.503268 0.392369
vt 0.321957 0.336062
vt 0.325387 0.331519
vt 0.530743 0.363758
vt 0.543605 0.319935
vt 0.539120 0.323014
vt 0.398925 0.390981
vt 0.394549 0.386647
vt 0.395384 0.377755
vt 0.390993 0.380602
vt 0.466725 0.384912
vt 0.462421 0.383101
vt 0.456573 0.382483
vt 0.404927 0.374656
vt 0.399815 0.375875
vt 0.470028 0.387246
vt 0.501124 0.381832
vt 0.497870 0.385182
vt 0.352456 0.367073
vt 0.347182 0.364620
vt 0.509915 0.378308
vt 0.505378 0.379428
vt 0.359894 0.374613
vt 0.356470 0.370234
vt 0.526940 0.357658
vt 0.525098 0.361372
vt 0.332899 0.333105
vt 0.330462 0.328305
vt 0.334304 0.337382
vt 0.532374 0.349938
vt 0.529246 0.353832
vt 0.335200 0.342307
vt 0.531570 0.321463
vt 0.533117 0.325473
vt 0.341795 0.297699
vt 0.343570 0.294168
vt 0.530167 0.312518
vt 0.530419 0.317929
vt 0.336669 0.304556
vt 0.339441 0.301183
vt 0.519653 0.333753
vt 0.344277 0.315630
vt 0.505224 0.356640
vt 0.352525 0.344970
vt 0.480673 0.369194
vt 0.379304 0.363141
vt 0.412959 0.287015
vt 0.122290 0.304312
vt 0.133905 0.311248
vt 0.120616 0.321880
vt 0.114649 0.317833
vt 0.091480 0.282848
vt 0.097157 0.277173
vt 0.105566 0.282259
vt 0.098539 0.289928
vt 0.149472 0.313187
vt 0.149170 0.321671
vt 0.136783 0.325304
vt 0.129343 0.332512
vt 0.137158 0.336370
vt 0.131807 0.339996
vt 0.148671 0.334159
vt 0.120969 0.338926
vt 0.115088 0.335777
vt 0.124310 0.341594
vt 0.121093 0.349459
vt 0.118762 0.349680
vt 0.122614 0.349955
vt 0.168002 0.354487
vt 0.166375 0.354278
vt 0.166477 0.343898
vt 0.173659 0.342580
vt 0.170215 0.355717
vt 0.180523 0.339645
vt 0.160094 0.342717
vt 0.168961 0.337309
vt 0.175308 0.325337
vt 0.160789 0.326067
vt 0.166450 0.311429
vt 0.155725 0.338134
vt 0.149359 0.351494
vt 0.146414 0.348766
vt 0.151667 0.353973
vt 0.147855 0.357590
vt 0.146654 0.355657
vt 0.145056 0.354982
vt 0.142225 0.354535
vt 0.140790 0.350245
vt 0.138205 0.352079
vt 0.140889 0.355850
vt 0.138818 0.356971
vt 0.136794 0.353871
vt 0.137678 0.361316
vt 0.132495 0.358428
vt 0.156570 0.360063
vt 0.153232 0.356357
vt 0.151368 0.362707
vt 0.150092 0.359013
vt 0.144598 0.360204
vt 0.177561 0.305484
vt 0.164748 0.295328
vt 0.174278 0.291895
vt 0.188834 0.284992
vt 0.195384 0.294161
vt 0.188128 0.299227
vt 0.182121 0.288401
vt 0.185390 0.319564
vt 0.149470 0.296972
vt 0.134470 0.294867
vt 0.104919 0.294334
vt 0.111280 0.285055
vt 0.118083 0.288147
vt 0.112259 0.298924
vt 0.201519 0.289379
vt 0.194681 0.281884
vt 0.201111 0.276837
vt 0.207485 0.281702
vt 0.125851 0.291542
vt 0.104064 0.310119
vt 0.095867 0.302369
vt 0.090141 0.296155
vt 0.084522 0.287725
vt 0.081527 0.299908
vt 0.078001 0.290960
vt 0.094241 0.320215
vt 0.086149 0.308801
vt 0.106780 0.329864
vt 0.107467 0.348497
vt 0.096931 0.342556
vt 0.082488 0.329636
vt 0.073504 0.313030
vt 0.072565 0.300790
vt 0.071749 0.292247
vt 0.222279 0.287229
vt 0.229059 0.286578
vt 0.231385 0.297101
vt 0.220983 0.297563
vt 0.232399 0.312354
vt 0.222691 0.334799
vt 0.207928 0.322331
vt 0.217437 0.308373
vt 0.202690 0.349853
vt 0.187760 0.354567
vt 0.193799 0.333536
vt 0.174371 0.360615
vt 0.105106 0.354332
vt 0.090978 0.351693
vt 0.177151 0.364760
vt 0.189430 0.362216
vt 0.115460 0.354351
vt 0.136112 0.242383
vt 0.136184 0.276186
vt 0.123260 0.273383
vt 0.125786 0.241787
vt 0.067259 0.300365
vt 0.067584 0.292190
vt 0.196799 0.310829
vt 0.205647 0.301895
vt 0.215015 0.285473
vt 0.210997 0.294484
vt 0.741234 0.894267
vt 0.741768 0.894405
vt 0.740947 0.895293
vt 0.740686 0.894964
vt 0.739299 0.895807
vt 0.739347 0.895366
vt 0.743929 0.895537
vt 0.742503 0.897298
vt 0.752890 0.898874
vt 0.747857 0.897288
vt 0.730663 0.896027
vt 0.725064 0.897970
vt 0.745635 0.900944
vt 0.739064 0.898329
vt 0.748585 0.906594
vt 0.751704 0.916388
vt 0.758487 0.904105
vt 0.767256 0.911753
vt 0.755408 0.930057
vt 0.781603 0.915973
vt 0.769363 0.953151
vt 0.738595 0.903610
vt 0.716243 0.901155
vt 0.728588 0.907048
vt 0.723352 0.914745
vt 0.064078 0.314422
vt 0.732948 0.900303
vt 0.737951 0.910089
vt 0.734782 0.894793
vt 0.737721 0.894019
vt 0.737044 0.894033
vt 0.738223 0.894757
vt 0.737922 0.895067
vt 0.736239 0.897028
vt 0.688544 0.962449
vt 0.694364 0.934921
vt 0.732433 0.961332
vt 0.729768 0.978052
vt 0.636718 0.915966
vt 0.649327 0.890790
vt 0.666475 0.896291
vt 0.659323 0.920768
vt 0.737215 0.923663
vt 0.736185 0.939968
vt 0.712820 0.926455
vt 0.851834 0.772881
vt 0.849144 0.749087
vt 0.897551 0.744348
vt 0.888387 0.776212
vt 0.630189 0.771031
vt 0.629520 0.741746
vt 0.857508 0.943507
vt 0.840882 0.918387
vt 0.907275 0.919843
vt 0.904549 0.939597
vt 0.593939 0.777740
vt 0.588421 0.740016
vt 0.681986 0.876648
vt 0.692300 0.889216
vt 0.547095 0.788597
vt 0.535871 0.754986
vt 0.798618 0.909163
vt 0.812614 0.948073
vt 0.671278 0.867946
vt 0.949187 0.754580
vt 0.933632 0.788082
vt 0.820908 0.891816
vt 0.186558 0.063639
vt 0.206790 0.067158
vt 0.198755 0.102606
vt 0.181407 0.098945
vt 0.629854 0.873903
vt 0.661522 0.854772
vt 0.835432 0.862542
vt 0.870868 0.879900
vt 0.605006 0.845293
vt 0.600724 0.813692
vt 0.633739 0.803441
vt 0.639427 0.826821
vt 0.910181 0.890412
vt 0.166526 0.045916
vt 0.188321 0.054065
vt 0.165989 0.058251
vt 0.848134 0.808455
vt 0.841140 0.834692
vt 0.885325 0.818067
vt 0.879367 0.850973
vt 0.596379 0.793566
vt 0.631193 0.786117
vt 0.920539 0.826787
vt 0.916204 0.859907
vt 0.564782 0.856217
vt 0.558780 0.825492
vt 0.850930 0.789307
vt 0.887488 0.795725
vt 0.552550 0.805963
vt 0.927310 0.806233
vt 0.706010 0.898539
vt 0.145632 0.042955
vt 0.163431 0.096878
vt 0.143770 0.096446
vt 0.570579 0.885324
vt 0.580993 0.911752
vt 0.587313 0.926647
vt 0.107065 0.054125
vt 0.126849 0.049773
vt 0.128336 0.098595
vt 0.113613 0.101748
vt 0.629602 0.681056
vt 0.625234 0.716569
vt 0.585441 0.712706
vt 0.582316 0.671506
vt 0.841843 0.692645
vt 0.835652 0.654530
vt 0.748767 0.611270
vt 0.748808 0.618694
vt 0.714985 0.621924
vt 0.708878 0.611790
vt 0.772015 0.977212
vt 0.525626 0.719584
vt 0.845610 0.720105
vt 0.899287 0.716031
vt 0.963896 0.718017
vt 0.895908 0.685174
vt 0.889158 0.645863
vt 0.870594 0.536259
vt 0.817532 0.542698
vt 0.810076 0.477556
vt 0.857366 0.471661
vt 0.654264 0.637759
vt 0.708929 0.547383
vt 0.666701 0.545297
vt 0.674418 0.476312
vt 0.706956 0.477641
vt 0.785845 0.545405
vt 0.784538 0.478810
vt 0.800586 0.328940
vt 0.777358 0.331805
vt 0.771399 0.271365
vt 0.801053 0.269926
vt 0.746106 0.478353
vt 0.705709 0.397526
vt 0.748042 0.396879
vt 0.679219 0.397423
vt 0.625084 0.469946
vt 0.639871 0.395207
vt 0.521163 0.672598
vt 0.524737 0.621379
vt 0.593567 0.632796
vt 0.609739 0.537155
vt 0.924777 0.525530
vt 0.907322 0.460972
vt 0.564948 0.457468
vt 0.587076 0.384847
vt 0.802426 0.395927
vt 0.845567 0.393957
vt 0.834199 0.327329
vt 0.881179 0.330764
vt 0.887334 0.358351
vt 0.840962 0.360468
vt 0.778366 0.397355
vt 0.747378 0.547499
vt 0.770810 0.365330
vt 0.799574 0.363683
vt 0.738892 0.367586
vt 0.701181 0.369888
vt 0.705235 0.341994
vt 0.743472 0.337712
vt 0.681381 0.343004
vt 0.679160 0.370410
vt 0.647392 0.340155
vt 0.647385 0.368621
vt 0.546078 0.524381
vt 0.598501 0.331017
vt 0.599751 0.358966
vt 0.890342 0.386773
vt 0.840436 0.267006
vt 0.889424 0.260117
vt 0.736366 0.271890
vt 0.814114 0.061568
vt 0.790716 0.066578
vt 0.783888 0.020667
vt 0.805278 0.017467
vt 0.764134 0.178476
vt 0.789882 0.175999
vt 0.737842 0.178697
vt 0.755126 0.070429
vt 0.773813 0.068941
vt 0.741101 0.070812
vt 0.752274 0.023050
vt 0.769750 0.022093
vt 0.739801 0.023465
vt 0.727691 0.070986
vt 0.727425 0.023919
vt 0.720919 0.178612
vt 0.705537 0.070660
vt 0.709683 0.024207
vt 0.691613 0.176383
vt 0.689191 0.068437
vt 0.695492 0.022231
vt 0.659064 0.172383
vt 0.601575 0.263779
vt 0.641431 0.265237
vt 0.624421 0.164610
vt 0.661931 0.061460
vt 0.859564 0.162184
vt 0.821807 0.171630
vt 0.939448 0.573172
vt 0.885998 0.576744
vt 0.673809 0.016978
vt 0.682921 0.268768
vt 0.717894 0.268443
vt 0.793333 0.633113
vt 0.748844 0.605022
vt 0.775072 0.614587
vt 0.944666 0.590213
vt 0.887103 0.614414
vt 0.660756 0.598523
vt 0.599257 0.588476
vt 0.819155 0.597475
vt 0.706012 0.601721
vt 0.831850 0.621256
vt 0.657723 0.618209
vt 0.784715 0.623582
vt 0.596880 0.608129
vt 0.533478 0.576780
vt 0.969908 0.667031
vt 0.955500 0.614087
vt 0.530229 0.595357
vt 0.085020 0.059803
vt 0.098257 0.105206
vt 0.071276 0.073414
vt 0.082719 0.109265
vt 0.225400 0.072082
vt 0.214456 0.106695
vt 0.825850 0.969456
vt 0.123670 0.204643
vt 0.113651 0.241494
vt 0.112644 0.204512
vt 0.812288 0.973262
vt 0.187666 0.202615
vt 0.187337 0.240335
vt 0.173269 0.241044
vt 0.173806 0.203360
vt 0.121404 0.141913
vt 0.107834 0.144280
vt 0.191989 0.142324
vt 0.176953 0.140277
vt 0.092322 0.146882
vt 0.160539 0.204320
vt 0.161092 0.242389
vt 0.149178 0.242808
vt 0.148677 0.205208
vt 0.189911 0.269554
vt 0.192378 0.277143
vt 0.186446 0.279637
vt 0.176669 0.273550
vt 0.160573 0.138634
vt 0.146016 0.138065
vt 0.132090 0.139948
vt 0.107988 0.277406
vt 0.099318 0.273537
vt 0.163589 0.287451
vt 0.149415 0.288573
vt 0.199062 0.273196
vt 0.114216 0.279599
vt 0.111168 0.270177
vt 0.135728 0.286944
vt 0.173816 0.177697
vt 0.177269 0.158943
vt 0.191293 0.159972
vt 0.189064 0.177538
vt 0.127469 0.284605
vt 0.066682 0.064578
vt 0.080565 0.047916
vt 0.135571 0.204990
vt 0.199834 0.202630
vt 0.198530 0.240062
vt 0.205614 0.144408
vt 0.102182 0.241798
vt 0.098875 0.204817
vt 0.133885 0.179347
vt 0.131635 0.159785
vt 0.146849 0.158804
vt 0.147684 0.179114
vt 0.161941 0.158569
vt 0.160633 0.178360
vt 0.111875 0.179710
vt 0.108691 0.162056
vt 0.124287 0.160434
vt 0.124891 0.179345
vt 0.096973 0.180555
vt 0.093089 0.163837
vt 0.209243 0.057039
vt 0.204528 0.161349
vt 0.201318 0.178179
vt 0.132614 0.029418
vt 0.144197 0.024621
vt 0.103137 0.040191
vt 0.228493 0.062640
vt 0.149547 0.277425
vt 0.198495 0.267038
vt 0.162762 0.276675
vt 0.102502 0.268216
vt 0.208684 0.362123
vt 0.236708 0.345499
vt 0.237384 0.295362
vt 0.244859 0.312570
vt 0.114192 0.359162
vt 0.233551 0.284989
vt 0.073831 0.336693
vt 0.102066 0.391140
vt 0.107304 0.390951
vt 0.111987 0.396484
vt 0.100582 0.397897
vt 0.095407 0.388504
vt 0.100711 0.387596
vt 0.179934 0.395747
vt 0.186399 0.398376
vt 0.183627 0.401377
vt 0.179376 0.400756
vt 0.173235 0.392084
vt 0.173040 0.403681
vt 0.107391 0.386562
vt 0.113484 0.385566
vt 0.261639 0.275408
vt 0.261866 0.269161
vt 0.270753 0.274701
vt 0.264408 0.277928
vt 0.263389 0.281531
vt 0.258484 0.277292
vt 0.270383 0.285601
vt 0.045817 0.289736
vt 0.042579 0.294463
vt 0.040623 0.292223
vt 0.043180 0.288619
vt 0.048832 0.285152
vt 0.040106 0.283164
vt 0.252706 0.272946
vt 0.029897 0.345838
vt 0.026773 0.337372
vt 0.033767 0.336584
vt 0.036151 0.342039
vt 0.281105 0.352939
vt 0.282490 0.344220
vt 0.285304 0.344543
vt 0.293495 0.348984
vt 0.035486 0.335285
vt 0.038419 0.341656
vt 0.033815 0.331189
vt 0.285247 0.336687
vt 0.288224 0.338311
vt 0.046632 0.374254
vt 0.053156 0.370400
vt 0.056768 0.374803
vt 0.053429 0.381496
vt 0.244530 0.393367
vt 0.250771 0.388673
vt 0.252628 0.392844
vt 0.248362 0.397074
vt 0.242891 0.401779
vt 0.250144 0.404913
vt 0.055680 0.367028
vt 0.060464 0.372089
vt 0.049206 0.367949
vt 0.062089 0.349805
vt 0.068994 0.350212
vt 0.062362 0.359091
vt 0.058659 0.356816
vt 0.077393 0.358225
vt 0.068532 0.365421
vt 0.220782 0.384264
vt 0.225584 0.371917
vt 0.235295 0.382265
vt 0.229037 0.389721
vt 0.238735 0.363126
vt 0.244060 0.376254
vt 0.093977 0.362495
vt 0.105011 0.361461
vt 0.105853 0.369833
vt 0.096496 0.371415
vt 0.113108 0.363817
vt 0.112604 0.370335
vt 0.178197 0.369851
vt 0.188721 0.370067
vt 0.186299 0.378493
vt 0.177390 0.376732
vt 0.201187 0.373314
vt 0.195701 0.382297
vt 0.087810 0.368822
vt 0.090837 0.374276
vt 0.252491 0.341742
vt 0.257520 0.323822
vt 0.269368 0.329609
vt 0.265756 0.341981
vt 0.048885 0.320129
vt 0.055667 0.323897
vt 0.046686 0.328711
vt 0.043742 0.325171
vt 0.060695 0.335826
vt 0.050622 0.338151
vt 0.259301 0.355380
vt 0.267213 0.353406
vt 0.243568 0.291493
vt 0.238618 0.282885
vt 0.243132 0.280140
vt 0.248256 0.287358
vt 0.062836 0.291007
vt 0.061375 0.298353
vt 0.056529 0.295373
vt 0.058520 0.289421
vt 0.056969 0.307036
vt 0.051752 0.302849
vt 0.265311 0.303148
vt 0.251625 0.301039
vt 0.255648 0.294331
vt 0.266289 0.297531
vt 0.049429 0.310083
vt 0.046804 0.306312
vt 0.057766 0.342623
vt 0.051094 0.342618
vt 0.268488 0.314906
vt 0.275360 0.320938
vt 0.209082 0.385393
vt 0.203529 0.389878
vt 0.078318 0.365657
vt 0.070880 0.369239
vt 0.252991 0.364484
vt 0.254377 0.373415
vt 0.259768 0.390010
vt 0.259447 0.398221
vt 0.059373 0.378770
vt 0.288020 0.328791
vt 0.296579 0.338104
vt 0.040130 0.345925
vt 0.039248 0.298454
vt 0.034709 0.289815
vt 0.193549 0.401734
vt 0.184827 0.408462
vt 0.195529 0.399565
vt 0.190353 0.391621
vt 0.107096 0.379973
vt 0.098792 0.381556
vt 0.112845 0.379666
vt 0.182630 0.388091
vt 0.174847 0.386122
vt 0.094600 0.385683
vt 0.065868 0.373189
vt 0.063150 0.370142
vt 0.256846 0.380469
vt 0.248030 0.383637
vt 0.057610 0.364522
vt 0.054693 0.361797
vt 0.240607 0.388842
vt 0.234863 0.395062
vt 0.043799 0.344610
vt 0.042557 0.340688
vt 0.283825 0.326116
vt 0.279081 0.333636
vt 0.276077 0.343400
vt 0.039185 0.332908
vt 0.037157 0.329355
vt 0.276444 0.353107
vt 0.042362 0.301378
vt 0.045887 0.297898
vt 0.248970 0.275691
vt 0.253695 0.281886
vt 0.050231 0.291936
vt 0.052560 0.286946
vt 0.260076 0.287334
vt 0.268822 0.290267
vt 0.050827 0.314879
vt 0.264868 0.309159
vt 0.061438 0.345088
vt 0.254345 0.358522
vt 0.084157 0.366010
vt 0.214010 0.382730
vt 0.172303 0.285188
vn -0.1254 -0.9893 -0.0734
vn 0.0541 -0.9807 -0.1876
vn 0.0228 -0.9995 0.0212
vn -0.4326 -0.7916 0.4315
vn -0.1532 0.0898 -0.9841
vn -0.1357 -0.6042 -0.7852
vn -0.0451 -0.6770 -0.7346
vn -0.0710 0.0874 -0.9936
vn -0.6134 -0.0073 0.7897
vn -0.2579 -0.7089 0.6564
vn -0.4624 0.0008 0.8867
vn 0.2826 -0.9501 0.1319
vn 0.3073 -0.9489 0.0712
vn -0.0754 -0.6492 0.7569
vn -0.2393 -0.0322 0.9704
vn 0.5269 -0.8491 0.0376
vn 0.7505 -0.5286 -0.3966
vn 0.4004 -0.4411 -0.8032
vn 0.8179 -0.0048 0.5753
vn 0.8218 0.0113 -0.5697
vn 0.3608 0.0609 -0.9306
vn 0.6747 0.7221 -0.1523
vn 0.3892 0.6959 -0.6035
vn 0.2436 0.8821 0.4030
vn 0.0613 0.9365 0.3453
vn 0.1211 0.9630 0.2405
vn -0.0245 0.9559 0.2927
vn -0.3796 0.7476 0.5450
vn -0.2857 0.6709 0.6843
vn -0.1397 0.6347 0.7600
vn -0.0486 -0.0624 0.9969
vn 0.0323 0.6472 0.7616
vn 0.1808 0.9745 0.1327
vn 0.4227 0.5849 0.6923
vn 0.7104 0.7035 0.0196
vn 0.5340 -0.0755 0.8421
vn -0.0186 -0.7436 0.6684
vn 0.3207 -0.7477 0.5815
vn 0.0731 -0.9900 -0.1204
vn 0.6246 -0.7704 -0.1279
vn 0.1555 -0.5143 -0.8434
vn 0.3790 -0.5281 -0.7598
vn 0.1736 0.0820 -0.9814
vn 0.5109 0.0582 -0.8577
vn 0.2370 0.7104 -0.6626
vn 0.4679 0.6081 -0.6413
vn 0.9987 -0.0219 -0.0462
vn -0.1526 0.9671 0.2033
vn -0.1474 0.9588 0.2427
vn -0.3186 0.7190 0.6176
vn -0.0996 0.9474 -0.3040
vn -0.1006 0.9948 0.0171
vn -0.0955 0.9953 0.0126
vn -0.1113 0.9425 -0.3150
vn -0.0244 0.9867 0.1608
vn -0.4905 -0.0228 0.8711
vn -0.3165 -0.7816 0.5374
vn -0.0649 -0.9712 -0.2292
vn -0.0114 -0.9969 -0.0775
vn 0.0588 -0.9952 -0.0783
vn 0.0124 -0.9634 -0.2676
vn -0.1407 0.6812 -0.7184
vn -0.0797 0.6850 -0.7241
vn -0.0356 -0.9950 0.0930
vn 0.0067 -0.9769 -0.2135
vn 0.0616 -0.9958 -0.0669
vn -0.1239 0.0739 -0.9895
vn -0.0783 -0.6281 -0.7741
vn -0.1063 0.0649 -0.9922
vn 0.0186 -0.6556 -0.7549
vn 0.1390 -0.9703 -0.1978
vn 0.1491 -0.9870 -0.0596
vn 0.2248 -0.9665 -0.1238
vn 0.2340 -0.9720 0.0214
vn 0.2486 -0.7051 0.6640
vn 0.2098 -0.9578 -0.1966
vn 0.2028 -0.9782 -0.0431
vn -0.0846 0.0554 -0.9949
vn 0.0702 -0.6818 -0.7281
vn -0.0660 0.7003 -0.7108
vn -0.0519 0.7213 -0.6907
vn 0.0305 0.9591 -0.2812
vn 0.0072 0.9514 -0.3079
vn 0.0292 0.9995 -0.0066
vn 0.0672 0.9977 -0.0073
vn 0.0693 0.9776 0.1985
vn 0.0448 0.9847 0.1682
vn 0.0556 0.7187 0.6930
vn 0.0811 0.0236 0.9964
vn 0.4199 -0.9040 0.0798
vn 0.2590 -0.7352 0.6264
vn -0.0407 0.0235 0.9989
vn -0.0079 0.7349 0.6781
vn 0.0684 -0.7906 0.6085
vn 0.1081 -0.9941 0.0043
vn 0.0913 -0.9954 -0.0294
vn 0.0384 -0.8104 0.5846
vn -0.0631 0.0391 -0.9972
vn 0.1360 -0.7458 -0.6522
vn -0.0346 0.9456 -0.3236
vn -0.0133 0.9999 0.0025
vn -0.0891 0.6872 -0.7209
vn 0.3756 0.4488 -0.8108
vn 0.7790 0.1640 -0.6051
vn 0.7975 0.0877 -0.5969
vn 0.3862 0.2499 -0.8879
vn 0.9991 0.0155 0.0384
vn 0.9992 0.0120 0.0366
vn 0.8139 0.0081 -0.5810
vn 0.4281 0.0128 -0.9036
vn 0.0000 0.3159 -0.9488
vn 0.0000 0.0150 -0.9999
vn 0.0000 0.6044 -0.7967
vn 0.0000 0.5546 -0.8321
vn 0.0000 0.2022 -0.9793
vn 0.3768 0.2407 -0.8945
vn 0.2075 0.6143 -0.7613
vn 0.3694 0.2627 0.8914
vn 0.0000 0.1869 0.9824
vn 0.0000 0.5252 0.8510
vn 0.2129 0.6526 0.7272
vn 0.7590 0.2993 -0.5782
vn 0.9994 0.0087 0.0330
vn 0.4254 0.8023 -0.4187
vn 0.1393 0.9280 -0.3455
vn 0.2251 0.8340 -0.5037
vn 0.1240 0.6008 -0.7897
vn 0.1081 0.7338 -0.6707
vn 0.0000 0.6557 -0.7550
vn 0.3044 0.6149 -0.7275
vn 0.1679 0.3642 -0.9160
vn 0.9436 0.3301 0.0233
vn 0.0000 0.5072 -0.8618
vn 0.0000 0.2836 -0.9589
vn 0.0433 0.7920 0.6090
vn 0.0773 0.9389 0.3352
vn 0.4043 0.8337 0.3761
vn 0.3647 -0.9165 -0.1644
vn 0.7983 0.3029 0.5206
vn 0.4734 0.8803 0.0301
vn 0.4376 0.0163 0.8990
vn 0.0000 0.0173 0.9998
vn 0.0000 0.4504 0.8928
vn 0.3810 0.3543 0.8540
vn 0.3794 0.6351 0.6728
vn 0.0000 0.7956 0.6058
vn 0.8222 0.1266 0.5549
vn 0.7938 0.2306 0.5628
vn 0.8437 0.0112 0.5367
vn 0.4080 0.6871 0.6012
vn 0.2071 0.9751 -0.0792
vn 0.3244 0.9416 -0.0897
vn 0.2827 0.7437 0.6058
vn 0.0000 0.7041 0.7101
vn 0.8540 -0.2524 0.4549
vn 0.6617 0.2777 0.6964
vn 0.3576 0.5694 0.7401
vn 0.7835 0.0277 0.6207
vn 0.0997 0.8989 0.4267
vn 0.2432 0.9680 -0.0623
vn 0.0883 0.9960 0.0109
vn 0.0395 0.2503 -0.9673
vn 0.6279 0.3313 -0.7042
vn 0.5930 0.6178 -0.5164
vn -0.0692 0.5759 -0.8145
vn 0.3312 0.2511 0.9095
vn 0.0000 0.2188 0.9758
vn 0.0000 0.1928 0.9812
vn 0.2870 0.2362 0.9283
vn 0.0000 0.1807 -0.9835
vn 0.0000 0.5035 -0.8640
vn 0.5564 -0.7063 -0.4375
vn 0.6367 -0.7684 0.0642
vn 0.8918 -0.4454 -0.0795
vn 0.5093 -0.4443 -0.7370
vn 0.8104 0.2845 0.5121
vn 0.7546 0.3575 0.5501
vn -0.0897 0.6967 0.7117
vn -0.1887 0.5867 0.7874
vn 0.9429 0.3193 -0.0946
vn 0.8724 0.4888 0.0014
vn 0.1352 0.0734 -0.9881
vn 0.0000 0.0471 -0.9989
vn 0.0000 0.6665 0.7455
vn 0.0000 0.6388 0.7693
vn 0.3554 0.0621 -0.9326
vn -0.0894 0.0799 0.9928
vn 0.1284 -0.3202 -0.9386
vn 0.0000 -0.2422 -0.9702
vn 0.0000 0.1547 0.9879
vn 0.1459 0.9872 -0.0641
vn 0.1326 0.9903 -0.0410
vn 0.0752 0.6723 -0.7364
vn 0.0707 0.6524 -0.7546
vn 0.0513 -0.5617 0.8257
vn 0.7997 -0.4798 0.3609
vn 0.1530 -0.3867 -0.9094
vn 0.0000 -0.3001 -0.9539
vn 0.0000 -0.5784 0.8157
vn 0.6997 -0.4539 -0.5517
vn 0.7994 -0.4989 0.3348
vn 0.2976 -0.4837 0.8231
vn 0.3933 0.0435 0.9183
vn 0.8550 -0.0416 0.5169
vn 0.9165 -0.3646 -0.1645
vn 0.2472 0.7238 0.6442
vn 0.0000 -0.1506 -0.9886
vn 0.1713 -0.2092 -0.9627
vn 0.1826 -0.0548 -0.9817
vn 0.0000 -0.0501 -0.9987
vn 0.0000 -0.5401 0.8416
vn 0.0000 0.0652 0.9979
vn 0.7170 -0.2985 -0.6299
vn 0.7364 -0.0838 -0.6713
vn 0.8551 0.1614 0.4927
vn 0.3817 0.1557 0.9111
vn 0.9196 -0.3636 -0.1484
vn 0.9864 -0.1131 -0.1189
vn 0.0000 0.0415 -0.9991
vn 0.1347 0.0868 -0.9871
vn 0.0000 0.1442 0.9895
vn 0.7130 0.1279 -0.6894
vn 0.9810 0.1502 -0.1224
vn -0.0340 0.7120 0.7013
vn 0.0000 0.6525 0.7578
vn 0.4541 0.0403 0.8900
vn 0.1528 -0.0323 0.9877
vn 0.1613 0.7252 0.6694
vn 0.1969 -0.9754 0.0989
vn 0.0100 -0.9997 0.0220
vn 0.0692 -0.7889 0.6106
vn 0.2546 -0.7711 0.5836
vn 0.2350 -0.0244 0.9717
vn 0.7112 0.1257 0.6916
vn 0.7211 0.2792 0.6340
vn 0.3092 0.1175 0.9437
vn -0.2330 0.2033 -0.9510
vn -0.2998 -0.3153 -0.9004
vn 0.0000 -0.5266 -0.8501
vn 0.0000 0.1802 -0.9836
vn -0.9679 -0.2511 -0.0039
vn -0.9217 0.0014 0.3878
vn -0.4796 -0.7832 0.3956
vn -0.5683 -0.8217 -0.0415
vn 0.1579 0.6328 -0.7580
vn 0.8903 0.4476 0.0830
vn 0.6134 0.6005 -0.5129
vn -0.1465 0.5663 -0.8110
vn 0.6843 0.3306 -0.6500
vn 0.6968 -0.1207 -0.7070
vn 0.0000 0.6114 -0.7913
vn 0.0000 -0.0920 0.9958
vn 0.0000 0.0643 0.9979
vn 0.5450 0.0137 -0.8383
vn 0.5388 -0.1325 -0.8319
vn -0.2010 -0.1331 -0.9705
vn -0.2163 0.0560 -0.9747
vn 0.0000 -0.9382 0.3459
vn 0.0000 -0.9969 -0.0784
vn -0.0325 -0.2494 0.9678
vn 0.0000 -0.5998 0.8001
vn -0.9196 -0.0342 0.3912
vn -0.8983 -0.0615 0.4351
vn -0.3262 -0.0658 0.9430
vn -0.3293 -0.0485 0.9430
vn -0.8613 0.0168 -0.5078
vn -0.8273 -0.1061 -0.5516
vn -0.1653 0.3161 -0.9342
vn -0.1345 0.0529 -0.9895
vn -0.7984 0.0718 -0.5978
vn -0.7725 0.2647 -0.5772
vn -0.9979 -0.0644 -0.0052
vn -0.9982 -0.0501 -0.0326
vn -0.8801 -0.0010 0.4748
vn -0.2880 0.0076 0.9576
vn 0.5801 -0.0800 0.8106
vn 0.5798 -0.0877 0.8100
vn 0.6157 -0.0201 0.7877
vn 0.9940 -0.0118 0.1082
vn 0.9630 0.2444 0.1134
vn 0.6013 -0.0685 0.7960
vn 0.9958 -0.0690 -0.0588
vn 0.9914 -0.1186 -0.0546
vn 0.9803 -0.1860 -0.0655
vn 0.5221 -0.2149 -0.8253
vn -0.1853 -0.1950 -0.9631
vn 0.5173 0.2980 -0.8022
vn 0.5666 0.0330 -0.8233
vn 0.9919 -0.1256 0.0188
vn 0.9919 0.1260 -0.0177
vn -0.7951 -0.1467 -0.5885
vn -0.9997 -0.0247 -0.0040
vn -0.8675 0.0456 -0.4953
vn -0.2178 0.1239 -0.9681
vn -1.0000 0.0005 0.0069
vn -0.8222 -0.0410 0.5677
vn -0.8225 -0.0775 0.5635
vn -0.9942 0.1070 0.0031
vn -0.2111 -0.2135 0.9538
vn -0.2340 -0.0929 0.9677
vn 0.5518 -0.1392 0.8223
vn 0.5253 -0.1432 0.8387
vn 0.9973 0.0261 0.0693
vn 0.6037 0.0624 -0.7948
vn -0.9973 0.0563 0.0472
vn 0.9888 -0.1476 -0.0211
vn 0.9968 -0.0716 -0.0345
vn 0.5773 -0.0312 -0.8159
vn 0.5645 -0.0982 -0.8195
vn -0.1392 -0.1150 -0.9836
vn -0.8045 -0.1164 -0.5824
vn -0.9943 -0.0999 0.0368
vn -0.1577 -0.0735 -0.9847
vn -0.8372 -0.0618 -0.5433
vn -0.9987 -0.0503 0.0115
vn -0.1578 -0.0150 -0.9873
vn -0.8508 0.0023 -0.5255
vn -0.9999 0.0100 0.0003
vn -0.8797 -0.0253 0.4748
vn -0.8681 -0.0658 0.4919
vn -0.8345 -0.0971 0.5424
vn -0.2303 -0.1131 0.9665
vn -0.2368 -0.1048 0.9658
vn -0.2287 -0.0858 0.9697
vn 0.6049 -0.1180 0.7875
vn 0.5608 -0.1338 0.8171
vn 0.5394 -0.1252 0.8327
vn 0.5577 -0.0669 0.8274
vn 0.9844 -0.1715 0.0381
vn 0.5691 -0.1442 -0.8095
vn 0.9923 -0.1231 -0.0109
vn 0.6433 -0.2489 -0.7240
vn -0.2035 -0.1176 0.9720
vn -0.8341 -0.0372 0.5503
vn -0.6777 -0.6235 -0.3898
vn 0.0000 -0.8766 -0.4811
vn -0.9995 0.0278 -0.0098
vn -0.9329 -0.2196 -0.2854
vn 0.9847 -0.1610 0.0668
vn 0.6348 -0.5039 -0.5857
vn -0.3561 0.0069 0.9344
vn 0.6145 -0.0387 0.7880
vn -0.3579 -0.4613 -0.8118
vn -0.9163 0.0859 0.3910
vn -0.2264 -0.7239 -0.6517
vn -0.3737 -0.0372 0.9268
vn -0.7601 -0.6049 -0.2374
vn 0.6033 -0.0473 0.7961
vn 0.2641 -0.8420 -0.4703
vn 0.0196 -0.8494 -0.5273
vn 0.1061 -0.1515 -0.9827
vn 0.0481 -0.1532 -0.9870
vn 0.2944 -0.0543 -0.9541
vn 0.0121 -0.9999 -0.0000
vn 0.0408 -0.7922 -0.6089
vn 0.1171 -0.7721 -0.6246
vn 0.0647 0.7101 -0.7011
vn 0.0143 0.9987 0.0482
vn 0.0796 0.9949 0.0615
vn 0.0925 0.7220 -0.6857
vn 0.0030 -0.8500 -0.5268
vn 0.0399 -0.9978 0.0528
vn 0.0871 0.9962 -0.0089
vn 0.0143 0.7035 -0.7105
vn -0.0169 -0.1364 -0.9905
vn -0.0457 0.6984 0.7142
vn -0.0786 0.0208 0.9967
vn 0.0292 0.0110 0.9995
vn 0.0357 0.7350 0.6771
vn -0.0070 0.7650 -0.6440
vn -0.0231 0.9993 0.0290
vn -0.0823 0.9576 -0.2759
vn -0.0486 0.7319 -0.6796
vn 0.2007 -0.0188 0.9795
vn 0.1608 0.6959 0.6999
vn 0.1302 -0.7318 0.6689
vn 0.0697 -0.7002 -0.7105
vn 0.0310 0.0898 -0.9955
vn -0.1515 0.7258 0.6709
vn -0.1379 -0.0379 0.9897
vn 0.1106 -0.7647 -0.6348
vn 0.0777 -0.9520 -0.2961
vn -0.0615 -0.7705 0.6344
vn -0.0068 0.9988 0.0486
vn 0.0916 0.7124 -0.6958
vn 0.0491 0.7059 -0.7066
vn 0.0614 0.9969 -0.0486
vn 0.0265 -0.9801 0.1968
vn -0.0392 -0.7533 0.6564
vn 0.0761 -0.0638 -0.9950
vn 0.1016 -0.0414 -0.9940
vn -0.0989 -0.7071 0.7001
vn -0.1464 0.0055 0.9892
vn 0.0868 -0.0137 0.9961
vn 0.0526 -0.7129 0.6992
vn -0.0995 0.6753 0.7308
vn 0.0678 0.7049 0.7060
vn 0.0356 -0.8288 -0.5584
vn -0.0309 -0.9975 0.0632
vn 0.0272 -0.9947 0.0989
vn 0.0243 -0.8396 -0.5426
vn 0.1201 -0.0973 -0.9880
vn 0.0383 -0.1110 -0.9931
vn -0.0014 -0.0120 0.9999
vn 0.0807 0.0030 -0.9967
vn -0.0508 0.7590 0.6491
vn 0.1306 0.9690 0.2095
vn 0.1335 0.9910 0.0019
vn 0.1025 0.9582 -0.2670
vn -0.0420 0.7353 -0.6764
vn 0.4128 -0.9098 -0.0434
vn 0.4979 -0.7174 -0.4871
vn 0.7345 -0.0381 -0.6775
vn 0.7053 -0.0480 0.7073
vn 0.4453 -0.8151 0.3704
vn 0.0846 -0.0531 -0.9950
vn 0.1127 -0.7473 -0.6549
vn 0.1083 0.8353 0.5389
vn 0.5107 0.7156 0.4765
vn 0.5504 0.7331 -0.3996
vn 0.1441 0.8252 -0.5462
vn 0.0410 -0.0113 0.9991
vn 0.0959 -0.9333 0.3460
vn 0.6181 0.5689 -0.5424
vn 0.6182 0.7223 0.3099
vn 0.6917 -0.1393 0.7086
vn 0.7828 -0.1618 -0.6009
vn 0.1350 0.8796 0.4561
vn 0.1460 0.7510 -0.6439
vn 0.0640 -0.0959 0.9933
vn 0.1409 -0.9120 -0.3851
vn 0.4566 -0.7938 -0.4017
vn 0.4682 -0.7862 0.4032
vn 0.1115 -0.8250 0.5539
vn 0.1122 -0.0595 -0.9919
vn 0.7726 -0.1617 0.6139
vn 0.3833 -0.7695 0.5108
vn 0.3942 -0.8492 -0.3512
vn 0.7685 -0.1670 -0.6177
vn 0.0931 -0.1146 0.9890
vn 0.5600 0.6322 0.5354
vn 0.1496 0.7531 0.6406
vn 0.1138 -0.8968 -0.4274
vn 0.1119 -0.7826 0.6124
vn 0.0834 -0.0990 -0.9916
vn 0.5615 0.6778 -0.4745
vn 0.1435 0.8107 -0.5676
vn 0.7882 -0.1634 -0.5933
vn 0.7609 -0.1671 0.6269
vn 0.2827 -0.8386 0.4657
vn 0.2943 -0.8054 -0.5145
vn 0.0641 0.7644 0.6415
vn 0.4655 0.7265 0.5054
vn 0.4733 0.7524 -0.4582
vn 0.0850 0.8096 -0.5807
vn 0.0473 -0.0762 0.9959
vn 0.0834 -0.8360 -0.5424
vn 0.0734 -0.8563 0.5112
vn 0.0707 -0.0663 -0.9953
vn 0.1177 -0.0463 -0.9919
vn 0.0500 -0.0760 -0.9958
vn 0.0995 -0.8027 -0.5880
vn 0.3225 -0.6946 -0.6431
vn 0.0920 -0.8094 0.5799
vn 0.2583 -0.7107 0.6543
vn 0.0369 -0.0485 0.9981
vn 0.0426 -0.0757 0.9962
vn 0.0464 0.7418 0.6690
vn 0.0508 0.7175 0.6947
vn 0.0569 0.7880 -0.6130
vn 0.1152 0.7669 -0.6312
vn 0.3745 -0.6101 -0.6982
vn 0.1444 -0.6899 -0.7094
vn 0.0981 -0.9212 0.3766
vn 0.2547 -0.8204 0.5119
vn -0.0302 -0.0136 0.9995
vn -0.0482 0.0085 0.9988
vn -0.0126 0.8376 0.5461
vn -0.0193 0.8005 0.5989
vn 0.0886 0.7793 -0.6203
vn 0.1816 0.7575 -0.6270
vn 0.2196 -0.0489 -0.9744
vn 0.1111 -0.0653 -0.9916
vn 0.1023 0.7303 0.6754
vn 0.0609 0.7463 0.6627
vn 0.0497 0.7891 -0.6122
vn 0.0908 0.7637 -0.6391
vn 0.1003 -0.0457 -0.9939
vn 0.0423 -0.0764 -0.9962
vn 0.1097 -0.8618 -0.4951
vn 0.3216 -0.7363 -0.5953
vn 0.1043 -0.7645 0.6361
vn 0.3100 -0.6690 0.6754
vn 0.1257 -0.0576 0.9904
vn 0.0645 -0.0983 0.9930
vn -0.0263 0.7814 -0.6234
vn -0.0020 0.7949 -0.6068
vn 0.0068 -0.0218 -0.9997
vn -0.0298 0.0013 -0.9995
vn 0.1248 -0.8979 -0.4222
vn 0.1800 -0.8450 -0.5035
vn 0.1597 -0.7432 0.6496
vn 0.2971 -0.6822 0.6680
vn 0.1584 -0.0460 0.9863
vn 0.1016 -0.0752 0.9920
vn 0.0771 0.8289 0.5540
vn 0.1221 0.8090 0.5749
vn 0.0809 0.7918 -0.6054
vn 0.0960 -0.0595 -0.9936
vn 0.0986 -0.7073 -0.7000
vn 0.0575 -0.9228 0.3808
vn -0.0113 -0.0240 0.9996
vn 0.0075 0.8341 0.5515
vn 0.0523 -0.8387 0.5420
vn 0.0388 -0.0906 0.9951
vn 0.0482 0.8024 -0.5949
vn 0.0338 -0.0876 -0.9956
vn 0.0475 -0.8198 -0.5707
vn 0.0462 0.7593 0.6490
vn 0.0559 -0.7830 0.6195
vn 0.0562 -0.1130 0.9920
vn 0.0429 0.8053 -0.5913
vn 0.0287 -0.0932 -0.9952
vn 0.0581 0.7579 0.6498
vn 0.0479 -0.8871 -0.4591
vn 0.0989 -0.7831 0.6139
vn 0.0747 -0.0913 0.9930
vn 0.0183 0.7870 -0.6166
vn 0.0216 -0.0509 -0.9984
vn 0.0826 -0.9145 -0.3959
vn 0.0676 0.8566 0.5115
vn 0.9933 -0.1129 -0.0240
vn 0.9904 -0.1374 -0.0089
vn 0.9814 -0.1436 0.1273
vn -0.1149 0.9577 0.2636
vn 0.1934 -0.9766 -0.0943
vn 0.4575 -0.7691 0.4462
vn -0.1150 -0.9916 0.0584
vn -0.0813 -0.9774 -0.1950
vn 0.2499 0.0019 -0.9683
vn 0.1543 0.0067 -0.9880
vn 0.0665 -0.7786 -0.6240
vn 0.2240 -0.7385 -0.6359
vn 0.6076 0.0492 0.7927
vn 0.5073 0.0554 0.8600
vn 0.3114 -0.6738 0.6700
vn -0.2139 -0.9603 0.1790
vn 0.1306 -0.7069 0.6951
vn -0.1616 -0.9752 -0.1512
vn 0.2779 0.0508 0.9593
vn -0.8005 -0.5885 0.1133
vn -0.4221 -0.8423 0.3350
vn -0.5295 -0.3924 -0.7521
vn -0.9783 -0.0265 0.2052
vn -0.2237 -0.0738 0.9719
vn -0.5587 0.0506 -0.8278
vn -0.6303 0.5722 -0.5247
vn -0.6894 0.5656 0.4526
vn -0.1212 0.8216 0.5571
vn -0.1077 0.9613 0.2534
vn -0.2589 0.9213 0.2901
vn 0.0111 0.9541 0.2992
vn 0.2751 0.7069 0.6515
vn 0.3441 0.7859 0.5137
vn 0.1281 0.6755 0.7261
vn -0.0197 0.7195 0.6942
vn 0.0663 0.0722 0.9951
vn -0.1275 0.9767 0.1725
vn -0.6689 0.7421 0.0431
vn -0.4072 0.6710 0.6196
vn -0.5174 0.0622 0.8534
vn -0.4209 -0.6819 0.5982
vn -0.0028 -0.7662 0.6425
vn -0.0952 -0.9779 -0.1860
vn -0.6878 -0.7135 -0.1336
vn -0.3976 -0.4669 -0.7899
vn -0.0812 -0.5708 -0.8171
vn -0.4200 0.0977 -0.9022
vn -0.0454 0.0848 -0.9954
vn -0.1262 0.7662 -0.6300
vn -0.4398 0.6517 -0.6179
vn -0.9936 0.0627 -0.0940
vn 0.1658 0.9646 0.2051
vn 0.3293 0.7200 0.6109
vn 0.1840 0.9480 0.2596
vn 0.1593 0.9738 -0.1623
vn 0.1346 0.9791 -0.1525
vn 0.1350 0.9908 0.0090
vn 0.1440 0.9896 0.0006
vn 0.0425 0.9831 0.1778
vn 0.4731 0.0095 0.8809
vn 0.3379 -0.7847 0.5196
vn 0.1155 -0.9856 -0.1234
vn -0.0223 -0.9841 -0.1759
vn -0.0074 -0.9956 -0.0934
vn 0.0832 -0.9887 -0.1245
vn 0.2048 0.7696 -0.6048
vn 0.1911 0.7768 -0.6000
vn 0.0936 -0.9919 0.0856
vn -0.0775 -0.9922 -0.0974
vn -0.0177 -0.9975 -0.0686
vn 0.0898 -0.7375 -0.6693
vn 0.1465 0.0083 -0.9892
vn -0.0829 -0.7494 -0.6569
vn 0.0685 0.0086 -0.9976
vn -0.1932 -0.9785 -0.0718
vn -0.1867 -0.9814 -0.0452
vn -0.2660 -0.9560 -0.1236
vn -0.0739 -0.7585 0.6475
vn -0.1793 -0.9835 -0.0218
vn -0.1586 -0.9848 -0.0698
vn -0.1829 -0.9809 -0.0656
vn -0.0963 -0.7690 -0.6319
vn 0.0495 -0.0045 -0.9987
vn 0.0278 0.7342 -0.6784
vn 0.0177 0.7503 -0.6608
vn -0.0414 0.9844 -0.1710
vn -0.0660 0.9978 0.0013
vn -0.0334 0.9994 -0.0020
vn -0.0350 0.9833 -0.1785
vn -0.0529 0.9821 0.1805
vn 0.0328 0.6948 0.7185
vn -0.0385 0.9825 0.1820
vn 0.0712 -0.0409 0.9966
vn -0.1890 -0.7829 0.5927
vn -0.2446 -0.9695 0.0150
vn 0.0163 -0.0026 0.9998
vn 0.0209 0.7262 0.6872
vn -0.0731 -0.7811 0.6201
vn -0.0473 -0.8004 0.5976
vn -0.1112 -0.9937 -0.0096
vn -0.1113 -0.9937 0.0115
vn -0.0795 -0.8034 -0.5901
vn 0.0200 -0.0272 -0.9994
vn 0.0377 0.9993 0.0032
vn 0.0248 0.9860 -0.1650
vn 0.0892 0.7505 -0.6548
vn -0.3756 0.4488 -0.8108
vn -0.3862 0.2499 -0.8879
vn -0.7975 0.0877 -0.5969
vn -0.7790 0.1640 -0.6051
vn -0.9992 0.0120 0.0366
vn -0.9991 0.0155 0.0384
vn -0.4281 0.0128 -0.9036
vn -0.8139 0.0081 -0.5810
vn -0.2075 0.6143 -0.7613
vn -0.3768 0.2407 -0.8945
vn -0.3694 0.2627 0.8914
vn -0.2129 0.6526 0.7272
vn -0.7590 0.2993 -0.5782
vn -0.9994 0.0087 0.0330
vn -0.4254 0.8023 -0.4187
vn -0.1393 0.9280 -0.3455
vn -0.1081 0.7338 -0.6707
vn -0.1240 0.6008 -0.7897
vn -0.2251 0.8340 -0.5037
vn -0.1679 0.3642 -0.9160
vn -0.3044 0.6149 -0.7275
vn -0.9436 0.3301 0.0233
vn -0.0433 0.7920 0.6090
vn -0.4043 0.8337 0.3761
vn -0.0773 0.9389 0.3352
vn -0.1525 -0.9868 -0.0551
vn -0.7983 0.3029 0.5206
vn -0.4734 0.8803 0.0301
vn -0.4376 0.0163 0.8990
vn -0.3794 0.6351 0.6728
vn -0.3810 0.3543 0.8540
vn -0.7938 0.2306 0.5628
vn -0.8222 0.1266 0.5549
vn -0.8437 0.0112 0.5367
vn -0.4080 0.6871 0.6012
vn -0.2827 0.7437 0.6058
vn -0.3244 0.9416 -0.0897
vn -0.2071 0.9751 -0.0792
vn -0.8540 -0.2524 0.4549
vn -0.7835 0.0277 0.6207
vn -0.3576 0.5694 0.7401
vn -0.6617 0.2777 0.6964
vn -0.0883 0.9960 0.0109
vn -0.2432 0.9680 -0.0623
vn -0.0997 0.8989 0.4267
vn -0.0395 0.2503 -0.9673
vn 0.0692 0.5759 -0.8145
vn -0.5930 0.6178 -0.5164
vn -0.6279 0.3313 -0.7042
vn -0.3312 0.2511 0.9095
vn -0.2870 0.2362 0.9283
vn -0.5564 -0.7063 -0.4375
vn -0.5093 -0.4443 -0.7370
vn -0.8918 -0.4454 -0.0795
vn -0.6367 -0.7684 0.0642
vn -0.8104 0.2845 0.5121
vn -0.7546 0.3575 0.5501
vn 0.1887 0.5867 0.7874
vn 0.0897 0.6967 0.7117
vn -0.9429 0.3193 -0.0946
vn -0.8724 0.4888 0.0014
vn -0.1352 0.0734 -0.9881
vn -0.3554 0.0621 -0.9326
vn 0.0894 0.0799 0.9928
vn -0.1284 -0.3202 -0.9386
vn -0.1459 0.9872 -0.0641
vn -0.0707 0.6524 -0.7546
vn -0.0752 0.6723 -0.7364
vn -0.1326 0.9903 -0.0410
vn -0.7997 -0.4798 0.3609
vn -0.0513 -0.5617 0.8257
vn -0.1530 -0.3867 -0.9094
vn -0.6997 -0.4539 -0.5517
vn -0.7994 -0.4989 0.3348
vn -0.8550 -0.0416 0.5169
vn -0.3933 0.0435 0.9183
vn -0.2976 -0.4837 0.8231
vn -0.9165 -0.3646 -0.1645
vn -0.2472 0.7238 0.6442
vn -0.1826 -0.0548 -0.9817
vn -0.1713 -0.2092 -0.9627
vn -0.7364 -0.0838 -0.6713
vn -0.7170 -0.2985 -0.6299
vn -0.8551 0.1614 0.4927
vn -0.3817 0.1557 0.9111
vn -0.9864 -0.1131 -0.1189
vn -0.9196 -0.3636 -0.1484
vn -0.1347 0.0868 -0.9871
vn -0.7130 0.1279 -0.6894
vn -0.9810 0.1502 -0.1224
vn 0.0340 0.7120 0.7013
vn -0.4541 0.0403 0.8900
vn -0.1613 0.7252 0.6694
vn -0.1528 -0.0323 0.9877
vn -0.1969 -0.9754 0.0989
vn -0.2546 -0.7711 0.5836
vn -0.0692 -0.7889 0.6106
vn -0.0100 -0.9997 0.0220
vn -0.2350 -0.0244 0.9717
vn -0.3092 0.1175 0.9437
vn -0.7211 0.2792 0.6340
vn -0.7112 0.1257 0.6916
vn 0.2330 0.2033 -0.9510
vn 0.2998 -0.3153 -0.9004
vn 0.9679 -0.2511 -0.0039
vn 0.5683 -0.8217 -0.0415
vn 0.4796 -0.7832 0.3956
vn 0.9217 0.0014 0.3878
vn -0.1579 0.6328 -0.7580
vn -0.8903 0.4476 0.0830
vn 0.1465 0.5663 -0.8110
vn -0.6134 0.6005 -0.5129
vn -0.6843 0.3306 -0.6500
vn -0.6968 -0.1207 -0.7070
vn -0.5450 0.0137 -0.8383
vn 0.2163 0.0560 -0.9747
vn 0.2010 -0.1331 -0.9705
vn -0.5388 -0.1325 -0.8319
vn 0.0325 -0.2494 0.9678
vn 0.9196 -0.0342 0.3912
vn 0.3293 -0.0485 0.9430
vn 0.3262 -0.0658 0.9430
vn 0.8983 -0.0615 0.4351
vn 0.8613 0.0168 -0.5078
vn 0.8273 -0.1061 -0.5516
vn 0.1653 0.3161 -0.9342
vn 0.7725 0.2647 -0.5772
vn 0.7984 0.0718 -0.5978
vn 0.1345 0.0529 -0.9895
vn 0.9979 -0.0644 -0.0052
vn 0.8801 -0.0010 0.4748
vn 0.9982 -0.0501 -0.0326
vn 0.2880 0.0076 0.9576
vn -0.5798 -0.0877 0.8100
vn -0.5801 -0.0800 0.8106
vn -0.9630 0.2444 0.1134
vn -0.9940 -0.0118 0.1082
vn -0.6157 -0.0201 0.7877
vn -0.6013 -0.0685 0.7960
vn -0.9958 -0.0690 -0.0588
vn -0.9914 -0.1186 -0.0546
vn -0.9803 -0.1860 -0.0655
vn 0.1853 -0.1950 -0.9631
vn -0.5221 -0.2149 -0.8253
vn -0.5173 0.2980 -0.8022
vn -0.9919 0.1260 -0.0177
vn -0.9919 -0.1256 0.0188
vn -0.5666 0.0330 -0.8233
vn 0.7951 -0.1467 -0.5885
vn 0.9997 -0.0247 -0.0040
vn 0.8675 0.0456 -0.4953
vn 0.2178 0.1239 -0.9681
vn 1.0000 0.0005 0.0069
vn 0.8222 -0.0410 0.5677
vn 0.8225 -0.0775 0.5635
vn 0.9942 0.1070 0.0031
vn 0.2111 -0.2135 0.9538
vn 0.2340 -0.0929 0.9677
vn -0.5518 -0.1392 0.8223
vn -0.5253 -0.1432 0.8387
vn -0.6037 0.0624 -0.7948
vn -0.9973 0.0261 0.0693
vn 0.9973 0.0563 0.0472
vn -0.9888 -0.1476 -0.0211
vn -0.5645 -0.0982 -0.8195
vn -0.5773 -0.0312 -0.8159
vn -0.9968 -0.0716 -0.0345
vn 0.8045 -0.1164 -0.5824
vn 0.1392 -0.1150 -0.9836
vn 0.9943 -0.0999 0.0368
vn 0.8372 -0.0618 -0.5433
vn 0.1577 -0.0735 -0.9847
vn 0.9987 -0.0503 0.0115
vn 0.8508 0.0023 -0.5255
vn 0.1578 -0.0150 -0.9873
vn 0.9999 0.0100 0.0003
vn 0.8681 -0.0658 0.4919
vn 0.8797 -0.0253 0.4748
vn 0.8345 -0.0971 0.5424
vn 0.2368 -0.1048 0.9658
vn 0.2303 -0.1131 0.9665
vn 0.2287 -0.0858 0.9697
vn -0.5608 -0.1338 0.8171
vn -0.6049 -0.1180 0.7875
vn -0.5394 -0.1252 0.8327
vn -0.5577 -0.0669 0.8274
vn -0.9844 -0.1715 0.0381
vn -0.5691 -0.1442 -0.8095
vn -0.9923 -0.1231 -0.0109
vn -0.6433 -0.2489 -0.7240
vn 0.2035 -0.1176 0.9720
vn 0.8341 -0.0372 0.5503
vn 0.6777 -0.6235 -0.3898
vn 0.9995 0.0278 -0.0098
vn 0.9329 -0.2196 -0.2854
vn -0.9847 -0.1610 0.0668
vn -0.6348 -0.5039 -0.5857
vn 0.3561 0.0069 0.9344
vn -0.6145 -0.0387 0.7880
vn 0.3579 -0.4613 -0.8118
vn 0.9163 0.0859 0.3910
vn 0.2264 -0.7239 -0.6517
vn 0.3737 -0.0372 0.9268
vn 0.7601 -0.6049 -0.2374
vn -0.6033 -0.0473 0.7961
vn -0.2641 -0.8420 -0.4703
vn -0.0196 -0.8494 -0.5273
vn -0.1061 -0.1515 -0.9827
vn -0.0481 -0.1532 -0.9870
vn -0.2944 -0.0543 -0.9541
vn 0.0047 -1.0000 -0.0004
vn -0.1136 -0.7702 -0.6276
vn -0.0305 -0.7859 -0.6176
vn -0.0550 0.7024 -0.7096
vn -0.1009 0.7047 -0.7023
vn -0.0867 0.9942 0.0633
vn 0.0033 0.9988 0.0488
vn -0.0399 -0.9978 0.0528
vn -0.0030 -0.8500 -0.5268
vn -0.0143 0.7035 -0.7105
vn -0.0871 0.9962 -0.0089
vn 0.0169 -0.1364 -0.9905
vn 0.0559 0.6888 0.7228
vn -0.0401 0.7199 0.6929
vn -0.0302 0.0108 0.9995
vn 0.0824 0.0204 0.9964
vn -0.0105 0.7400 -0.6724
vn 0.1119 0.7693 -0.6289
vn 0.1241 0.9730 -0.1945
vn -0.0093 0.9991 0.0417
vn -0.1608 0.6959 0.6999
vn -0.2007 -0.0188 0.9795
vn -0.1302 -0.7318 0.6689
vn -0.0853 -0.7450 -0.6616
vn 0.0100 0.0210 -0.9997
vn 0.1547 0.7262 0.6698
vn 0.1359 -0.0319 0.9902
vn -0.1243 -0.9699 -0.2092
vn -0.1041 -0.7740 -0.6245
vn 0.0507 -0.7797 0.6240
vn 0.0068 0.9988 0.0486
vn -0.0614 0.9969 -0.0486
vn -0.0491 0.7059 -0.7066
vn -0.0916 0.7124 -0.6958
vn -0.0365 -0.9825 0.1827
vn 0.0505 -0.7458 0.6643
vn -0.0724 -0.0633 -0.9954
vn -0.1000 -0.0461 -0.9939
vn 0.0989 -0.7071 0.7001
vn -0.0526 -0.7129 0.6992
vn -0.0868 -0.0137 0.9961
vn 0.1464 0.0055 0.9892
vn -0.0678 0.7049 0.7060
vn 0.0995 0.6753 0.7308
vn -0.0356 -0.8288 -0.5584
vn -0.0243 -0.8396 -0.5426
vn -0.0272 -0.9947 0.0989
vn 0.0309 -0.9975 0.0632
vn -0.1201 -0.0973 -0.9880
vn -0.0383 -0.1110 -0.9931
vn -0.0076 -0.0062 0.9999
vn -0.0759 -0.0609 -0.9952
vn 0.0063 0.7559 0.6547
vn -0.0349 0.9861 0.1624
vn -0.0503 0.9987 0.0045
vn 0.0174 0.7430 -0.6690
vn -0.0287 0.9881 -0.1508
vn -0.1976 -0.9785 -0.0587
vn -0.2958 -0.7678 -0.5683
vn -0.2994 -0.8435 0.4458
vn -0.6956 -0.1050 0.7106
vn -0.7436 -0.1319 -0.6555
vn 0.0386 -0.0074 -0.9992
vn 0.1152 -0.7231 -0.6810
vn -0.0099 0.7742 0.6328
vn -0.0027 0.7829 -0.6222
vn -0.4878 0.7020 -0.5188
vn -0.5119 0.6969 0.5022
vn 0.0364 -0.0352 0.9987
vn 0.1046 -0.8309 0.5464
vn -0.5347 0.6552 -0.5336
vn -0.7619 -0.1267 -0.6352
vn -0.7735 -0.1392 0.6183
vn -0.4981 0.6715 0.5486
vn -0.0348 0.7635 0.6448
vn -0.0703 0.7513 -0.6561
vn 0.0000 0.0000 1.0000
vn 0.0780 -0.8313 -0.5502
vn 0.1131 -0.6931 0.7118
vn -0.2935 -0.7403 0.6048
vn -0.3171 -0.8234 -0.4705
vn -0.0403 -0.0613 -0.9973
vn -0.8173 -0.1427 0.5581
vn -0.7738 -0.1333 -0.6192
vn -0.1686 -0.7938 -0.5844
vn -0.1959 -0.7369 0.6470
vn -0.0297 0.0089 0.9995
vn -0.0557 0.7374 0.6731
vn -0.4246 0.6809 0.5966
vn 0.1469 -0.7097 -0.6890
vn 0.1060 -0.6646 0.7396
vn 0.0357 -0.0075 -0.9993
vn -0.0116 0.6862 -0.7273
vn -0.4003 0.6702 -0.6249
vn -0.7856 -0.1354 -0.6037
vn -0.2102 -0.7647 -0.6091
vn -0.1905 -0.8029 0.5649
vn -0.7483 -0.1263 0.6512
vn 0.0126 0.6856 0.7279
vn -0.0147 0.7607 -0.6489
vn -0.3980 0.7277 -0.5585
vn -0.3864 0.6992 0.6014
vn 0.0665 -0.0094 0.9977
vn 0.1221 -0.7133 -0.6901
vn 0.1505 -0.7285 0.6682
vn 0.0210 -0.0054 -0.9998
vn 0.0001 0.0000 -1.0000
vn -0.1970 -0.6705 -0.7153
vn -0.0842 -0.6713 -0.7364
vn -0.1972 -0.6707 0.7150
vn -0.0844 -0.6713 0.7364
vn -0.0001 0.0000 1.0000
vn -0.0218 0.6576 0.7530
vn -0.0332 0.6589 0.7515
vn -0.0248 0.7546 -0.6557
vn -0.0378 0.7556 -0.6539
vn -0.2295 -0.6491 -0.7252
vn -0.2307 -0.7560 0.6125
vn -0.1209 -0.7967 0.5921
vn -0.1254 -0.6770 -0.7252
vn -0.0063 -0.0155 0.9998
vn -0.0056 -0.0339 0.9994
vn -0.0123 0.7401 0.6724
vn -0.0275 0.7407 0.6712
vn -0.0351 0.7653 -0.6428
vn -0.0442 0.7601 -0.6483
vn -0.0001 0.0000 -1.0000
vn -0.0268 0.7519 0.6587
vn -0.0085 0.6646 -0.7472
vn -0.0224 0.6589 -0.7519
vn -0.0370 0.7494 0.6610
vn 0.0233 0.0000 -0.9997
vn -0.1748 -0.6918 -0.7006
vn -0.0872 -0.6598 -0.7463
vn 0.0148 0.0000 -0.9999
vn -0.1890 -0.6895 0.6991
vn -0.1005 -0.6621 0.7426
vn -0.0184 0.7562 -0.6540
vn -0.0085 -0.0330 -0.9994
vn -0.0369 -0.0480 -0.9981
vn -0.0454 0.7559 -0.6532
vn -0.1663 -0.8144 -0.5560
vn -0.1732 -0.8051 -0.5673
vn -0.1888 -0.7032 0.6854
vn -0.1827 -0.6669 0.7223
vn -0.0351 0.0000 0.9994
vn -0.0653 0.7596 0.6471
vn -0.0776 0.7627 0.6420
vn -0.0259 0.0000 0.9996
vn 0.0286 -0.0031 -0.9996
vn -0.0201 0.7625 -0.6467
vn 0.0140 -0.8215 0.5700
vn 0.0167 -0.6855 -0.7279
vn 0.0129 -0.0495 0.9987
vn -0.0209 0.7530 0.6576
vn 0.0305 -0.0012 0.9995
vn 0.0883 -0.6911 0.7173
vn 0.0097 -0.0008 -0.9999
vn -0.0314 0.7526 -0.6577
vn 0.0716 -0.6848 -0.7252
vn -0.0152 0.6616 0.7496
vn -0.0168 0.0035 0.9998
vn 0.0331 -0.6829 0.7298
vn 0.0202 -0.0032 -0.9998
vn -0.0171 0.6652 -0.7465
vn -0.0435 0.7427 0.6682
vn 0.0634 -0.6980 -0.7133
vn 0.0022 -0.6734 0.7393
vn -0.0284 -0.0782 -0.9965
vn -0.0484 0.7586 -0.6497
vn -0.0125 -0.8480 -0.5297
vn -0.0411 0.7567 0.6525
vn -0.9998 0.0083 -0.0176
vn 1.0000 0.0000 0.0000
vn -1.0000 0.0000 -0.0002
vn 0.1267 0.9466 0.2965
usemtl Skin
s 1
f 347/1/1 341/2/2 4/3/3 1/4/4
f 53/5/5 52/6/6 47/7/7 46/8/8
f 3/9/9 1/4/4 5/10/10 7/11/11
f 1/4/4 4/3/3 8/12/12 5/10/10
f 5/10/10 8/12/12 9/13/13 6/14/14
f 7/11/11 5/10/10 6/14/14 25/15/15
f 4/3/3 11/16/16 10/17/17 8/12/12
f 8/12/12 10/17/17 12/18/18 9/13/13
f 11/16/16 15/19/19 13/20/20 10/17/17
f 10/17/17 13/20/20 14/21/21 12/18/18
f 13/22/20 16/23/22 17/24/23 14/25/21
f 15/26/19 18/27/24 16/23/22 13/22/20
f 16/23/22 19/28/25 21/29/26 17/24/23
f 18/27/24 20/30/27 19/28/25 16/23/22
f 20/30/27 23/31/28 22/32/29 19/28/25
f 19/28/25 22/32/29 24/33/30 21/29/26
f 23/31/28 3/9/9 7/11/11 22/32/29
f 22/32/29 7/11/11 25/15/15 24/33/30
f 24/33/30 25/15/15 29/34/31 26/35/32
f 21/29/26 24/33/30 26/35/32 28/36/33
f 28/36/33 26/35/32 27/37/34 41/38/35
f 26/35/32 29/34/31 30/39/36 27/37/34
f 29/34/31 31/40/37 32/41/38 30/39/36
f 25/15/15 6/14/14 31/40/37 29/34/31
f 6/14/14 9/13/13 33/42/39 31/40/37
f 31/40/37 33/42/39 34/43/40 32/41/38
f 33/42/39 35/44/41 36/45/42 34/43/40
f 9/13/13 12/18/18 35/44/41 33/42/39
f 35/44/41 37/46/43 38/47/44 36/45/42
f 12/18/18 14/21/21 37/46/43 35/44/41
f 14/25/21 17/24/23 39/48/45 37/49/43
f 37/49/43 39/48/45 40/50/46 38/51/44
f 39/48/45 28/36/33 41/38/35 40/50/46
f 17/24/23 21/29/26 28/36/33 39/48/45
f 38/51/44 40/50/46 41/38/35 42/52/47
f 42/52/47 41/38/35 27/37/34 30/39/36
f 36/45/42 38/47/44 42/52/47 34/43/40
f 34/43/40 42/52/47 30/39/36 32/41/38
f 346/53/48 345/54/49 51/55/50 23/31/28
f 348/56/51 44/57/52 43/58/53 349/59/54
f 336/60/55 346/53/48 23/31/28 20/30/27
f 50/61/56 49/62/57 1/4/4 3/9/9
f 356/63/58 2/64/59 48/65/60 357/66/61
f 78/67/62 53/68/5 46/69/8 45/70/63
f 342/71/64 48/65/60 2/64/59 347/1/1
f 356/63/58 355/72/65 57/73/66 2/64/59
f 52/6/6 53/5/5 56/74/67 54/75/68
f 54/75/68 56/74/67 63/76/69 55/77/70
f 355/72/65 354/78/71 58/79/72 57/73/66
f 341/2/2 340/80/73 11/16/16 4/3/3
f 340/80/73 339/81/74 60/82/75 11/16/16
f 354/78/71 353/83/76 59/84/77 58/79/72
f 55/77/70 63/76/69 62/85/78 61/86/79
f 63/87/69 65/88/80 64/89/81 62/90/78
f 352/91/82 351/92/83 67/93/84 66/94/85
f 338/95/86 337/96/87 18/27/24 68/97/88
f 69/98/89 68/97/88 18/27/24 15/26/19
f 339/81/74 358/99/90 70/100/91 60/82/75
f 71/101/92 72/102/93 68/97/88 69/98/89
f 60/82/75 69/103/89 15/19/19 11/16/16
f 276/104/94 272/105/95 329/106/96 324/107/97
f 61/86/79 62/85/78 74/108/98 75/109/99
f 351/92/83 350/110/100 76/111/101 67/93/84
f 337/96/87 336/60/55 20/30/27 18/27/24
f 350/110/100 349/59/54 43/58/53 76/111/101
f 56/112/67 77/113/102 65/88/80 63/87/69
f 53/68/5 78/67/62 77/113/102 56/112/67
f 81/114/103 79/115/104 82/116/105 85/117/106
f 79/115/104 80/118/107 83/119/108 82/116/105
f 85/117/106 82/116/105 84/120/109 86/121/110
f 825/122/111 85/117/106 86/121/110 826/123/112
f 827/124/113 81/114/103 85/117/106 825/122/111
f 830/125/114 828/126/115 87/127/116 92/128/117
f 826/123/112 86/121/110 87/127/116 828/126/115
f 101/129/118 833/130/119 832/131/120 100/132/121
f 86/121/110 84/120/109 88/133/122 87/127/116
f 82/116/105 83/119/108 109/134/123 84/120/109
f 92/128/117 87/127/116 88/133/122 90/135/124
f 321/136/125 151/137/126 152/138/127 318/139/128
f 318/139/128 862/140/129 830/125/114 92/128/117
f 152/138/127 151/137/126 94/141/130 98/142/131
f 84/120/109 109/134/123 89/143/132 88/133/122
f 851/144/133 152/138/127 98/142/131 829/145/134
f 322/146/135 319/147/136 110/148/137 100/132/121
f 75/109/99 361/149/138 353/83/76 61/86/79
f 108/150/139 110/148/137 91/151/140 89/143/132
f 833/130/119 101/129/118 106/152/141 834/153/142
f 835/154/143 104/155/144 102/156/145 836/157/146
f 104/155/144 105/158/147 103/159/148 102/156/145
f 834/153/142 106/152/141 104/155/144 835/154/143
f 106/152/141 107/160/149 105/158/147 104/155/144
f 101/129/118 108/150/139 107/160/149 106/152/141
f 93/161/150 99/162/151 266/163/152 113/164/153
f 109/134/123 107/160/149 108/150/139 89/143/132
f 110/148/137 108/150/139 101/129/118 100/132/121
f 863/165/154 322/146/135 100/132/121 832/131/120
f 83/119/108 105/158/147 107/160/149 109/134/123
f 95/166/155 112/167/156 125/168/157 127/169/158
f 319/147/136 153/170/159 155/171/160 320/172/161
f 155/171/160 266/163/152 94/141/130 151/137/126
f 153/170/159 113/164/153 266/163/152 155/171/160
f 143/173/162 141/174/163 116/175/164 117/176/165
f 144/177/166 848/178/167 838/179/168 120/180/169
f 847/181/170 143/173/162 117/176/165 837/182/171
f 80/118/107 103/159/148 105/158/147 83/119/108
f 97/183/172 111/184/173 268/185/174 126/186/175
f 142/187/176 144/177/166 120/180/169 118/188/177
f 113/164/153 115/189/178 123/190/179 125/168/157
f 145/191/180 142/187/176 118/188/177 119/192/181
f 829/145/134 98/142/131 121/193/182 839/194/183
f 115/189/178 831/195/184 840/196/185 123/190/179
f 98/142/131 94/141/130 122/197/186 121/193/182
f 125/168/157 123/190/179 129/198/187 127/169/158
f 141/174/163 145/199/180 119/200/181 116/175/164
f 839/194/183 121/193/182 128/201/188 841/202/189
f 123/190/179 840/196/185 842/203/190 129/198/187
f 121/193/182 122/197/186 126/186/175 128/201/188
f 264/204/191 279/205/192 280/206/193 262/207/194
f 127/169/158 129/198/187 134/208/195 132/209/196
f 91/151/140 90/135/124 88/133/122 89/143/132
f 841/202/189 128/201/188 133/210/197 843/211/198
f 129/198/187 842/203/190 844/212/199 134/208/195
f 128/201/188 126/186/175 131/213/200 133/210/197
f 150/214/201 147/215/202 139/216/203 137/217/204
f 126/186/175 268/185/174 135/218/205 131/213/200
f 93/161/150 267/219/206 264/220/191 99/162/151
f 849/221/207 146/222/208 138/223/209 845/224/210
f 147/215/202 850/225/211 846/226/212 139/216/203
f 146/222/208 149/227/213 136/228/214 138/223/209
f 335/229/215 332/230/216 144/177/166 142/187/176
f 149/227/213 148/231/217 140/232/218 136/228/214
f 148/233/217 150/214/201 137/217/204 140/234/218
f 867/235/219 331/236/220 143/173/162 847/181/170
f 332/230/216 869/237/221 848/178/167 144/177/166
f 331/236/220 334/238/222 141/174/163 143/173/162
f 133/210/197 131/213/200 149/227/213 146/222/208
f 134/208/195 844/212/199 850/225/211 147/215/202
f 843/211/198 133/210/197 146/222/208 849/221/207
f 333/239/223 335/229/215 142/187/176 145/191/180
f 334/238/222 333/240/223 145/199/180 141/174/163
f 132/209/196 134/208/195 147/215/202 150/214/201
f 831/195/184 115/189/178 154/241/224 852/242/225
f 131/213/200 135/218/205 148/231/217 149/227/213
f 115/189/178 113/164/153 153/170/159 154/241/224
f 124/243/226 283/244/227 278/245/228 267/246/206
f 135/247/205 132/209/196 150/214/201 148/233/217
f 268/248/174 111/249/173 95/166/155 127/169/158
f 265/250/229 284/251/230 285/252/231 130/253/232
f 253/254/233 252/255/234 157/256/235 156/257/236
f 249/258/237 223/259/238 859/260/239 860/261/240
f 156/257/236 157/256/235 118/188/177 120/180/169
f 259/262/241 254/263/242 161/264/243 162/265/244
f 99/162/151 96/266/245 94/141/130 266/163/152
f 157/256/235 158/267/246 119/192/181 118/188/177
f 117/176/165 116/175/164 159/268/247 160/269/248
f 158/270/246 159/268/247 116/175/164 119/200/181
f 250/271/249 230/272/250 223/259/238 249/258/237
f 160/269/248 854/273/251 837/182/171 117/176/165
f 861/274/252 253/254/233 156/257/236 853/275/253
f 236/276/254 173/277/255 175/278/256 235/279/257
f 162/265/244 161/264/243 856/280/258 857/281/259
f 161/264/243 163/282/260 855/283/261 856/280/258
f 233/284/262 164/285/263 167/286/264 239/287/265
f 234/288/266 235/279/257 175/278/256 178/289/267
f 196/290/268 177/291/269 229/292/270 197/293/271
f 166/294/272 182/295/273 165/296/274 164/285/263
f 164/285/263 165/296/274 168/297/275 167/286/264
f 167/286/264 168/297/275 170/298/276 169/299/277
f 252/255/234 232/300/278 231/301/279 251/302/280
f 239/287/265 167/286/264 169/299/277 238/303/281
f 237/304/282 171/305/283 173/277/255 236/276/254
f 169/299/277 170/298/276 172/306/284 171/307/283
f 173/277/255 174/308/285 176/309/286 175/278/256
f 194/310/287 193/311/288 191/312/289 192/313/290
f 175/278/256 176/309/286 180/314/291 178/289/267
f 240/315/292 234/288/266 178/289/267 166/294/272
f 178/289/267 180/314/291 182/295/273 166/294/272
f 181/316/293 180/314/291 176/309/286 195/317/294
f 183/318/295 182/295/273 180/314/291 181/316/293
f 185/319/296 165/296/274 182/295/273 183/318/295
f 186/320/297 185/319/296 183/318/295 184/321/298
f 184/321/298 183/318/295 181/316/293 197/293/271
f 188/322/299 187/323/300 185/319/296 186/320/297
f 187/323/300 168/297/275 165/296/274 185/319/296
f 190/324/301 189/325/302 187/323/300 188/322/299
f 189/325/302 170/298/276 168/297/275 187/323/300
f 238/303/281 169/299/277 171/307/283 237/326/282
f 192/313/290 191/312/289 189/325/302 190/324/301
f 193/311/288 174/308/285 172/306/284 191/312/289
f 192/313/290 227/327/303 228/328/304 194/310/287
f 196/290/268 195/317/294 193/311/288 194/310/287
f 195/317/294 176/309/286 174/308/285 193/311/288
f 197/293/271 181/316/293 195/317/294 196/290/268
f 197/293/271 229/292/270 179/329/305 184/321/298
f 191/312/289 172/306/284 170/298/276 189/325/302
f 215/330/306 216/331/307 220/332/308 218/333/309
f 177/291/269 199/334/310 198/335/311 229/292/270
f 229/292/270 198/335/311 200/336/312 179/329/305
f 199/334/310 203/337/313 201/338/314 198/335/311
f 198/335/311 201/338/314 204/339/315 200/336/312
f 203/337/313 221/340/316 202/341/317 201/338/314
f 201/338/314 202/341/317 205/342/318 204/339/315
f 204/339/315 205/342/318 207/343/319 206/344/320
f 200/336/312 204/339/315 206/344/320 208/345/321
f 206/344/320 207/343/319 210/346/322 209/347/323
f 208/345/321 206/344/320 209/347/323 211/348/324
f 209/347/323 210/346/322 214/349/325 212/350/326
f 211/348/324 209/347/323 212/350/326 213/351/327
f 190/324/301 226/352/328 227/327/303 192/313/290
f 213/351/327 212/350/326 215/330/306 217/353/329
f 217/353/329 215/330/306 218/333/309 219/354/330
f 227/327/303 217/353/329 219/354/330 228/328/304
f 219/354/330 218/333/309 203/337/313 199/334/310
f 218/333/309 220/332/308 221/340/316 203/337/313
f 248/355/331 237/304/282 236/276/254 243/356/332
f 228/328/304 219/354/330 199/334/310 177/291/269
f 212/350/326 214/349/325 216/331/307 215/330/306
f 225/357/333 211/348/324 213/351/327 226/352/328
f 184/321/298 179/329/305 224/358/334 186/320/297
f 224/358/334 208/345/321 211/348/324 225/357/333
f 179/329/305 200/336/312 208/345/321 224/358/334
f 223/259/238 222/359/335 858/360/336 859/260/239
f 222/359/335 162/265/244 857/281/259 858/360/336
f 228/328/304 177/291/269 196/290/268 194/310/287
f 188/322/299 225/357/333 226/352/328 190/324/301
f 186/320/297 224/358/334 225/357/333 188/322/299
f 853/275/253 156/257/236 120/180/169 838/179/168
f 246/361/337 242/362/338 234/288/266 240/315/292
f 261/363/339 248/355/331 243/356/332 256/364/340
f 226/352/328 213/351/327 217/353/329 227/327/303
f 245/365/341 239/287/265 238/303/281 244/366/342
f 242/362/338 247/367/343 235/279/257 234/288/266
f 241/368/344 233/284/262 239/287/265 245/365/341
f 243/356/332 236/276/254 235/279/257 247/367/343
f 166/294/272 164/285/263 233/284/262 240/315/292
f 256/364/340 243/356/332 247/367/343 260/369/345
f 254/263/242 241/368/344 245/365/341 258/370/346
f 255/371/347 260/369/345 247/367/343 242/362/338
f 258/370/346 245/365/341 244/366/342 257/372/348
f 244/366/342 238/303/281 237/326/282 248/373/331
f 158/270/246 251/374/280 250/271/249 159/268/247
f 259/262/241 255/371/347 242/362/338 246/361/337
f 240/315/292 233/284/262 241/368/344 246/361/337
f 855/283/261 163/282/260 253/254/233 861/274/252
f 159/268/247 250/271/249 249/258/237 160/269/248
f 231/375/279 261/363/339 256/364/340 230/272/250
f 257/372/348 244/366/342 248/373/331 261/376/339
f 160/269/248 249/258/237 860/261/240 854/273/251
f 163/282/260 232/300/278 252/255/234 253/254/233
f 162/265/244 222/359/335 255/371/347 259/262/241
f 263/377/349 282/378/350 284/251/230 265/250/229
f 157/256/235 252/255/234 251/302/280 158/267/246
f 163/282/260 258/370/346 257/372/348 232/300/278
f 222/359/335 223/259/238 260/369/345 255/371/347
f 161/264/243 254/263/242 258/370/346 163/282/260
f 230/272/250 256/364/340 260/369/345 223/259/238
f 246/361/337 241/368/344 254/263/242 259/262/241
f 320/172/161 321/136/125 90/135/124 91/151/140
f 130/253/232 285/252/231 283/244/227 124/243/226
f 232/300/278 257/372/348 261/376/339 231/301/279
f 114/379/351 281/380/352 282/378/350 263/377/349
f 262/207/194 280/206/193 281/381/352 114/382/351
f 122/197/186 269/383/353 97/183/172 126/186/175
f 312/384/354 313/385/355 274/386/356 272/105/95
f 94/141/130 96/266/245 269/383/353 122/197/186
f 315/387/357 316/388/358 270/389/359 275/390/360
f 284/251/230 282/378/350 299/391/361 290/392/362
f 280/206/193 279/205/192 301/393/363 296/394/364
f 282/378/350 281/380/352 292/395/365 299/391/361
f 317/396/366 310/397/367 271/398/368 277/399/369
f 323/400/370 330/401/371 493/402/372 488/403/373
f 278/245/228 283/244/227 308/404/374 305/405/375
f 283/244/227 285/252/231 286/406/376 308/404/374
f 490/407/377 489/408/378 46/8/8 47/7/7
f 268/248/174 127/169/158 132/209/196 135/247/205
f 487/409/379 486/410/380 50/61/56 51/55/50
f 489/411/378 488/403/373 45/70/63 46/69/8
f 329/106/96 325/412/381 490/407/377 492/413/382
f 486/410/380 485/414/383 49/62/57 50/61/56
f 302/415/384 295/416/385 297/417/386 303/418/387
f 93/161/150 113/164/153 125/168/157 112/167/156
f 324/107/97 329/106/96 491/419/388 485/414/383
f 269/383/353 114/420/351 263/421/349 97/183/172
f 311/422/389 312/384/354 272/105/95 276/104/94
f 279/205/192 278/245/228 305/405/375 301/393/363
f 314/423/390 315/387/357 275/390/360 273/424/391
f 281/381/352 280/206/193 296/394/364 292/425/365
f 313/385/355 314/426/390 273/427/391 274/386/356
f 310/397/367 311/422/389 276/104/94 271/398/368
f 287/428/392 307/429/393 309/430/394 288/431/395
f 288/431/395 309/430/394 308/404/374 286/406/376
f 307/429/393 304/432/396 306/433/397 309/430/394
f 309/430/394 306/433/397 305/405/375 308/404/374
f 303/418/387 297/417/386 296/394/364 301/393/363
f 298/434/398 289/435/399 291/436/400 300/437/401
f 316/388/358 317/396/366 277/399/369 270/389/359
f 304/432/396 302/415/384 303/418/387 306/433/397
f 293/438/402 298/434/398 300/437/401 294/439/403
f 294/439/403 300/437/401 299/391/361 292/395/365
f 300/437/401 291/436/400 290/392/362 299/391/361
f 99/162/151 264/220/191 262/440/194 96/266/245
f 295/416/385 293/441/402 294/442/403 297/417/386
f 297/417/386 294/442/403 292/425/365 296/394/364
f 306/433/397 303/418/387 301/393/363 305/405/375
f 289/435/399 287/428/392 288/431/395 291/436/400
f 291/436/400 288/431/395 286/406/376 290/392/362
f 95/166/155 130/443/232 124/444/226 112/167/156
f 97/183/172 263/421/349 265/445/229 111/184/173
f 96/266/245 262/440/194 114/446/351 269/383/353
f 285/252/231 284/251/230 290/392/362 286/406/376
f 112/167/156 124/444/226 267/219/206 93/161/150
f 295/416/385 302/415/384 316/388/358 315/387/357
f 307/429/393 287/428/392 311/422/389 310/397/367
f 298/434/398 293/438/402 314/426/390 313/385/355
f 293/441/402 295/416/385 315/387/357 314/423/390
f 111/249/173 265/447/229 130/443/232 95/166/155
f 302/415/384 304/432/396 317/396/366 316/388/358
f 304/432/396 307/429/393 310/397/367 317/396/366
f 289/435/399 298/434/398 313/385/355 312/384/354
f 155/171/160 151/137/126 321/136/125 320/172/161
f 272/105/95 274/386/356 325/412/381 329/106/96
f 287/428/392 289/435/399 312/384/354 311/422/389
f 852/242/225 154/241/224 322/146/135 863/165/154
f 154/241/224 153/170/159 319/147/136 322/146/135
f 152/138/127 851/144/133 862/140/129 318/139/128
f 90/135/124 321/136/125 318/139/128 92/128/117
f 23/31/28 51/55/50 50/61/56 3/9/9
f 275/390/360 270/389/359 330/401/371 323/400/370
f 110/148/137 319/147/136 320/172/161 91/151/140
f 271/398/368 276/104/94 324/107/97 326/448/404
f 136/228/214 140/232/218 333/240/223 334/238/222
f 273/424/391 275/390/360 323/400/370 327/449/405
f 277/399/369 271/398/368 326/448/404 328/450/406
f 274/386/356 273/427/391 327/451/405 325/412/381
f 270/389/359 277/399/369 328/450/406 330/401/371
f 138/223/209 136/228/214 334/238/222 331/236/220
f 139/216/203 846/226/212 869/237/221 332/230/216
f 845/224/210 138/223/209 331/236/220 867/235/219
f 267/246/206 278/245/228 279/205/192 264/204/191
f 251/374/280 231/375/279 230/272/250 250/271/249
f 137/217/204 139/216/203 332/230/216 335/229/215
f 338/95/86 68/97/88 72/102/93 359/452/407
f 66/94/85 338/95/86 359/452/407 343/453/408
f 352/91/82 360/454/409 73/455/410 64/89/81
f 70/100/91 71/456/92 69/103/89 60/82/75
f 62/90/78 64/89/81 73/455/410 74/457/98
f 361/149/138 344/458/411 59/84/77 353/83/76
f 66/94/85 343/453/408 360/454/409 352/91/82
f 67/93/84 76/111/101 336/60/55 337/96/87
f 59/84/77 344/458/411 358/99/90 339/81/74
f 66/94/85 67/93/84 337/96/87 338/95/86
f 58/79/72 59/84/77 339/81/74 340/80/73
f 57/73/66 58/79/72 340/80/73 341/2/2
f 49/62/57 342/71/64 347/1/1 1/4/4
f 76/111/101 43/58/53 346/53/48 336/60/55
f 43/58/53 44/57/52 345/54/49 346/53/48
f 2/64/59 57/73/66 341/2/2 347/1/1
f 140/234/218 137/217/204 335/229/215 333/239/223
f 77/113/102 78/67/62 349/59/54 350/110/100
f 65/88/80 77/113/102 350/110/100 351/92/83
f 64/89/81 65/88/80 351/92/83 352/91/82
f 55/77/70 61/86/79 353/83/76 354/78/71
f 54/75/68 55/77/70 354/78/71 355/72/65
f 52/6/6 54/75/68 355/72/65 356/63/58
f 52/6/6 356/63/58 357/66/61 47/7/7
f 45/70/63 348/56/51 349/59/54 78/67/62
f 171/305/283 172/306/284 174/308/285 173/277/255
f 362/459/412 401/460/413 365/461/414 366/462/415
f 460/463/416 401/460/413 362/459/412 459/464/417
f 456/465/418 364/466/419 363/467/420 455/468/421
f 457/469/422 365/470/414 364/466/419 456/465/418
f 458/471/423 366/462/415 365/461/414 457/472/422
f 459/464/417 362/459/412 366/462/415 458/471/423
f 367/473/424 368/474/425 402/475/426 371/476/427
f 437/477/428 368/474/425 367/473/424 441/478/429
f 442/479/430 402/475/426 368/474/425 437/477/428
f 439/480/431 370/481/432 369/482/433 438/483/434
f 440/484/435 371/485/427 370/481/432 439/480/431
f 441/478/429 367/473/424 371/476/427 440/486/435
f 403/487/436 373/488/437 374/489/438 404/490/439
f 448/491/440 403/492/436 372/493/441 446/494/442
f 444/495/443 374/489/438 373/488/437 443/496/444
f 447/497/445 404/490/439 374/489/438 444/495/443
f 446/494/442 372/493/441 375/498/446 445/499/447
f 406/500/448 405/501/449 378/502/450 379/503/451
f 449/504/452 377/505/453 376/506/454 452/507/455
f 454/508/456 405/509/449 377/505/453 449/504/452
f 451/510/457 379/503/451 378/502/450 450/511/458
f 453/512/459 406/500/448 379/503/451 451/510/457
f 478/513/460 407/514/461 383/515/462 476/516/463
f 476/516/463 383/515/462 382/517/464 475/518/465
f 477/519/466 408/520/467 380/521/468 474/522/469
f 474/522/469 380/521/468 381/523/470 473/524/471
f 479/525/472 385/526/473 388/527/474 483/528/475
f 483/528/475 388/527/474 387/529/476 482/530/477
f 482/531/477 387/532/476 386/533/478 481/534/479
f 481/534/479 386/533/478 384/535/480 480/536/481
f 484/537/482 409/538/483 385/526/473 479/525/472
f 467/539/484 390/540/485 392/541/486 470/542/487
f 472/543/488 410/544/489 391/545/490 469/546/491
f 469/546/491 391/545/490 389/547/492 468/548/493
f 471/549/494 411/550/495 390/540/485 467/539/484
f 461/551/496 394/552/497 397/553/498 465/554/499
f 465/555/499 397/556/498 396/557/500 464/558/501
f 464/558/501 396/557/500 395/559/502 463/560/503
f 466/561/504 412/562/505 393/563/506 462/564/507
f 462/564/507 393/563/506 394/552/497 461/551/496
f 463/560/503 395/559/502 412/565/505 466/566/504
f 468/548/493 389/547/492 411/567/495 471/568/494
f 470/542/487 392/541/486 410/569/489 472/570/488
f 480/536/481 384/535/480 409/571/483 484/572/482
f 475/518/465 382/517/464 408/573/467 477/574/466
f 473/524/471 381/523/470 407/575/461 478/576/460
f 452/507/455 376/506/454 406/577/448 453/578/459
f 450/511/458 378/502/450 405/501/449 454/579/456
f 376/506/454 377/505/453 405/509/449 406/577/448
f 445/499/447 375/498/446 404/580/439 447/581/445
f 443/496/444 373/488/437 403/487/436 448/582/440
f 372/493/441 403/492/436 404/580/439 375/498/446
f 438/483/434 369/482/433 402/583/426 442/584/430
f 455/468/421 363/467/420 401/585/413 460/586/416
f 365/470/414 401/585/413 363/467/420 364/466/419
f 371/485/427 402/583/426 369/482/433 370/481/432
f 384/535/480 413/587/508 418/588/509 409/571/483
f 385/526/473 417/589/510 416/590/511 388/527/474
f 388/527/474 416/590/511 415/591/512 387/529/476
f 387/532/476 415/592/512 414/593/513 386/533/478
f 386/533/478 414/593/513 413/587/508 384/535/480
f 409/538/483 418/594/509 417/589/510 385/526/473
f 382/517/464 420/595/514 424/596/515 408/573/467
f 381/523/470 422/597/516 423/598/517 407/575/461
f 407/514/461 423/599/517 421/600/518 383/515/462
f 383/515/462 421/600/518 420/595/514 382/517/464
f 408/520/467 424/601/515 419/602/519 380/521/468
f 380/521/468 419/602/519 422/597/516 381/523/470
f 389/547/492 425/603/520 430/604/521 411/567/495
f 392/541/486 427/605/522 429/606/523 410/569/489
f 390/540/485 428/607/524 427/605/522 392/541/486
f 410/544/489 429/608/523 426/609/525 391/545/490
f 391/545/490 426/609/525 425/603/520 389/547/492
f 411/550/495 430/610/521 428/607/524 390/540/485
f 395/559/502 432/611/526 436/612/527 412/565/505
f 394/552/497 435/613/528 434/614/529 397/553/498
f 397/556/498 434/615/529 433/616/530 396/557/500
f 396/557/500 433/616/530 432/611/526 395/559/502
f 412/562/505 436/617/527 431/618/531 393/563/506
f 393/563/506 431/618/531 435/613/528 394/552/497
f 432/611/526 438/483/434 442/584/430 436/612/527
f 435/613/528 441/478/429 440/486/435 434/614/529
f 434/615/529 440/484/435 439/480/431 433/616/530
f 433/616/530 439/480/431 438/483/434 432/611/526
f 436/617/527 442/479/430 437/477/428 431/618/531
f 431/618/531 437/477/428 441/478/429 435/613/528
f 425/603/520 443/496/444 448/582/440 430/604/521
f 427/605/522 445/499/447 447/581/445 429/606/523
f 428/607/524 446/494/442 445/499/447 427/605/522
f 429/608/523 447/497/445 444/495/443 426/609/525
f 426/609/525 444/495/443 443/496/444 425/603/520
f 430/610/521 448/491/440 446/494/442 428/607/524
f 420/595/514 450/511/458 454/579/456 424/596/515
f 422/597/516 452/507/455 453/578/459 423/598/517
f 423/599/517 453/512/459 451/510/457 421/600/518
f 421/600/518 451/510/457 450/511/458 420/595/514
f 424/601/515 454/508/456 449/504/452 419/602/519
f 419/602/519 449/504/452 452/507/455 422/597/516
f 413/587/508 455/468/421 460/586/416 418/588/509
f 417/589/510 459/464/417 458/471/423 416/590/511
f 416/590/511 458/471/423 457/472/422 415/591/512
f 415/592/512 457/469/422 456/465/418 414/593/513
f 414/593/513 456/465/418 455/468/421 413/587/508
f 418/594/509 460/463/416 459/464/417 417/589/510
f 361/149/138 463/560/503 466/566/504 400/619/532
f 360/454/409 462/564/507 461/551/496 73/455/410
f 400/620/532 466/561/504 462/564/507 360/454/409
f 75/109/99 464/558/501 463/560/503 361/149/138
f 74/108/98 465/555/499 464/558/501 75/109/99
f 73/455/410 461/551/496 465/554/499 74/457/98
f 360/454/409 470/542/487 472/570/488 400/620/532
f 344/458/411 468/548/493 471/568/494 398/621/533
f 398/622/533 471/549/494 467/539/484 343/453/408
f 361/149/138 469/546/491 468/548/493 344/458/411
f 400/619/532 472/543/488 469/546/491 361/149/138
f 343/453/408 467/539/484 470/542/487 360/454/409
f 343/453/408 473/524/471 478/576/460 398/622/533
f 358/99/90 475/518/465 477/574/466 399/623/534
f 359/452/407 474/522/469 473/524/471 343/453/408
f 399/624/534 477/519/466 474/522/469 359/452/407
f 344/458/411 476/516/463 475/518/465 358/99/90
f 398/621/533 478/513/460 476/516/463 344/458/411
f 359/452/407 480/536/481 484/572/482 399/624/534
f 399/623/534 484/537/482 479/525/472 358/99/90
f 72/102/93 481/534/479 480/536/481 359/452/407
f 71/101/92 482/531/477 481/534/479 72/102/93
f 70/100/91 483/528/475 482/530/477 71/456/92
f 358/99/90 479/525/472 483/528/475 70/100/91
f 326/448/404 324/107/97 485/414/383 486/410/380
f 328/450/406 326/448/404 486/410/380 487/409/379
f 327/449/405 323/400/370 488/403/373 489/411/378
f 325/412/381 327/451/405 489/408/378 490/407/377
f 485/414/383 491/419/388 342/71/64 49/62/57
f 490/407/377 47/7/7 357/66/61 492/413/382
f 342/71/64 491/419/388 329/106/96 48/65/60
f 492/413/382 357/66/61 48/65/60 329/106/96
f 488/403/373 493/402/372 348/56/51 45/70/63
f 494/625/535 345/54/49 44/57/52 330/401/371
f 494/625/535 330/401/371 328/450/406 487/409/379
f 348/56/51 493/402/372 330/401/371 44/57/52
f 345/54/49 494/625/535 487/409/379 51/55/50
f 882/626/536 495/627/537 498/628/538 876/629/539
f 547/630/540 540/631/541 541/632/542 546/633/543
f 497/634/544 501/635/545 499/636/546 495/627/537
f 495/627/537 499/636/546 502/637/547 498/628/538
f 499/636/546 500/638/548 503/639/549 502/637/547
f 501/635/545 519/640/550 500/638/548 499/636/546
f 498/628/538 502/637/547 504/641/551 505/642/552
f 502/637/547 503/639/549 506/643/553 504/641/551
f 505/642/552 504/641/551 507/644/554 509/645/555
f 504/641/551 506/643/553 508/646/556 507/644/554
f 507/647/554 508/648/556 511/649/557 510/650/558
f 509/651/555 507/647/554 510/650/558 512/652/559
f 510/650/558 511/649/557 515/653/560 513/654/561
f 512/652/559 510/650/558 513/654/561 514/655/562
f 514/655/562 513/654/561 516/656/563 517/657/564
f 513/654/561 515/653/560 518/658/565 516/656/563
f 517/657/564 516/656/563 501/635/545 497/634/544
f 516/656/563 518/658/565 519/640/550 501/635/545
f 518/658/565 520/659/566 523/660/567 519/640/550
f 515/653/560 522/661/568 520/659/566 518/658/565
f 522/661/568 535/662/569 521/663/570 520/659/566
f 520/659/566 521/663/570 524/664/571 523/660/567
f 523/660/567 524/664/571 526/665/572 525/666/573
f 519/640/550 523/660/567 525/666/573 500/638/548
f 500/638/548 525/666/573 527/667/574 503/639/549
f 525/666/573 526/665/572 528/668/575 527/667/574
f 527/667/574 528/668/575 530/669/576 529/670/577
f 503/639/549 527/667/574 529/670/577 506/643/553
f 529/670/577 530/669/576 532/671/578 531/672/579
f 506/643/553 529/670/577 531/672/579 508/646/556
f 508/648/556 531/673/579 533/674/580 511/649/557
f 531/673/579 532/675/578 534/676/581 533/674/580
f 533/674/580 534/676/581 535/662/569 522/661/568
f 511/649/557 533/674/580 522/661/568 515/653/560
f 532/675/578 536/677/582 535/662/569 534/676/581
f 536/677/582 524/664/571 521/663/570 535/662/569
f 530/669/576 528/668/575 536/677/582 532/671/578
f 528/668/575 526/665/572 524/664/571 536/677/582
f 881/678/583 517/657/564 545/679/584 880/680/585
f 883/681/586 884/682/587 537/683/588 538/684/589
f 871/685/590 514/655/562 517/657/564 881/678/583
f 544/686/591 497/634/544 495/627/537 543/687/592
f 891/688/593 892/689/594 542/690/595 496/691/596
f 572/692/597 539/693/598 540/694/541 547/695/540
f 877/696/599 882/626/536 496/691/596 542/690/595
f 891/688/593 496/691/596 551/697/600 890/698/601
f 546/633/543 548/699/602 550/700/603 547/630/540
f 548/699/602 549/701/604 557/702/605 550/700/603
f 890/698/601 551/697/600 552/703/606 889/704/607
f 876/629/539 498/628/538 505/642/552 875/705/608
f 875/705/608 505/642/552 554/706/609 874/707/610
f 889/704/607 552/703/606 553/708/611 888/709/612
f 549/701/604 555/710/613 556/711/614 557/702/605
f 557/712/605 556/713/614 558/714/615 559/715/616
f 887/716/617 560/717/618 561/718/619 886/719/620
f 873/720/621 562/721/622 512/652/559 872/722/623
f 563/723/624 509/651/555 512/652/559 562/721/622
f 874/707/610 554/706/609 564/724/625 893/725/626
f 565/726/627 563/723/624 562/721/622 566/727/628
f 554/706/609 505/642/552 509/645/555 563/728/624
f 770/729/629 818/730/630 823/731/631 766/732/632
f 555/710/613 569/733/633 568/734/634 556/711/614
f 886/719/620 561/718/619 570/735/635 885/736/636
f 872/722/623 512/652/559 514/655/562 871/685/590
f 885/736/636 570/735/635 537/683/588 884/682/587
f 550/737/603 557/712/605 559/715/616 571/738/637
f 547/695/540 550/737/603 571/738/637 572/692/597
f 575/739/638 579/740/639 576/741/640 573/742/641
f 573/742/641 576/741/640 577/743/642 574/744/643
f 579/740/639 580/745/644 578/746/645 576/741/640
f 825/122/111 826/123/112 580/745/644 579/740/639
f 827/124/113 825/122/111 579/740/639 575/739/638
f 830/125/114 586/747/646 581/748/647 828/126/115
f 826/123/112 828/126/115 581/748/647 580/745/644
f 595/749/648 594/750/649 832/131/120 833/130/119
f 580/745/644 581/748/647 582/751/650 578/746/645
f 576/741/640 578/746/645 603/752/651 577/743/642
f 586/747/646 584/753/652 582/751/650 581/748/647
f 815/754/653 812/755/654 646/756/655 645/757/656
f 812/755/654 586/747/646 830/125/114 862/140/129
f 646/756/655 592/758/657 588/759/658 645/757/656
f 578/746/645 582/751/650 583/760/659 603/752/651
f 851/144/133 829/145/134 592/758/657 646/756/655
f 816/761/660 594/750/649 604/762/661 813/763/662
f 569/733/633 555/710/613 888/709/612 896/764/663
f 602/765/664 583/760/659 585/766/665 604/762/661
f 833/130/119 834/153/142 600/767/666 595/749/648
f 835/154/143 836/157/146 596/768/667 598/769/668
f 598/769/668 596/768/667 597/770/669 599/771/670
f 834/153/142 835/154/143 598/769/668 600/767/666
f 600/767/666 598/769/668 599/771/670 601/772/671
f 595/749/648 600/767/666 601/772/671 602/765/664
f 587/773/672 607/774/673 760/775/674 593/776/675
f 603/752/651 583/760/659 602/765/664 601/772/671
f 604/762/661 594/750/649 595/749/648 602/765/664
f 863/165/154 832/131/120 594/750/649 816/761/660
f 577/743/642 603/752/651 601/772/671 599/771/670
f 589/777/676 621/778/677 619/779/678 606/780/679
f 813/763/662 814/781/680 649/782/681 647/783/682
f 649/782/681 645/757/656 588/759/658 760/775/674
f 647/783/682 649/782/681 760/775/674 607/774/673
f 637/784/683 611/785/684 610/786/685 635/787/686
f 638/788/687 614/789/688 838/179/168 848/178/167
f 847/181/170 837/182/171 611/785/684 637/784/683
f 574/744/643 577/743/642 599/771/670 597/770/669
f 591/790/689 620/791/690 762/792/691 605/793/692
f 636/794/693 612/795/694 614/789/688 638/788/687
f 607/774/673 619/779/678 617/796/695 609/797/696
f 639/798/697 613/799/698 612/795/694 636/794/693
f 829/145/134 839/194/183 615/800/699 592/758/657
f 609/797/696 617/796/695 840/196/185 831/195/184
f 592/758/657 615/800/699 616/801/700 588/759/658
f 619/779/678 621/778/677 623/802/701 617/796/695
f 635/787/686 610/786/685 613/803/698 639/804/697
f 839/194/183 841/202/189 622/805/702 615/800/699
f 617/796/695 623/802/701 842/203/190 840/196/185
f 615/800/699 622/805/702 620/791/690 616/801/700
f 758/806/703 756/807/704 774/808/705 773/809/706
f 621/778/677 626/810/707 628/811/708 623/802/701
f 585/766/665 583/760/659 582/751/650 584/753/652
f 841/202/189 843/211/198 627/812/709 622/805/702
f 623/802/701 628/811/708 844/212/199 842/203/190
f 622/805/702 627/812/709 625/813/710 620/791/690
f 644/814/711 631/815/712 633/816/713 641/817/714
f 620/791/690 625/813/710 629/818/715 762/792/691
f 587/819/672 593/820/675 758/806/703 761/821/716
f 849/221/207 845/224/210 632/822/717 640/823/718
f 641/817/714 633/816/713 846/226/212 850/225/211
f 640/823/718 632/822/717 630/824/719 643/825/720
f 870/826/721 636/794/693 638/788/687 865/827/722
f 643/825/720 630/824/719 634/828/723 642/829/724
f 642/830/724 634/831/723 631/815/712 644/814/711
f 867/235/219 847/181/170 637/784/683 864/832/725
f 865/827/722 638/788/687 848/178/167 869/237/221
f 864/832/725 637/784/683 635/787/686 868/833/726
f 627/812/709 640/823/718 643/825/720 625/813/710
f 628/811/708 641/817/714 850/225/211 844/212/199
f 843/211/198 849/221/207 640/823/718 627/812/709
f 866/834/727 639/798/697 636/794/693 870/826/721
f 868/833/726 635/787/686 639/804/697 866/835/727
f 626/810/707 644/814/711 641/817/714 628/811/708
f 831/195/184 852/242/225 648/836/728 609/797/696
f 625/813/710 643/825/720 642/829/724 629/818/715
f 609/797/696 648/836/728 647/783/682 607/774/673
f 618/837/729 761/821/716 772/838/730 777/839/731
f 629/840/715 642/830/724 644/814/711 626/810/707
f 762/841/691 621/778/677 589/777/676 605/842/692
f 759/843/732 624/844/733 779/845/734 778/846/735
f 747/847/736 650/848/737 651/849/738 746/850/739
f 743/851/740 860/261/240 859/260/239 717/852/741
f 650/848/737 614/789/688 612/795/694 651/849/738
f 753/853/742 656/854/743 655/855/744 748/856/745
f 593/776/675 760/775/674 588/759/658 590/857/746
f 651/849/738 612/795/694 613/799/698 652/858/747
f 611/785/684 654/859/748 653/860/749 610/786/685
f 652/861/747 613/803/698 610/786/685 653/860/749
f 744/862/750 743/851/740 717/852/741 724/863/751
f 654/859/748 611/785/684 837/182/171 854/273/251
f 861/274/252 853/275/253 650/848/737 747/847/736
f 730/864/752 729/865/753 669/866/754 667/867/755
f 656/854/743 857/281/259 856/280/258 655/855/744
f 655/855/744 856/280/258 855/283/261 657/868/756
f 727/869/757 733/870/758 661/871/759 658/872/760
f 728/873/761 672/874/762 669/866/754 729/865/753
f 690/875/763 691/876/764 723/877/765 671/878/766
f 660/879/767 658/872/760 659/880/768 676/881/769
f 658/872/760 661/871/759 662/882/770 659/880/768
f 661/871/759 663/883/771 664/884/772 662/882/770
f 746/850/739 745/885/773 725/886/774 726/887/775
f 733/870/758 732/888/776 663/883/771 661/871/759
f 731/889/777 730/864/752 667/867/755 665/890/778
f 663/883/771 665/891/778 666/892/779 664/884/772
f 667/867/755 669/866/754 670/893/780 668/894/781
f 688/895/782 686/896/783 685/897/784 687/898/785
f 669/866/754 672/874/762 674/899/786 670/893/780
f 734/900/787 660/879/767 672/874/762 728/873/761
f 672/874/762 660/879/767 676/881/769 674/899/786
f 675/901/788 689/902/789 670/893/780 674/899/786
f 677/903/790 675/901/788 674/899/786 676/881/769
f 679/904/791 677/903/790 676/881/769 659/880/768
f 680/905/792 678/906/793 677/903/790 679/904/791
f 678/906/793 691/876/764 675/901/788 677/903/790
f 682/907/794 680/905/792 679/904/791 681/908/795
f 681/908/795 679/904/791 659/880/768 662/882/770
f 684/909/796 682/907/794 681/908/795 683/910/797
f 683/910/797 681/908/795 662/882/770 664/884/772
f 732/888/776 731/911/777 665/891/778 663/883/771
f 686/912/783 684/909/796 683/910/797 685/913/784
f 687/898/785 685/897/784 666/914/779 668/894/781
f 686/896/783 688/895/782 722/915/798 721/916/799
f 690/875/763 688/895/782 687/898/785 689/902/789
f 689/902/789 687/898/785 668/894/781 670/893/780
f 691/876/764 690/875/763 689/902/789 675/901/788
f 691/876/764 678/906/793 673/917/800 723/877/765
f 685/913/784 683/910/797 664/884/772 666/892/779
f 709/918/801 712/919/802 714/920/803 710/921/804
f 671/878/766 723/877/765 692/922/805 693/923/806
f 723/877/765 673/917/800 694/924/807 692/922/805
f 693/923/806 692/922/805 695/925/808 697/926/809
f 692/922/805 694/924/807 698/927/810 695/925/808
f 697/926/809 695/925/808 696/928/811 715/929/812
f 695/925/808 698/927/810 699/930/813 696/928/811
f 698/927/810 700/931/814 701/932/815 699/930/813
f 694/924/807 702/933/816 700/931/814 698/927/810
f 700/931/814 703/934/817 704/935/818 701/932/815
f 702/933/816 705/936/819 703/934/817 700/931/814
f 703/934/817 706/937/820 708/938/821 704/935/818
f 705/936/819 707/939/822 706/937/820 703/934/817
f 684/909/796 686/912/783 721/940/799 720/941/823
f 707/939/822 711/942/824 709/943/801 706/937/820
f 711/944/824 713/945/825 712/919/802 709/918/801
f 721/916/799 722/915/798 713/945/825 711/944/824
f 713/945/825 693/923/806 697/926/809 712/919/802
f 712/919/802 697/926/809 715/929/812 714/920/803
f 742/946/826 737/947/827 730/864/752 731/889/777
f 722/915/798 671/878/766 693/923/806 713/945/825
f 706/937/820 709/943/801 710/948/804 708/938/821
f 719/949/828 720/941/823 707/939/822 705/936/819
f 678/906/793 680/905/792 718/950/829 673/917/800
f 718/950/829 719/949/828 705/936/819 702/933/816
f 673/917/800 718/950/829 702/933/816 694/924/807
f 717/852/741 859/260/239 858/360/336 716/951/830
f 716/951/830 858/360/336 857/281/259 656/854/743
f 722/915/798 688/895/782 690/875/763 671/878/766
f 682/907/794 684/909/796 720/941/823 719/949/828
f 680/905/792 682/907/794 719/949/828 718/950/829
f 853/275/253 838/179/168 614/789/688 650/848/737
f 740/952/831 734/900/787 728/873/761 736/953/832
f 755/954/833 750/955/834 737/947/827 742/946/826
f 720/941/823 721/940/799 711/942/824 707/939/822
f 739/956/835 738/957/836 732/888/776 733/870/758
f 736/953/832 728/873/761 729/865/753 741/958/837
f 735/959/838 739/956/835 733/870/758 727/869/757
f 737/947/827 741/958/837 729/865/753 730/864/752
f 660/879/767 734/900/787 727/869/757 658/872/760
f 750/955/834 754/960/839 741/958/837 737/947/827
f 748/856/745 752/961/840 739/956/835 735/959/838
f 749/962/841 736/953/832 741/958/837 754/960/839
f 752/961/840 751/963/842 738/957/836 739/956/835
f 738/957/836 742/964/826 731/911/777 732/888/776
f 652/861/747 653/860/749 744/862/750 745/965/773
f 753/853/742 740/952/831 736/953/832 749/962/841
f 734/900/787 740/952/831 735/959/838 727/869/757
f 855/283/261 861/274/252 747/847/736 657/868/756
f 653/860/749 654/859/748 743/851/740 744/862/750
f 725/966/774 724/863/751 750/955/834 755/954/833
f 751/963/842 755/967/833 742/964/826 738/957/836
f 654/859/748 854/273/251 860/261/240 743/851/740
f 657/868/756 747/847/736 746/850/739 726/887/775
f 656/854/743 753/853/742 749/962/841 716/951/830
f 757/968/843 759/843/732 778/846/735 776/969/844
f 651/849/738 652/858/747 745/885/773 746/850/739
f 657/868/756 726/887/775 751/963/842 752/961/840
f 716/951/830 749/962/841 754/960/839 717/852/741
f 655/855/744 657/868/756 752/961/840 748/856/745
f 724/863/751 717/852/741 754/960/839 750/955/834
f 740/952/831 753/853/742 748/856/745 735/959/838
f 814/781/680 585/766/665 584/753/652 815/754/653
f 624/844/733 618/837/729 777/839/731 779/845/734
f 726/887/775 725/886/774 755/967/833 751/963/842
f 608/970/845 757/968/843 776/969/844 775/971/846
f 756/807/704 608/972/845 775/973/846 774/808/705
f 616/801/700 620/791/690 591/790/689 763/974/847
f 806/975/848 766/732/632 768/976/849 807/977/850
f 588/759/658 616/801/700 763/978/847 590/857/746
f 809/979/851 769/980/852 764/981/853 810/982/854
f 778/846/735 784/983/855 793/984/856 776/969/844
f 774/808/705 790/985/857 795/986/858 773/809/706
f 776/969/844 793/984/856 786/987/859 775/971/846
f 811/988/860 771/989/861 765/990/862 804/991/863
f 817/992/864 1023/993/865 1028/994/866 824/995/867
f 772/838/730 799/996/868 802/997/869 777/839/731
f 777/839/731 802/997/869 780/998/870 779/845/734
f 1025/999/871 541/632/542 540/631/541 1024/1000/872
f 762/841/691 629/840/715 626/810/707 621/778/677
f 1022/1001/873 545/679/584 544/686/591 1021/1002/874
f 1024/1003/872 540/694/541 539/693/598 1023/993/865
f 823/731/631 1027/1004/875 1025/999/871 819/1005/876
f 1021/1002/874 544/686/591 543/687/592 1020/1006/877
f 796/1007/878 797/1008/879 791/1009/880 789/1010/881
f 587/773/672 606/780/679 619/779/678 607/774/673
f 818/730/630 1020/1006/877 1026/1011/882 823/731/631
f 763/1012/847 591/1013/689 757/968/843 608/970/845
f 805/1014/883 770/729/629 766/732/632 806/975/848
f 773/809/706 795/986/858 799/996/868 772/838/730
f 808/1015/884 767/1016/885 769/980/852 809/979/851
f 775/973/846 786/1017/859 790/985/857 774/808/705
f 807/977/850 768/976/849 767/1018/885 808/1019/884
f 804/991/863 765/990/862 770/729/629 805/1014/883
f 781/1020/886 782/1021/887 803/1022/888 801/1023/889
f 782/1021/887 780/998/870 802/997/869 803/1022/888
f 801/1023/889 803/1022/888 800/1024/890 798/1025/891
f 803/1022/888 802/997/869 799/996/868 800/1024/890
f 797/1008/879 795/986/858 790/985/857 791/1009/880
f 792/1026/892 794/1027/893 785/1028/894 783/1029/895
f 810/982/854 764/981/853 771/989/861 811/988/860
f 798/1025/891 800/1024/890 797/1008/879 796/1007/878
f 787/1030/896 788/1031/897 794/1027/893 792/1026/892
f 788/1031/897 786/987/859 793/984/856 794/1027/893
f 794/1027/893 793/984/856 784/983/855 785/1028/894
f 593/820/675 590/1032/746 756/807/704 758/806/703
f 789/1010/881 791/1009/880 788/1033/897 787/1034/896
f 791/1009/880 790/985/857 786/1017/859 788/1033/897
f 800/1024/890 799/996/868 795/986/858 797/1008/879
f 783/1029/895 785/1028/894 782/1021/887 781/1020/886
f 785/1028/894 784/983/855 780/998/870 782/1021/887
f 589/1035/676 606/1036/679 618/837/729 624/844/733
f 591/1013/689 605/1037/692 759/843/732 757/968/843
f 590/1032/746 763/1038/847 608/972/845 756/807/704
f 779/845/734 780/998/870 784/983/855 778/846/735
f 606/1036/679 587/819/672 761/821/716 618/837/729
f 789/1010/881 809/979/851 810/982/854 796/1007/878
f 801/1023/889 804/991/863 805/1014/883 781/1020/886
f 792/1026/892 807/977/850 808/1019/884 787/1030/896
f 787/1034/896 808/1015/884 809/979/851 789/1010/881
f 605/1037/692 589/1035/676 624/844/733 759/843/732
f 796/1007/878 810/982/854 811/988/860 798/1025/891
f 798/1025/891 811/988/860 804/991/863 801/1023/889
f 783/1029/895 806/975/848 807/977/850 792/1026/892
f 649/782/681 814/781/680 815/754/653 645/757/656
f 766/732/632 823/731/631 819/1005/876 768/976/849
f 781/1020/886 805/1014/883 806/975/848 783/1029/895
f 852/242/225 863/165/154 816/761/660 648/836/728
f 648/836/728 816/761/660 813/763/662 647/783/682
f 646/756/655 812/755/654 862/140/129 851/144/133
f 584/753/652 586/747/646 812/755/654 815/754/653
f 517/657/564 497/634/544 544/686/591 545/679/584
f 769/980/852 817/992/864 824/995/867 764/981/853
f 604/762/661 585/766/665 814/781/680 813/763/662
f 765/990/862 820/1039/898 818/730/630 770/729/629
f 630/824/719 868/833/726 866/835/727 634/828/723
f 767/1016/885 821/1040/899 817/992/864 769/980/852
f 771/989/861 822/1041/900 820/1039/898 765/990/862
f 768/976/849 819/1005/876 821/1042/899 767/1018/885
f 764/981/853 824/995/867 822/1041/900 771/989/861
f 632/822/717 864/832/725 868/833/726 630/824/719
f 633/816/713 865/827/722 869/237/221 846/226/212
f 845/224/210 867/235/219 864/832/725 632/822/717
f 761/821/716 758/806/703 773/809/706 772/838/730
f 745/965/773 744/862/750 724/863/751 725/966/774
f 631/815/712 870/826/721 865/827/722 633/816/713
f 873/720/621 894/1043/901 566/727/628 562/721/622
f 560/717/618 878/1044/902 894/1043/901 873/720/621
f 887/716/617 558/714/615 567/1045/903 895/1046/904
f 564/724/625 554/706/609 563/728/624 565/1047/627
f 556/713/614 568/1048/634 567/1045/903 558/714/615
f 896/764/663 888/709/612 553/708/611 879/1049/905
f 560/717/618 887/716/617 895/1046/904 878/1044/902
f 561/718/619 872/722/623 871/685/590 570/735/635
f 553/708/611 874/707/610 893/725/626 879/1049/905
f 560/717/618 873/720/621 872/722/623 561/718/619
f 552/703/606 875/705/608 874/707/610 553/708/611
f 551/697/600 876/629/539 875/705/608 552/703/606
f 543/687/592 495/627/537 882/626/536 877/696/599
f 570/735/635 871/685/590 881/678/583 537/683/588
f 537/683/588 881/678/583 880/680/585 538/684/589
f 496/691/596 882/626/536 876/629/539 551/697/600
f 634/831/723 866/834/727 870/826/721 631/815/712
f 571/738/637 885/736/636 884/682/587 572/692/597
f 559/715/616 886/719/620 885/736/636 571/738/637
f 558/714/615 887/716/617 886/719/620 559/715/616
f 549/701/604 889/704/607 888/709/612 555/710/613
f 548/699/602 890/698/601 889/704/607 549/701/604
f 546/633/543 891/688/593 890/698/601 548/699/602
f 546/633/543 541/632/542 892/689/594 891/688/593
f 539/693/598 572/692/597 884/682/587 883/681/586
f 665/890/778 667/867/755 668/894/781 666/914/779
f 897/1050/906 901/1051/907 900/1052/908 936/1053/909
f 995/1054/910 994/1055/911 897/1050/906 936/1053/909
f 991/1056/912 990/1057/913 898/1058/914 899/1059/915
f 992/1060/916 991/1056/912 899/1059/915 900/1061/908
f 993/1062/917 992/1063/916 900/1052/908 901/1051/907
f 994/1055/911 993/1062/917 901/1051/907 897/1050/906
f 902/1064/918 906/1065/919 937/1066/920 903/1067/921
f 972/1068/922 976/1069/923 902/1064/918 903/1067/921
f 977/1070/924 972/1068/922 903/1067/921 937/1066/920
f 974/1071/925 973/1072/926 904/1073/927 905/1074/928
f 975/1075/929 974/1071/925 905/1074/928 906/1076/919
f 976/1069/923 975/1077/929 906/1065/919 902/1064/918
f 938/1078/930 939/1079/931 909/1080/932 908/1081/933
f 983/1082/934 981/1083/935 907/1084/936 938/1085/930
f 979/1086/937 978/1087/938 908/1081/933 909/1080/932
f 982/1088/939 979/1086/937 909/1080/932 939/1079/931
f 981/1083/935 980/1089/940 910/1090/941 907/1084/936
f 941/1091/942 914/1092/943 913/1093/944 940/1094/945
f 984/1095/946 987/1096/947 911/1097/948 912/1098/949
f 989/1099/950 984/1095/946 912/1098/949 940/1100/945
f 986/1101/951 985/1102/952 913/1093/944 914/1092/943
f 988/1103/953 986/1101/951 914/1092/943 941/1091/942
f 1013/1104/954 1011/1105/955 918/1106/956 942/1107/954
f 1011/1105/955 1010/1108/957 917/1109/958 918/1106/956
f 1012/1110/959 1009/1111/960 915/1112/961 943/1113/959
f 1009/1111/960 1008/1114/962 916/1115/963 915/1112/961
f 1014/1116/964 1018/1117/965 923/1118/966 920/1119/967
f 1018/1117/965 1017/1120/968 922/1121/969 923/1118/966
f 1017/1122/968 1016/1123/970 921/1124/971 922/1125/969
f 1016/1123/970 1015/1126/972 919/1127/973 921/1124/971
f 1019/1128/974 1014/1116/964 920/1119/967 944/1129/974
f 1002/1130/975 1005/1131/976 927/1132/977 925/1133/978
f 1007/1134/979 1004/1135/980 926/1136/981 945/1137/982
f 1004/1135/980 1003/1138/983 924/1139/984 926/1136/981
f 1006/1140/924 1002/1130/975 925/1133/978 946/1141/924
f 996/1142/985 1000/1143/986 932/1144/987 929/1145/988
f 1000/1146/986 999/1147/989 931/1148/990 932/1149/987
f 999/1147/989 998/1150/991 930/1151/992 931/1148/990
f 1001/1152/993 997/1153/994 928/1154/995 947/1155/996
f 997/1153/994 996/1142/985 929/1145/988 928/1154/995
f 998/1150/991 1001/1156/993 947/1157/996 930/1151/992
f 1003/1138/983 1006/1158/924 946/1159/924 924/1139/984
f 1005/1131/976 1007/1160/979 945/1161/982 927/1132/977
f 1015/1126/972 1019/1162/974 944/1163/974 919/1127/973
f 1010/1108/957 1012/1164/959 943/1165/959 917/1109/958
f 1008/1114/962 1013/1166/954 942/1167/954 916/1115/963
f 987/1096/947 988/1168/953 941/1169/942 911/1097/948
f 985/1102/952 989/1170/950 940/1094/945 913/1093/944
f 911/1097/948 941/1169/942 940/1100/945 912/1098/949
f 980/1089/940 982/1171/939 939/1172/931 910/1090/941
f 978/1087/938 983/1173/934 938/1078/930 908/1081/933
f 907/1084/936 910/1090/941 939/1172/931 938/1085/930
f 973/1072/926 977/1174/924 937/1175/920 904/1073/927
f 990/1057/913 995/1176/910 936/1177/909 898/1058/914
f 900/1061/908 899/1059/915 898/1058/914 936/1177/909
f 906/1076/919 905/1074/928 904/1073/927 937/1175/920
f 919/1127/973 944/1163/974 953/1178/997 948/1179/998
f 920/1119/967 923/1118/966 951/1180/999 952/1181/1000
f 923/1118/966 922/1121/969 950/1182/1001 951/1180/999
f 922/1125/969 921/1124/971 949/1183/1002 950/1184/1001
f 921/1124/971 919/1127/973 948/1179/998 949/1183/1002
f 944/1129/974 920/1119/967 952/1181/1000 953/1185/997
f 917/1109/958 943/1165/959 959/1186/1003 955/1187/1004
f 916/1115/963 942/1167/954 958/1188/1005 957/1189/1006
f 942/1107/954 918/1106/956 956/1190/1007 958/1191/1005
f 918/1106/956 917/1109/958 955/1187/1004 956/1190/1007
f 943/1113/959 915/1112/961 954/1192/1008 959/1193/1003
f 915/1112/961 916/1115/963 957/1189/1006 954/1192/1008
f 924/1139/984 946/1159/924 965/1194/1009 960/1195/1010
f 927/1132/977 945/1161/982 964/1196/1011 962/1197/1012
f 925/1133/978 927/1132/977 962/1197/1012 963/1198/1013
f 945/1137/982 926/1136/981 961/1199/1014 964/1200/1011
f 926/1136/981 924/1139/984 960/1195/1010 961/1199/1014
f 946/1141/924 925/1133/978 963/1198/1013 965/1201/1009
f 930/1151/992 947/1157/996 971/1202/924 967/1203/1015
f 929/1145/988 932/1144/987 969/1204/1016 970/1205/1017
f 932/1149/987 931/1148/990 968/1206/1018 969/1207/1016
f 931/1148/990 930/1151/992 967/1203/1015 968/1206/1018
f 947/1155/996 928/1154/995 966/1208/1019 971/1209/924
f 928/1154/995 929/1145/988 970/1205/1017 966/1208/1019
f 967/1203/1015 971/1202/924 977/1174/924 973/1072/926
f 970/1205/1017 969/1204/1016 975/1077/929 976/1069/923
f 969/1207/1016 968/1206/1018 974/1071/925 975/1075/929
f 968/1206/1018 967/1203/1015 973/1072/926 974/1071/925
f 971/1209/924 966/1208/1019 972/1068/922 977/1070/924
f 966/1208/1019 970/1205/1017 976/1069/923 972/1068/922
f 960/1195/1010 965/1194/1009 983/1173/934 978/1087/938
f 962/1197/1012 964/1196/1011 982/1171/939 980/1089/940
f 963/1198/1013 962/1197/1012 980/1089/940 981/1083/935
f 964/1200/1011 961/1199/1014 979/1086/937 982/1088/939
f 961/1199/1014 960/1195/1010 978/1087/938 979/1086/937
f 965/1201/1009 963/1198/1013 981/1083/935 983/1082/934
f 955/1187/1004 959/1186/1003 989/1170/950 985/1102/952
f 957/1189/1006 958/1188/1005 988/1168/953 987/1096/947
f 958/1191/1005 956/1190/1007 986/1101/951 988/1103/953
f 956/1190/1007 955/1187/1004 985/1102/952 986/1101/951
f 959/1193/1003 954/1192/1008 984/1095/946 989/1099/950
f 954/1192/1008 957/1189/1006 987/1096/947 984/1095/946
f 948/1179/998 953/1178/997 995/1176/910 990/1057/913
f 952/1181/1000 951/1180/999 993/1062/917 994/1055/911
f 951/1180/999 950/1182/1001 992/1063/916 993/1062/917
f 950/1184/1001 949/1183/1002 991/1056/912 992/1060/916
f 949/1183/1002 948/1179/998 990/1057/913 991/1056/912
f 953/1185/997 952/1181/1000 994/1055/911 995/1054/910
f 896/764/663 935/1210/1020 1001/1156/993 998/1150/991
f 895/1046/904 567/1045/903 996/1142/985 997/1153/994
f 935/1211/1020 895/1046/904 997/1153/994 1001/1152/993
f 569/733/633 896/764/663 998/1150/991 999/1147/989
f 568/734/634 569/733/633 999/1147/989 1000/1146/986
f 567/1045/903 568/1048/634 1000/1143/986 996/1142/985
f 895/1046/904 935/1211/1020 1007/1160/979 1005/1131/976
f 879/1049/905 933/1212/1021 1006/1158/924 1003/1138/983
f 933/1213/1021 878/1044/902 1002/1130/975 1006/1140/924
f 896/764/663 879/1049/905 1003/1138/983 1004/1135/980
f 935/1210/1020 896/764/663 1004/1135/980 1007/1134/979
f 878/1044/902 895/1046/904 1005/1131/976 1002/1130/975
f 878/1044/902 933/1213/1021 1013/1166/954 1008/1114/962
f 893/725/626 934/1214/1022 1012/1164/959 1010/1108/957
f 894/1043/901 878/1044/902 1008/1114/962 1009/1111/960
f 934/1215/1022 894/1043/901 1009/1111/960 1012/1110/959
f 879/1049/905 893/725/626 1010/1108/957 1011/1105/955
f 933/1212/1021 879/1049/905 1011/1105/955 1013/1104/954
f 894/1043/901 934/1215/1022 1019/1162/974 1015/1126/972
f 934/1214/1022 893/725/626 1014/1116/964 1019/1128/974
f 566/727/628 894/1043/901 1015/1126/972 1016/1123/970
f 565/726/627 566/727/628 1016/1123/970 1017/1122/968
f 564/724/625 565/1047/627 1017/1120/968 1018/1117/965
f 893/725/626 564/724/625 1018/1117/965 1014/1116/964
f 820/1039/898 1021/1002/874 1020/1006/877 818/730/630
f 822/1041/900 1022/1001/873 1021/1002/874 820/1039/898
f 821/1040/899 1024/1003/872 1023/993/865 817/992/864
f 819/1005/876 1025/999/871 1024/1000/872 821/1042/899
f 1020/1006/877 543/687/592 877/696/599 1026/1011/882
f 1025/999/871 1027/1004/875 892/689/594 541/632/542
f 877/696/599 542/690/595 823/731/631 1026/1011/882
f 1027/1004/875 823/731/631 542/690/595 892/689/594
f 1023/993/865 539/693/598 883/681/586 1028/994/866
f 1029/1216/1023 824/995/867 538/684/589 880/680/585
f 1029/1216/1023 1022/1001/873 822/1041/900 824/995/867
f 883/681/586 538/684/589 824/995/867 1028/994/866
f 880/680/585 545/679/584 1022/1001/873 1029/1216/1023
o Char_Boot_L_Cube.012
v 0.065634 0.194987 -0.042294
v 0.029687 0.194869 -0.021070
v 0.025655 0.194752 0.006500
v 0.065634 0.194995 0.053814
v 0.098239 0.194989 0.039899
v 0.112494 0.194987 0.006640
v 0.099288 0.196248 0.041199
v 0.065456 0.196250 0.055588
v 0.114499 0.196246 0.006872
v 0.101261 0.197254 0.043721
v 0.118245 0.196376 0.007233
v 0.065099 0.197266 0.059108
v 0.102995 0.199928 0.045780
v 0.064760 0.199941 0.062001
v 0.120615 0.199328 0.007341
v 0.103659 0.203797 0.047224
v 0.103977 0.213151 0.047816
v 0.063980 0.203815 0.064028
v 0.120593 0.203476 0.007410
v 0.103655 0.203778 -0.034512
v 0.120447 0.213148 0.007559
v 0.103976 0.213160 -0.034942
v 0.120274 0.219537 0.007650
v 0.103361 0.219548 -0.033336
v 0.103361 0.219544 0.046346
v 0.115723 0.221386 0.007597
v 0.112157 0.222235 0.007609
v 0.100667 0.221390 0.043195
v 0.100676 0.221390 -0.030163
v 0.065242 0.221381 -0.045811
v 0.097994 0.222244 -0.026972
v 0.065751 0.222240 -0.041248
v 0.097001 0.220535 -0.025790
v 0.097001 0.218258 -0.025790
v 0.065939 0.220531 -0.039568
v 0.110180 0.220530 0.007614
v 0.110180 0.218253 0.007614
v 0.097001 0.220533 0.038970
v 0.097001 0.218256 0.038970
v 0.065939 0.220539 0.052281
v 0.098003 0.222239 0.040125
v 0.065750 0.222249 0.053904
v 0.065243 0.221398 0.058282
v 0.029932 0.222108 0.032975
v 0.026802 0.221162 0.035399
v 0.026059 0.221962 0.007472
v 0.031059 0.220423 0.032102
v 0.031059 0.218145 0.032102
v 0.027326 0.220308 0.007481
v 0.027326 0.218031 0.007481
v 0.031088 0.220419 -0.019472
v 0.031088 0.218142 -0.019472
v 0.029965 0.222105 -0.020408
v 0.026832 0.221155 -0.023019
v 0.022559 0.220935 0.007446
v 0.023730 0.219274 -0.025559
v 0.019080 0.219010 0.007487
v 0.064721 0.219538 -0.050335
v 0.021524 0.212862 -0.026863
v 0.022158 0.203533 -0.026531
v 0.016678 0.212580 0.007388
v 0.063775 0.213138 -0.052627
v 0.063983 0.203782 -0.052010
v 0.064760 0.199922 -0.050031
v 0.065099 0.197249 -0.047153
v 0.024117 0.199660 -0.025410
v 0.102995 0.199932 -0.033132
v 0.101261 0.197258 -0.031117
v 0.099305 0.196259 -0.028841
v 0.065454 0.196245 -0.043875
v 0.098239 0.194991 -0.027720
v 0.028502 0.196092 -0.021947
v 0.024381 0.195928 0.006724
v 0.026138 0.197000 -0.023790
v 0.021730 0.196751 0.007024
v 0.026105 0.197007 0.035648
v 0.019475 0.199398 0.007115
v 0.024081 0.199668 0.037279
v 0.017356 0.203263 0.007207
v 0.022119 0.203546 0.038438
v 0.021486 0.212868 0.038955
v 0.063775 0.213155 0.064825
v 0.023695 0.219282 0.037841
v 0.064721 0.219557 0.062719
v 0.028480 0.196092 0.033580
v 0.029657 0.194873 0.032503
v 0.031088 0.212063 -0.019472
v 0.065939 0.218254 -0.039568
v 0.065939 0.212174 -0.039568
v 0.097001 0.212178 -0.025790
v 0.065939 0.210677 -0.039568
v 0.031088 0.210566 -0.019472
v 0.097001 0.210681 -0.025790
v 0.110180 0.210677 0.007614
v 0.110180 0.212174 0.007614
v 0.097001 0.210679 0.038970
v 0.097001 0.212176 0.038970
v 0.065939 0.210685 0.052281
v 0.065939 0.212182 0.052281
v 0.031059 0.210569 0.032102
v 0.031059 0.212066 0.032102
v 0.027326 0.210454 0.007481
v 0.027326 0.211951 0.007481
v 0.065939 0.218262 0.052281
v 0.064025 0.102238 -0.031449
v 0.036242 0.102149 -0.015376
v 0.033160 0.102060 0.005093
v 0.064025 0.102244 0.040925
v 0.087800 0.102240 0.030450
v 0.087800 0.102241 -0.020405
v 0.036218 0.102151 0.024786
v 0.098475 0.102237 0.005200
v 0.092321 0.142406 0.034542
v 0.092321 0.142407 -0.023573
v 0.064722 0.142404 -0.036146
v 0.033403 0.142302 -0.017842
v 0.029910 0.142201 0.005703
v 0.064722 0.142411 0.046507
v 0.033377 0.142305 0.028128
v 0.104546 0.142403 0.005824
v 0.064110 0.107172 -0.032026
v 0.035893 0.107081 -0.015679
v 0.032761 0.106990 0.005168
v 0.064110 0.107178 0.041611
v 0.035869 0.107084 0.025196
v 0.099221 0.107171 0.005276
v 0.088355 0.107173 0.030953
v 0.088355 0.107175 -0.020794
v 0.068046 0.069331 0.088384
v 0.071211 0.085006 0.090408
v 0.104340 0.061941 0.088870
v 0.107504 0.077616 0.090894
v 0.105865 0.066377 0.052126
v 0.109030 0.082053 0.054151
v 0.069572 0.073767 0.051641
v 0.072736 0.089443 0.053665
v 0.064089 0.074469 0.093711
v 0.065334 0.080636 0.094508
v 0.111064 0.071324 0.095120
v 0.109819 0.065158 0.094323
v 0.112986 0.076914 0.048823
v 0.111742 0.070748 0.048027
v 0.067257 0.086226 0.048211
v 0.066012 0.080060 0.047415
v 0.072280 0.072914 0.085571
v 0.073889 0.080883 0.086600
v 0.103555 0.074842 0.086997
v 0.101946 0.066873 0.085968
v 0.104802 0.078469 0.056964
v 0.103193 0.070500 0.055935
v 0.075136 0.084509 0.056567
v 0.073527 0.076540 0.055538
v 0.087718 0.070072 0.051884
v 0.090883 0.085748 0.053908
v 0.090122 0.081570 0.048517
v 0.088877 0.075404 0.047721
v 0.089969 0.081489 0.056765
v 0.088360 0.073520 0.055736
v 0.086332 0.065607 0.088629
v 0.089496 0.081283 0.090653
v 0.088374 0.075944 0.094816
v 0.087129 0.069778 0.094020
v 0.088836 0.077839 0.086800
v 0.087227 0.069870 0.085771
v 0.108267 0.079835 0.072522
v 0.105102 0.064159 0.070498
v 0.112025 0.074119 0.071972
v 0.110780 0.067953 0.071175
v 0.104178 0.076656 0.071981
v 0.102570 0.068686 0.070951
v 0.071973 0.087225 0.072037
v 0.068809 0.071549 0.070012
v 0.065051 0.077264 0.070563
v 0.066295 0.083431 0.071359
v 0.074513 0.082696 0.071583
v 0.072904 0.074727 0.070554
v 0.025656 0.000009 0.000247
v 0.026914 0.000009 0.091529
v 0.014105 0.000009 0.000889
v 0.014380 0.000009 0.100089
v 0.010605 0.000009 0.103244
v 0.025655 0.000009 0.143065
v 0.023041 0.000009 0.146700
v 0.031733 0.000009 0.112560
v 0.063866 0.000009 0.154733
v 0.063866 0.000009 0.158380
v 0.063866 0.000009 0.129030
v 0.102077 0.000009 0.143065
v 0.095998 0.000009 0.112560
v 0.104690 0.000009 0.146700
v 0.113351 0.000009 0.100089
v 0.100818 0.000009 0.092722
v 0.117127 0.000009 0.103244
v 0.113628 0.000009 0.000889
v 0.102077 0.000009 0.000247
v 0.118594 0.000009 0.001165
v 0.098507 0.000009 -0.051132
v 0.091886 0.000009 -0.042246
v 0.101354 0.000009 -0.054953
v 0.063866 0.000009 -0.060991
v 0.063866 0.000009 -0.049473
v 0.063866 0.000009 -0.065943
v 0.029225 0.000009 -0.051132
v 0.035846 0.000009 -0.042246
v 0.026378 0.000009 -0.054953
v 0.023348 0.001899 -0.057045
v 0.009138 0.000009 0.001165
v 0.004611 0.001898 0.000663
v 0.004727 0.011342 0.001169
v 0.006145 0.001900 0.104260
v 0.006135 0.011345 0.105102
v 0.019733 0.001901 0.148411
v 0.019977 0.011347 0.147951
v 0.063866 0.001902 0.160893
v 0.063866 0.011349 0.161904
v 0.107999 0.001901 0.148411
v 0.107755 0.011347 0.147951
v 0.121587 0.001900 0.104260
v 0.121596 0.011345 0.105102
v 0.123122 0.001898 0.000663
v 0.123006 0.011342 0.001169
v 0.104384 0.001899 -0.057045
v 0.104141 0.011344 -0.057463
v 0.063866 0.001899 -0.068297
v 0.063866 0.011345 -0.068975
v 0.063866 0.012241 -0.068114
v 0.023591 0.011344 -0.057463
v 0.026793 0.012239 -0.056648
v 0.009337 0.012238 0.002091
v 0.030340 0.012910 -0.048260
v 0.030365 0.013408 -0.048256
v 0.014482 0.012900 0.005992
v 0.063866 0.012914 -0.058591
v 0.097392 0.012910 -0.048260
v 0.063866 0.013407 -0.058580
v 0.097367 0.013408 -0.048256
v 0.063866 0.014088 -0.068401
v 0.063866 0.018447 -0.068260
v 0.100972 0.014087 -0.056936
v 0.026760 0.014087 -0.056936
v 0.009288 0.014086 0.002091
v 0.026729 0.018446 -0.056795
v 0.026570 0.040005 -0.057948
v 0.009242 0.018443 0.002091
v 0.009007 0.040002 0.002091
v 0.010712 0.018428 0.105193
v 0.011017 0.039936 0.105745
v 0.010652 0.014083 0.105086
v 0.023715 0.018414 0.147589
v 0.023591 0.014080 0.147431
v 0.024354 0.039880 0.147472
v 0.063866 0.017992 0.161373
v 0.063866 0.013829 0.161496
v 0.063866 0.039702 0.159804
v 0.104017 0.018414 0.147589
v 0.103378 0.039880 0.147472
v 0.104140 0.014080 0.147431
v 0.117020 0.018428 0.105193
v 0.117080 0.014083 0.105086
v 0.116715 0.039936 0.105745
v 0.118491 0.018443 0.002091
v 0.118445 0.014086 0.002091
v 0.118726 0.040002 0.002091
v 0.101002 0.018446 -0.056795
v 0.101161 0.040005 -0.057948
v 0.063866 0.040005 -0.069413
v 0.097296 0.069797 -0.047184
v 0.063866 0.069797 -0.056900
v 0.111007 0.069797 0.002091
v 0.091413 0.089689 -0.034397
v 0.104709 0.089689 0.002508
v 0.090577 0.103283 -0.031528
v 0.063861 0.089689 -0.041746
v 0.063861 0.103283 -0.038878
v 0.035811 0.089689 -0.031498
v 0.036998 0.103283 -0.029690
v 0.022841 0.089689 0.002504
v 0.030436 0.069797 -0.046906
v 0.016726 0.069797 0.002091
v 0.020838 0.063326 0.109659
v 0.034658 0.089689 0.043948
v 0.035913 0.103283 0.044263
v 0.063861 0.089689 0.052480
v 0.063861 0.103283 0.052358
v 0.093006 0.089689 0.043817
v 0.091791 0.103283 0.044225
v 0.106894 0.063326 0.109659
v 0.096499 0.058334 0.135056
v 0.063866 0.069927 0.122528
v 0.063866 0.062633 0.146595
v 0.031232 0.058334 0.135056
v 0.105499 0.142013 0.059287
v 0.103582 0.103283 0.002527
v 0.120582 0.142040 0.001737
v 0.103870 0.142051 -0.045694
v 0.119288 0.154547 0.001859
v 0.114013 0.158424 0.002140
v 0.105412 0.154547 0.058394
v 0.103262 0.154547 -0.044680
v 0.099546 0.158424 -0.039423
v 0.063867 0.154547 -0.055685
v 0.063867 0.158424 -0.049363
v 0.028606 0.154547 -0.044090
v 0.063867 0.142091 -0.055810
v 0.027997 0.142081 -0.044238
v 0.011287 0.142058 0.001737
v 0.024090 0.103283 0.002525
v 0.026368 0.142020 0.054289
v 0.012580 0.154547 0.001859
v 0.017855 0.158424 0.002140
v 0.026455 0.154547 0.053401
v 0.031088 0.158424 0.046690
v 0.063867 0.154547 0.068362
v 0.063867 0.158424 0.060262
v 0.063867 0.141910 0.069635
v 0.100780 0.158424 0.051683
v 0.063867 0.158424 0.052497
v 0.038225 0.158424 0.040871
v 0.093642 0.158424 0.045863
v 0.063861 0.103283 0.036452
v 0.042885 0.103283 0.030735
v 0.084836 0.103283 0.030735
v 0.063866 0.071090 0.041932
v 0.063866 0.069108 0.040820
v 0.042782 0.071090 0.034113
v 0.084950 0.071090 0.034113
v 0.093815 0.071090 0.001938
v 0.090907 0.069108 0.033163
v 0.102277 0.069108 0.001963
v 0.089847 0.069108 -0.031849
v 0.084124 0.071090 -0.032679
v 0.063866 0.069108 -0.040720
v 0.063866 0.071090 -0.041738
v 0.037885 0.069108 -0.031849
v 0.025456 0.069108 0.001963
v 0.043608 0.071090 -0.032679
v 0.043708 0.103283 -0.023123
v 0.033918 0.071090 0.001938
v 0.034067 0.103283 0.002553
v 0.027994 0.158424 0.002140
v 0.039179 0.158424 -0.033637
v 0.063867 0.158424 -0.041323
v 0.032322 0.158424 -0.039423
v 0.063861 0.103283 -0.030032
v 0.092688 0.158424 -0.033637
v 0.103875 0.158424 0.002140
v 0.084014 0.103283 -0.023123
v 0.093655 0.103283 0.002553
v 0.036825 0.069108 0.033163
v 0.113228 0.013417 0.006020
v 0.113251 0.012900 0.005992
v 0.112100 0.013426 0.100858
v 0.112132 0.012894 0.100781
v 0.100390 0.013424 0.140821
v 0.100422 0.012899 0.140761
v 0.063866 0.013277 0.153686
v 0.063866 0.012825 0.153641
v 0.027342 0.013424 0.140821
v 0.027310 0.012899 0.140761
v 0.015632 0.013426 0.100858
v 0.015600 0.012894 0.100781
v 0.014505 0.013417 0.006020
v 0.010589 0.012241 0.104783
v 0.023458 0.012243 0.147262
v 0.063866 0.012245 0.161629
v 0.104273 0.012243 0.147262
v 0.117143 0.012241 0.104783
v 0.118396 0.012238 0.002091
v 0.100939 0.012239 -0.056648
v 0.063866 0.000009 -0.000111
v 0.063866 0.000009 0.093954
v 0.095918 0.123482 0.043094
v 0.107205 0.123391 0.002608
v 0.064015 0.123493 -0.035131
v 0.037012 0.123416 -0.026434
v 0.024549 0.123379 0.002608
v 0.064015 0.123477 0.050849
v 0.035842 0.123483 0.038914
v 0.094714 0.123458 -0.027707
v 0.026939 0.000009 0.086913
v 0.026715 0.000009 0.054821
v 0.063866 0.000009 0.054821
v 0.063866 0.000009 0.086913
v 0.015061 0.000009 0.086913
v 0.015481 0.000009 0.054821
v 0.010856 0.000009 0.086913
v 0.010650 0.000009 0.054822
v 0.112251 0.000009 0.054821
v 0.112670 0.000009 0.086913
v 0.100788 0.000009 0.086913
v 0.101017 0.000009 0.054821
v 0.117082 0.000009 0.054822
v 0.116876 0.000009 0.086913
v 0.006447 0.001899 0.087339
v 0.006246 0.001898 0.054818
v 0.006508 0.011344 0.087338
v 0.006355 0.011343 0.054819
v 0.121486 0.001898 0.054818
v 0.121285 0.001899 0.087339
v 0.121377 0.011343 0.054819
v 0.121224 0.011344 0.087338
v 0.010744 0.018442 0.054824
v 0.010972 0.018435 0.086906
v 0.010993 0.039966 0.086905
v 0.010514 0.039994 0.054824
v 0.010789 0.014086 0.054823
v 0.010967 0.014085 0.086907
v 0.116759 0.018435 0.086906
v 0.116988 0.018442 0.054824
v 0.117218 0.039994 0.054824
v 0.116739 0.039966 0.086905
v 0.116764 0.014085 0.086907
v 0.116943 0.014086 0.054823
v 0.021525 0.073108 0.055317
v 0.019414 0.066073 0.086835
v 0.063866 0.072423 0.086923
v 0.063862 0.080514 0.056386
v 0.108318 0.066073 0.086835
v 0.106207 0.073059 0.055311
v 0.111934 0.013423 0.054823
v 0.111825 0.013426 0.086908
v 0.111855 0.012894 0.086910
v 0.111960 0.012895 0.054823
v 0.015907 0.013426 0.086908
v 0.015798 0.013423 0.054823
v 0.015772 0.012895 0.054823
v 0.015877 0.012894 0.086910
v 0.010837 0.012239 0.054823
v 0.010960 0.012240 0.086910
v 0.116772 0.012240 0.086910
v 0.116895 0.012239 0.054823
v 0.063867 0.158424 0.054454
v 0.025438 0.158424 0.002140
v 0.037451 0.158424 -0.035095
v 0.063867 0.158424 -0.043349
v 0.094417 0.158424 -0.035095
v 0.106430 0.158424 0.002140
v 0.095441 0.158424 0.047330
v 0.036426 0.158424 0.042338
v 0.118165 0.155372 0.001919
v 0.102471 0.155372 -0.043561
v 0.063867 0.155372 -0.054339
v 0.013703 0.155372 0.001919
v 0.027442 0.155372 0.051972
v 0.063867 0.155372 0.066638
v 0.029397 0.155372 -0.043096
v 0.104426 0.155372 0.056965
v 0.104295 0.139577 0.056955
v 0.029136 0.139619 -0.041509
v 0.027571 0.139584 0.052028
v 0.102722 0.139603 -0.042956
v 0.118884 0.139580 0.001832
v 0.063867 0.139643 -0.052710
v 0.012982 0.139592 0.001832
v 0.063867 0.139493 0.066967
v 0.113343 0.136528 0.002142
v 0.063866 0.136629 -0.042591
v 0.018513 0.136520 0.002141
v 0.063866 0.136580 0.058258
v 0.100364 0.136604 0.049344
v 0.032856 0.136558 -0.032600
v 0.031498 0.136606 0.044648
v 0.098976 0.136590 -0.034017
v 0.005299 0.045415 0.054024
v 0.005824 0.045386 0.087700
v 0.005801 0.011029 0.087701
v 0.005551 0.011036 0.054024
v 0.121930 0.011029 0.087701
v 0.122181 0.011036 0.054024
v 0.122434 0.045415 0.054024
v 0.121908 0.045386 0.087700
v 0.017386 0.080177 0.054541
v 0.015068 0.072791 0.087627
v 0.063866 0.079457 0.087719
v 0.063862 0.087951 0.055663
v 0.112664 0.072791 0.087627
v 0.110346 0.080125 0.054535
v 0.122244 0.021036 0.054024
v 0.121925 0.021024 0.087701
v 0.005807 0.021024 0.087701
v 0.005488 0.021036 0.054024
v 0.005813 0.031018 0.087701
v 0.005425 0.031036 0.054024
v 0.121919 0.031018 0.087701
v 0.122307 0.031036 0.054024
v 0.121976 0.031021 0.082721
v 0.122250 0.031033 0.059004
v 0.005482 0.031033 0.059005
v 0.005755 0.031021 0.082719
v 0.122144 0.011035 0.058997
v 0.121968 0.011030 0.082728
v 0.005760 0.021025 0.082724
v 0.005535 0.021034 0.059001
v 0.005764 0.011030 0.082726
v 0.005588 0.011035 0.058999
v 0.122197 0.021034 0.058999
v 0.121972 0.021025 0.082726
v 0.122356 0.045411 0.059012
v 0.121986 0.045390 0.082712
v 0.005746 0.045390 0.082710
v 0.005376 0.045411 0.059014
v 0.063865 0.080608 0.083374
v 0.063862 0.086800 0.060008
v 0.017055 0.079122 0.059267
v 0.015399 0.073846 0.082901
v 0.112333 0.073838 0.082902
v 0.110677 0.079077 0.059261
v 0.013958 0.044118 0.053924
v 0.014482 0.044080 0.087604
v 0.014566 0.011029 0.087634
v 0.014316 0.011083 0.053956
v 0.113165 0.011029 0.087634
v 0.113416 0.011083 0.053956
v 0.113775 0.044116 0.053924
v 0.113250 0.044080 0.087605
v 0.022721 0.073648 0.053276
v 0.021127 0.066830 0.086553
v 0.063866 0.071302 0.085781
v 0.063857 0.079794 0.053734
v 0.106606 0.066828 0.086557
v 0.105006 0.073598 0.053276
v 0.113479 0.021083 0.053948
v 0.113160 0.021023 0.087625
v 0.014572 0.021023 0.087625
v 0.014253 0.021083 0.053948
v 0.014577 0.031017 0.087604
v 0.014189 0.031092 0.053928
v 0.113154 0.031017 0.087604
v 0.113543 0.031092 0.053927
v 0.113212 0.031034 0.082624
v 0.113485 0.031075 0.058907
v 0.014247 0.031075 0.058909
v 0.014520 0.031034 0.082623
v 0.113379 0.011070 0.058930
v 0.113203 0.011041 0.082660
v 0.014525 0.021036 0.082648
v 0.014300 0.021069 0.058925
v 0.014529 0.011041 0.082658
v 0.014353 0.011070 0.058931
v 0.113432 0.021069 0.058923
v 0.113207 0.021036 0.082650
v 0.113698 0.044104 0.058914
v 0.113328 0.044083 0.082616
v 0.014404 0.044084 0.082612
v 0.014034 0.044105 0.058915
v 0.063864 0.072454 0.081434
v 0.063859 0.078644 0.058073
v 0.022764 0.072871 0.058095
v 0.021070 0.067564 0.081720
v 0.106662 0.067556 0.081725
v 0.104966 0.072827 0.058094
v 0.007507 0.045085 0.053998
v 0.011750 0.044449 0.053949
v 0.007986 0.045060 0.087676
v 0.012320 0.044406 0.087628
v 0.012332 0.011029 0.087651
v 0.008035 0.011029 0.087684
v 0.007798 0.011048 0.054006
v 0.012069 0.011071 0.053973
v 0.119696 0.011029 0.087684
v 0.115400 0.011029 0.087651
v 0.115663 0.011071 0.053973
v 0.119934 0.011048 0.054006
v 0.120226 0.045084 0.053998
v 0.115982 0.044448 0.053950
v 0.119745 0.045060 0.087676
v 0.115412 0.044406 0.087629
v 0.018495 0.078820 0.054278
v 0.021612 0.075004 0.053539
v 0.016381 0.071500 0.087394
v 0.019814 0.068122 0.086785
v 0.063866 0.073507 0.086305
v 0.063866 0.077252 0.087195
v 0.063860 0.086001 0.055202
v 0.063858 0.081744 0.054195
v 0.111351 0.071499 0.087395
v 0.107919 0.068120 0.086789
v 0.106117 0.074955 0.053538
v 0.109236 0.078768 0.054273
v 0.119993 0.021048 0.054004
v 0.115731 0.021071 0.053967
v 0.119695 0.021024 0.087682
v 0.115389 0.021023 0.087644
v 0.008036 0.021024 0.087682
v 0.012343 0.021023 0.087644
v 0.012001 0.021071 0.053967
v 0.007740 0.021048 0.054004
v 0.012354 0.031017 0.087629
v 0.008036 0.031018 0.087676
v 0.011932 0.031077 0.053952
v 0.007683 0.031050 0.053999
v 0.115378 0.031017 0.087629
v 0.119695 0.031018 0.087676
v 0.115800 0.031077 0.053952
v 0.120050 0.031050 0.053999
v 0.119902 0.011044 0.058980
v 0.115622 0.011061 0.058947
v 0.115441 0.011039 0.082677
v 0.119729 0.011033 0.082710
v 0.008003 0.011033 0.082709
v 0.012291 0.011039 0.082675
v 0.012110 0.011061 0.058949
v 0.007831 0.011044 0.058982
vt 0.933753 0.855574
vt 0.932540 0.855537
vt 0.930631 0.832008
vt 0.932015 0.832044
vt 0.934752 0.878575
vt 0.933491 0.878550
vt 0.935715 0.855705
vt 0.936826 0.878640
vt 0.934126 0.832095
vt 0.937974 0.855711
vt 0.936272 0.831957
vt 0.938995 0.878697
vt 0.941345 0.878994
vt 0.940345 0.855894
vt 0.938692 0.831783
vt 0.944253 0.831385
vt 0.945737 0.855789
vt 0.946263 0.879002
vt 0.936378 0.805572
vt 0.941774 0.804893
vt 0.933989 0.806189
vt 0.948168 0.831144
vt 0.945676 0.804985
vt 0.949599 0.855288
vt 0.950893 0.830943
vt 0.948528 0.805051
vt 0.952304 0.854986
vt 0.951199 0.805197
vt 0.953000 0.830836
vt 0.954768 0.854707
vt 0.944341 0.777151
vt 0.947752 0.778795
vt 0.950730 0.780421
vt 0.952697 0.805248
vt 0.952282 0.780988
vt 0.954684 0.830739
vt 0.954257 0.805172
vt 0.956285 0.830629
vt 0.953897 0.780964
vt 0.957672 0.854511
vt 0.956146 0.854568
vt 0.958236 0.878067
vt 0.956788 0.878070
vt 0.955319 0.878141
vt 0.952693 0.878357
vt 0.954532 0.905468
vt 0.952166 0.905251
vt 0.955916 0.905555
vt 0.954610 0.923286
vt 0.952291 0.923223
vt 0.955946 0.923330
vt 0.957494 0.905586
vt 0.957561 0.923396
vt 0.955878 0.943129
vt 0.954232 0.943081
vt 0.952694 0.943144
vt 0.956458 0.972090
vt 0.954962 0.972127
vt 0.953394 0.972635
vt 0.950076 0.943359
vt 0.950296 0.974039
vt 0.946765 0.975440
vt 0.947467 0.943478
vt 0.949742 0.923094
vt 0.943510 0.943128
vt 0.945138 0.922949
vt 0.941274 0.975515
vt 0.938430 0.942737
vt 0.933748 0.974434
vt 0.938944 0.922638
vt 0.931783 0.777361
vt 0.939179 0.776178
vt 0.930621 0.973647
vt 0.935798 0.942569
vt 0.928962 0.778981
vt 0.928088 0.972324
vt 0.933614 0.942199
vt 0.931673 0.806645
vt 0.926525 0.780554
vt 0.929841 0.807099
vt 0.924619 0.782167
vt 0.928628 0.807324
vt 0.923486 0.782971
vt 0.930525 0.941648
vt 0.931749 0.941838
vt 0.926010 0.970914
vt 0.924816 0.970224
vt 0.931111 0.922475
vt 0.932173 0.922415
vt 0.933922 0.922359
vt 0.936178 0.922483
vt 0.934426 0.904926
vt 0.936259 0.904769
vt 0.938347 0.904759
vt 0.940840 0.904954
vt 0.945856 0.905032
vt 0.949722 0.905021
vt 0.949934 0.878541
vt 0.933270 0.905012
vt 0.961840 0.923553
vt 0.960335 0.943252
vt 0.960781 0.972008
vt 0.958181 0.780892
vt 0.958591 0.804967
vt 0.959239 0.780874
vt 0.959650 0.804917
vt 0.961413 0.943282
vt 0.961848 0.971989
vt 0.961609 0.830270
vt 0.960554 0.830341
vt 0.962985 0.854299
vt 0.961931 0.854341
vt 0.963472 0.878049
vt 0.962433 0.878047
vt 0.962840 0.905693
vt 0.961790 0.905679
vt 0.962917 0.923593
vt 0.866668 0.819798
vt 0.863154 0.820549
vt 0.858028 0.802265
vt 0.861455 0.801178
vt 0.870427 0.839763
vt 0.866869 0.840229
vt 0.872432 0.859653
vt 0.868858 0.859921
vt 0.873135 0.878574
vt 0.869570 0.878633
vt 0.871950 0.901877
vt 0.868410 0.901679
vt 0.870204 0.916234
vt 0.866696 0.915852
vt 0.868315 0.931141
vt 0.864846 0.930522
vt 0.863715 0.953852
vt 0.860319 0.952891
vt 0.888058 0.960578
vt 0.892974 0.935634
vt 0.894988 0.918957
vt 0.896801 0.903185
vt 0.897934 0.878271
vt 0.897233 0.857859
vt 0.895283 0.836550
vt 0.891576 0.814637
vt 0.886044 0.793453
vt 0.315717 0.913290
vt 0.317286 0.920583
vt 0.319851 0.921998
vt 0.317874 0.912810
vt 0.318339 0.919220
vt 0.312258 0.919543
vt 0.311138 0.921273
vt 0.318577 0.920878
vt 0.318212 0.906148
vt 0.325651 0.905753
vt 0.327284 0.903349
vt 0.317911 0.903846
vt 0.333847 0.911955
vt 0.333746 0.919466
vt 0.336046 0.921394
vt 0.336173 0.911930
vt 0.340249 0.912094
vt 0.340148 0.919605
vt 0.338323 0.918246
vt 0.338405 0.912107
vt 0.318095 0.913011
vt 0.316103 0.903752
vt 0.318669 0.905168
vt 0.320250 0.912516
vt 0.310956 0.913908
vt 0.310773 0.906543
vt 0.308538 0.904344
vt 0.308768 0.913624
vt 0.310121 0.912633
vt 0.309938 0.905268
vt 0.311535 0.906855
vt 0.311685 0.912875
vt 0.332734 0.912458
vt 0.332817 0.906318
vt 0.330991 0.904960
vt 0.330891 0.912471
vt 0.327188 0.912198
vt 0.327417 0.921406
vt 0.325182 0.919207
vt 0.325000 0.911899
vt 0.322052 0.911933
vt 0.323622 0.919225
vt 0.321612 0.918276
vt 0.320330 0.912316
vt 0.318044 0.921904
vt 0.308670 0.922402
vt 0.310304 0.919998
vt 0.317743 0.919602
vt 0.324271 0.912924
vt 0.324419 0.918897
vt 0.326017 0.920482
vt 0.325835 0.913174
vt 0.315635 0.913483
vt 0.314343 0.907476
vt 0.312333 0.906525
vt 0.313914 0.913874
vt 0.317377 0.904873
vt 0.324816 0.904478
vt 0.323696 0.906209
vt 0.317616 0.906532
vt 0.322344 0.921464
vt 0.320367 0.912276
vt 0.338565 0.921449
vt 0.338691 0.911985
vt 0.315603 0.913545
vt 0.313611 0.904286
vt 0.334967 0.912635
vt 0.334840 0.922099
vt 0.332322 0.922044
vt 0.332448 0.912580
vt 0.332652 0.918597
vt 0.335907 0.918668
vt 0.335989 0.912528
vt 0.316928 0.919490
vt 0.320149 0.918800
vt 0.318856 0.912793
vt 0.335151 0.912036
vt 0.335233 0.905897
vt 0.338487 0.905968
vt 0.317109 0.913006
vt 0.315806 0.906953
vt 0.319027 0.906263
vt 0.335093 0.903171
vt 0.337393 0.905099
vt 0.337293 0.912610
vt 0.317564 0.906786
vt 0.317596 0.922805
vt 0.320088 0.922270
vt 0.315496 0.921222
vt 0.311834 0.918895
vt 0.308999 0.922903
vt 0.321831 0.919865
vt 0.318391 0.918967
vt 0.315867 0.903480
vt 0.318359 0.902946
vt 0.324120 0.906858
vt 0.320459 0.904528
vt 0.326956 0.902847
vt 0.314123 0.905885
vt 0.335069 0.918176
vt 0.336299 0.902466
vt 0.338818 0.902521
vt 0.340349 0.904583
vt 0.333947 0.904444
vt 0.337192 0.920121
vt 0.336071 0.906389
vt 0.332575 0.903116
vt 0.330790 0.919982
vt 0.346094 0.861422
vt 0.328296 0.860998
vt 0.329155 0.835531
vt 0.346462 0.835781
vt 0.363880 0.821048
vt 0.346677 0.820801
vt 0.346724 0.817514
vt 0.363923 0.818894
vt 0.369413 0.821128
vt 0.369819 0.814982
vt 0.363769 0.836030
vt 0.369003 0.836105
vt 0.369283 0.861288
vt 0.363898 0.861511
vt 0.052358 0.674571
vt 0.054149 0.675830
vt 0.040586 0.696213
vt 0.038743 0.695043
vt 0.371372 0.821156
vt 0.371599 0.813535
vt 0.364854 0.794846
vt 0.366096 0.793167
vt 0.361818 0.809045
vt 0.347131 0.789144
vt 0.347155 0.787442
vt 0.346959 0.801141
vt 0.329251 0.794334
vt 0.328058 0.792620
vt 0.331879 0.808614
vt 0.329501 0.817842
vt 0.323711 0.814319
vt 0.321974 0.812821
vt 0.322919 0.860621
vt 0.323921 0.835456
vt 0.320607 0.860459
vt 0.321671 0.835424
vt 0.167512 0.627934
vt 0.167420 0.630152
vt 0.142604 0.629665
vt 0.142592 0.627447
vt 0.329476 0.820553
vt 0.323940 0.820473
vt 0.332759 0.880901
vt 0.329615 0.885005
vt 0.328263 0.886769
vt 0.345764 0.884463
vt 0.345687 0.889839
vt 0.345654 0.892150
vt 0.358866 0.881277
vt 0.361891 0.885469
vt 0.363192 0.887272
vt 0.371599 0.861193
vt 0.025830 0.717696
vt 0.024175 0.717035
vt 0.014569 0.733703
vt 0.013574 0.732638
vt 0.062419 0.663670
vt 0.060627 0.662538
vt 0.065290 0.657155
vt 0.066813 0.658273
vt 0.065774 0.666167
vt 0.069955 0.660393
vt 0.044454 0.698576
vt 0.028938 0.720238
vt 0.321981 0.820445
vt 0.057833 0.678317
vt 0.059589 0.679428
vt 0.046457 0.699774
vt 0.077423 0.646909
vt 0.079614 0.649136
vt 0.076916 0.645576
vt 0.090124 0.637261
vt 0.091914 0.640692
vt 0.089608 0.636274
vt 0.105309 0.632319
vt 0.105885 0.635401
vt 0.104502 0.631138
vt 0.120712 0.628169
vt 0.120762 0.630070
vt 0.120707 0.633888
vt 0.167147 0.634754
vt 0.142540 0.634167
vt 0.127843 0.627391
vt 0.127751 0.629528
vt 0.166984 0.637123
vt 0.142446 0.636271
vt 0.194338 0.628496
vt 0.193931 0.630268
vt 0.194253 0.634346
vt 0.213542 0.628651
vt 0.213857 0.630103
vt 0.213639 0.635632
vt 0.019150 0.736614
vt 0.029294 0.721636
vt 0.019693 0.736812
vt 0.213490 0.636202
vt 0.195216 0.635457
vt 0.033415 0.721921
vt 0.023943 0.737667
vt 0.049283 0.699844
vt 0.033714 0.722136
vt 0.024175 0.737806
vt 0.049628 0.700051
vt 0.193063 0.639075
vt 0.211744 0.640262
vt 0.211725 0.640537
vt 0.193069 0.639450
vt 0.212772 0.645436
vt 0.195329 0.643332
vt 0.035574 0.726129
vt 0.027546 0.741383
vt 0.037348 0.727092
vt 0.029546 0.742414
vt 0.212477 0.647713
vt 0.195104 0.645379
vt 0.052550 0.703579
vt 0.050862 0.702507
vt 0.061212 0.709103
vt 0.045289 0.732205
vt 0.037946 0.747005
vt 0.090801 0.678663
vt 0.080074 0.674958
vt 0.082934 0.668527
vt 0.091567 0.669972
vt 0.070905 0.669795
vt 0.074873 0.663805
vt 0.076274 0.664757
vt 0.072467 0.670770
vt 0.065315 0.683008
vt 0.063585 0.681960
vt 0.085244 0.653525
vt 0.089660 0.657633
vt 0.084251 0.652527
vt 0.095134 0.646872
vt 0.094587 0.645821
vt 0.097660 0.651727
vt 0.106262 0.642558
vt 0.106013 0.641167
vt 0.107094 0.648553
vt 0.119928 0.649295
vt 0.120668 0.641622
vt 0.120691 0.639917
vt 0.126881 0.650661
vt 0.123698 0.661658
vt 0.116118 0.657242
vt 0.166614 0.644419
vt 0.142099 0.643105
vt 0.142233 0.641059
vt 0.166703 0.642387
vt 0.127828 0.641949
vt 0.127925 0.640092
vt 0.166161 0.654866
vt 0.140921 0.653385
vt 0.194764 0.655043
vt 0.211498 0.657415
vt 0.191908 0.668857
vt 0.166496 0.671281
vt 0.207656 0.671568
vt 0.203896 0.682492
vt 0.189643 0.680703
vt 0.167367 0.682617
vt 0.189191 0.688264
vt 0.168406 0.690445
vt 0.203091 0.688602
vt 0.062388 0.754495
vt 0.069771 0.741564
vt 0.075766 0.745832
vt 0.067724 0.757378
vt 0.051503 0.751659
vt 0.057967 0.737511
vt 0.082848 0.725850
vt 0.088657 0.731182
vt 0.074235 0.718701
vt 0.119914 0.695104
vt 0.101846 0.705614
vt 0.091594 0.694888
vt 0.117250 0.689794
vt 0.061700 0.680758
vt 0.109917 0.675425
vt 0.103633 0.663243
vt 0.139444 0.686760
vt 0.136610 0.671799
vt 0.074289 0.687880
vt 0.107729 0.712444
vt 0.123906 0.703141
vt 0.141633 0.695716
vt 0.142343 0.638508
vt 0.165402 0.639523
vt 0.165373 0.639930
vt 0.142328 0.638796
vt 0.108531 0.654203
vt 0.100549 0.657292
vt 0.093445 0.662044
vt 0.134894 0.724269
vt 0.149127 0.718130
vt 0.149271 0.719424
vt 0.135653 0.725563
vt 0.171672 0.711299
vt 0.171904 0.712532
vt 0.190828 0.710025
vt 0.191308 0.711337
vt 0.191363 0.715393
vt 0.173016 0.718480
vt 0.151224 0.723276
vt 0.191297 0.715972
vt 0.173113 0.718998
vt 0.151588 0.723853
vt 0.206859 0.717978
vt 0.207081 0.717382
vt 0.207404 0.710659
vt 0.096284 0.765581
vt 0.089265 0.778767
vt 0.088613 0.778618
vt 0.095783 0.765285
vt 0.082764 0.774732
vt 0.092545 0.762474
vt 0.206909 0.708814
vt 0.081600 0.773116
vt 0.091730 0.761233
vt 0.103914 0.746213
vt 0.104808 0.747146
vt 0.108981 0.751506
vt 0.121752 0.732251
vt 0.122824 0.733156
vt 0.125180 0.737419
vt 0.125425 0.738086
vt 0.109363 0.751898
vt 0.138382 0.731070
vt 0.138085 0.730410
vt 0.140489 0.735886
vt 0.128099 0.742981
vt 0.126312 0.740623
vt 0.139565 0.733613
vt 0.153497 0.728546
vt 0.152959 0.725930
vt 0.128730 0.743812
vt 0.140789 0.736623
vt 0.156092 0.764572
vt 0.145587 0.770707
vt 0.153673 0.729488
vt 0.167337 0.759521
vt 0.163374 0.778841
vt 0.154732 0.787046
vt 0.175225 0.776734
vt 0.178476 0.777447
vt 0.163848 0.779783
vt 0.153387 0.790049
vt 0.189558 0.768467
vt 0.191198 0.772067
vt 0.182769 0.753151
vt 0.205969 0.762442
vt 0.205023 0.765195
vt 0.213296 0.754682
vt 0.213857 0.755446
vt 0.115684 0.803862
vt 0.125702 0.802782
vt 0.128339 0.803648
vt 0.115937 0.804721
vt 0.139844 0.793575
vt 0.141696 0.796953
vt 0.113513 0.792145
vt 0.120611 0.787382
vt 0.131685 0.779546
vt 0.113682 0.756716
vt 0.100774 0.769098
vt 0.113002 0.755920
vt 0.100074 0.768443
vt 0.098097 0.766625
vt 0.110864 0.753438
vt 0.095502 0.779868
vt 0.094686 0.779748
vt 0.091930 0.779342
vt 0.191618 0.721484
vt 0.204487 0.723518
vt 0.204804 0.745293
vt 0.195872 0.748570
vt 0.204811 0.722807
vt 0.191452 0.720586
vt 0.191026 0.718058
vt 0.205915 0.720400
vt 0.174563 0.725124
vt 0.174308 0.724145
vt 0.173504 0.721053
vt 0.121998 0.637908
vt 0.128012 0.638019
vt 0.122030 0.637674
vt 0.128019 0.637785
vt 0.106517 0.638520
vt 0.106532 0.638763
vt 0.093224 0.643204
vt 0.093323 0.643394
vt 0.081803 0.651430
vt 0.081993 0.651581
vt 0.072495 0.663728
vt 0.072288 0.663622
vt 0.061458 0.680608
vt 0.067257 0.667412
vt 0.071439 0.661406
vt 0.068978 0.668564
vt 0.069172 0.668690
vt 0.127885 0.633747
vt 0.080763 0.649246
vt 0.092057 0.640966
vt 0.105318 0.636410
vt 0.120690 0.635697
vt 0.128061 0.635694
vt 0.371253 0.836137
vt 0.129261 0.714013
vt 0.113681 0.724115
vt 0.097045 0.739221
vt 0.084797 0.752270
vt 0.075048 0.762732
vt 0.203079 0.697621
vt 0.187578 0.699474
vt 0.170047 0.702028
vt 0.147287 0.707133
vt 0.118613 0.730415
vt 0.132723 0.720753
vt 0.102112 0.744338
vt 0.090121 0.757543
vt 0.079022 0.768432
vt 0.188944 0.706726
vt 0.205068 0.704056
vt 0.171222 0.708836
vt 0.149320 0.714770
vt 0.289211 0.769208
vt 0.290410 0.762726
vt 0.293901 0.763151
vt 0.292505 0.769998
vt 0.273424 0.640682
vt 0.273545 0.647273
vt 0.269958 0.647520
vt 0.270149 0.640568
vt 0.274589 0.704214
vt 0.278356 0.734318
vt 0.275587 0.734666
vt 0.271630 0.704214
vt 0.270147 0.767866
vt 0.269957 0.760913
vt 0.273546 0.761160
vt 0.273424 0.767752
vt 0.274897 0.751789
vt 0.271473 0.751229
vt 0.292506 0.638439
vt 0.293901 0.645287
vt 0.290410 0.645710
vt 0.289213 0.639228
vt 0.278354 0.674109
vt 0.275586 0.673763
vt 0.291794 0.676782
vt 0.294901 0.704219
vt 0.291560 0.704218
vt 0.289068 0.676347
vt 0.291787 0.731633
vt 0.289062 0.732070
vt 0.294041 0.753448
vt 0.290833 0.753459
vt 0.274895 0.656643
vt 0.271472 0.657203
vt 0.288297 0.774891
vt 0.290499 0.774579
vt 0.294038 0.654989
vt 0.290832 0.654978
vt 0.290500 0.633858
vt 0.288299 0.633545
vt 0.271380 0.772971
vt 0.273688 0.773810
vt 0.273690 0.634625
vt 0.271382 0.635463
vt 0.360999 0.753697
vt 0.357878 0.754232
vt 0.356774 0.747949
vt 0.359898 0.747416
vt 0.375875 0.636763
vt 0.378995 0.637296
vt 0.377898 0.643570
vt 0.374774 0.643039
vt 0.369203 0.693946
vt 0.372064 0.693946
vt 0.373301 0.721327
vt 0.370190 0.721404
vt 0.378992 0.750594
vt 0.375871 0.751129
vt 0.374766 0.744853
vt 0.377891 0.744320
vt 0.376468 0.736117
vt 0.373338 0.736658
vt 0.357879 0.633669
vt 0.360999 0.634202
vt 0.359902 0.640485
vt 0.356779 0.639953
vt 0.370214 0.666487
vt 0.373323 0.666565
vt 0.351679 0.667405
vt 0.354785 0.667467
vt 0.353824 0.693944
vt 0.350965 0.693944
vt 0.354761 0.720410
vt 0.351653 0.720472
vt 0.358479 0.739232
vt 0.355349 0.739770
vt 0.373351 0.651235
vt 0.376480 0.651775
vt 0.362092 0.759976
vt 0.358973 0.760511
vt 0.355359 0.648133
vt 0.358488 0.648669
vt 0.358970 0.627391
vt 0.362089 0.627924
vt 0.380085 0.756869
vt 0.376966 0.757404
vt 0.376966 0.630487
vt 0.380085 0.631020
vt 0.270174 0.704214
vt 0.274586 0.673965
vt 0.292761 0.676755
vt 0.296104 0.704220
vt 0.292753 0.731660
vt 0.271884 0.630233
vt 0.268343 0.632450
vt 0.266853 0.631110
vt 0.271122 0.628398
vt 0.268340 0.775984
vt 0.271882 0.778203
vt 0.271120 0.780038
vt 0.266850 0.777324
vt 0.268365 0.760816
vt 0.270085 0.750951
vt 0.288485 0.632090
vt 0.291171 0.632996
vt 0.268366 0.647617
vt 0.268675 0.640352
vt 0.265048 0.647833
vt 0.267087 0.658132
vt 0.265506 0.658516
vt 0.263222 0.647972
vt 0.292692 0.630799
vt 0.289276 0.629144
vt 0.289708 0.627391
vt 0.293812 0.629308
vt 0.271923 0.733880
vt 0.267086 0.750299
vt 0.265506 0.749915
vt 0.270828 0.733621
vt 0.274588 0.734465
vt 0.295466 0.731743
vt 0.298880 0.704220
vt 0.300190 0.704220
vt 0.296503 0.731770
vt 0.295525 0.645105
vt 0.295476 0.655049
vt 0.273250 0.775204
vt 0.270483 0.773826
vt 0.295525 0.763333
vt 0.294041 0.770524
vt 0.268673 0.768082
vt 0.295479 0.753389
vt 0.270085 0.657482
vt 0.294042 0.637913
vt 0.273252 0.633231
vt 0.288483 0.776347
vt 0.270485 0.634608
vt 0.291170 0.775441
vt 0.289273 0.779293
vt 0.292690 0.777638
vt 0.293810 0.779129
vt 0.289704 0.781047
vt 0.296964 0.771657
vt 0.298667 0.772419
vt 0.295475 0.676674
vt 0.298452 0.655198
vt 0.300083 0.655325
vt 0.296513 0.676647
vt 0.265431 0.639697
vt 0.263569 0.639300
vt 0.271922 0.674547
vt 0.270827 0.674807
vt 0.298454 0.753240
vt 0.300085 0.753112
vt 0.298823 0.763706
vt 0.300698 0.763907
vt 0.265428 0.768736
vt 0.263567 0.769133
vt 0.298823 0.644732
vt 0.300698 0.644532
vt 0.267599 0.704214
vt 0.266047 0.704214
vt 0.265046 0.760599
vt 0.263220 0.760461
vt 0.296965 0.636780
vt 0.298668 0.636019
vn 0.2442 -0.9280 0.2811
vn 0.5830 -0.5698 0.5791
vn 0.8181 -0.5750 -0.0046
vn 0.3245 -0.9459 0.0031
vn -0.0231 -0.9211 0.3886
vn -0.0457 -0.5790 0.8140
vn 0.3758 -0.8362 0.3994
vn -0.0329 -0.8405 0.5407
vn 0.5400 -0.8416 0.0032
vn 0.6307 -0.4710 0.6167
vn 0.9115 -0.4111 0.0081
vn -0.0352 -0.5820 0.8124
vn -0.0829 -0.2691 0.9595
vn 0.6906 -0.1667 0.7037
vn 0.9961 -0.0877 0.0093
vn 0.9989 0.0448 0.0097
vn 0.6984 0.0662 0.7126
vn -0.0903 0.1119 0.9896
vn 0.7027 -0.1535 -0.6946
vn 0.7090 0.0812 -0.7005
vn 0.6443 -0.4616 -0.6097
vn 0.8387 0.5444 0.0106
vn 0.5964 0.5770 -0.5579
vn 0.5884 0.5708 0.5726
vn 0.3298 0.9440 0.0029
vn 0.2364 0.9455 -0.2236
vn 0.2335 0.9447 0.2300
vn -0.1184 0.9837 0.1354
vn -0.1525 0.9883 -0.0001
vn -0.1193 0.9834 -0.1366
vn -0.0322 0.6331 -0.7734
vn -0.0212 0.9488 -0.3151
vn 0.0110 0.9871 0.1598
vn -0.6592 0.4107 0.6299
vn 0.0433 0.4189 0.9070
vn -0.9051 0.4249 -0.0109
vn -0.7217 0.0000 0.6922
vn -0.9999 0.0000 -0.0110
vn 0.0528 0.0000 0.9986
vn -0.7096 0.0000 -0.7046
vn -0.6475 0.4064 -0.6446
vn 0.0598 0.0000 -0.9982
vn 0.0509 0.4092 -0.9110
vn 0.0123 0.9864 -0.1635
vn -0.0246 0.9469 0.3205
vn 0.1267 0.9862 -0.1066
vn -0.3028 0.9356 0.1812
vn 0.7657 0.3874 -0.5133
vn 0.2694 0.9630 -0.0014
vn -0.3894 0.9210 0.0015
vn 0.9451 0.3267 -0.0060
vn 0.8262 0.0000 -0.5633
vn 1.0000 0.0000 -0.0059
vn 0.8291 0.0000 0.5590
vn 0.7688 0.3936 0.5039
vn 0.1211 0.9868 0.1070
vn -0.3017 0.9369 -0.1766
vn -0.6372 0.6452 -0.4214
vn -0.7711 0.6367 0.0048
vn -0.8284 0.1469 -0.5405
vn -0.9905 0.1371 0.0054
vn -0.0826 0.1317 -0.9878
vn -0.8013 -0.2835 -0.5268
vn -0.0759 -0.2563 -0.9636
vn -0.9600 -0.2799 0.0048
vn -0.0278 -0.5768 -0.8164
vn -0.6645 -0.5949 -0.4522
vn -0.0280 -0.8362 -0.5477
vn -0.4718 -0.8266 -0.3067
vn 0.3898 -0.8302 -0.3986
vn 0.2680 -0.9171 -0.2950
vn -0.0215 -0.9091 -0.4159
vn 0.6030 -0.5390 -0.5881
vn -0.0378 -0.5428 -0.8390
vn -0.7120 -0.5179 -0.4742
vn -0.3524 -0.9051 -0.2381
vn -0.8921 -0.4517 -0.0008
vn -0.4890 -0.8722 0.0039
vn -0.5716 -0.8205 0.0035
vn -0.8255 -0.5643 0.0042
vn -0.3349 -0.9137 0.2300
vn -0.4652 -0.8300 0.3076
vn -0.6612 -0.5977 0.4534
vn -0.7981 -0.2909 0.5276
vn -0.8276 0.1350 0.5447
vn -0.6382 0.6383 0.4304
vn -0.0390 0.6220 0.7821
vn -0.7036 -0.5407 0.4611
vn 0.0532 0.0000 0.9986
vn 0.8297 0.0000 0.5581
vn 0.0602 0.0000 -0.9982
vn 0.8269 0.0000 -0.5624
vn 0.7136 -0.1329 -0.6878
vn 0.7110 -0.1328 -0.6905
vn -0.0522 -0.1155 -0.9919
vn -0.0470 -0.1156 -0.9922
vn 0.9888 -0.1492 0.0027
vn 0.9888 -0.1491 -0.0012
vn 0.7032 -0.1493 0.6951
vn 0.7031 -0.1493 0.6953
vn -0.0573 -0.1365 0.9890
vn -0.0631 -0.1364 0.9886
vn -0.8216 -0.1057 0.5601
vn -0.8261 -0.1055 0.5535
vn -0.9967 -0.0811 0.0025
vn -0.9967 -0.0811 0.0009
vn -0.8235 -0.0933 -0.5596
vn -0.8253 -0.0933 -0.5570
vn -0.0513 -0.1155 -0.9920
vn -0.8249 -0.0932 -0.5576
vn -0.9967 -0.0811 0.0031
vn -0.8227 -0.1056 0.5586
vn -0.0611 -0.1364 0.9887
vn 0.7011 -0.1494 0.6972
vn 0.9888 -0.1492 0.0039
vn 0.7119 -0.1331 -0.6895
vn -0.1975 -0.9761 -0.0902
vn -0.3567 -0.8847 -0.3000
vn -0.6889 -0.1697 -0.7047
vn -0.0394 -0.2572 -0.9655
vn 0.8513 -0.5238 -0.0279
vn 0.5106 -0.5581 -0.6540
vn -0.3711 -0.9271 0.0520
vn -0.1611 -0.9790 -0.1249
vn -0.2308 -0.9648 -0.1261
vn -0.0089 -0.9554 -0.2952
vn 0.5875 -0.4302 -0.6854
vn 0.8321 -0.5537 -0.0323
vn -0.7403 -0.3265 0.5876
vn -0.9810 -0.1837 -0.0629
vn 0.2313 0.9647 0.1261
vn 0.0090 0.9554 0.2951
vn 0.7166 0.4622 -0.5222
vn 0.9871 0.1486 0.0589
vn 0.0394 0.2572 0.9655
vn 0.6889 0.1697 0.7047
vn 0.3567 0.8847 0.3001
vn 0.1975 0.9761 0.0902
vn -0.1948 -0.9676 -0.1608
vn -0.0233 -0.9981 0.0569
vn 0.5362 -0.5864 0.6071
vn -0.1094 -0.4801 0.8703
vn -0.4636 0.7017 -0.5410
vn 0.1034 0.4495 -0.8873
vn -0.9870 -0.1491 -0.0590
vn -0.7164 -0.4626 0.5223
vn 0.1094 0.4801 -0.8703
vn -0.5362 0.5864 -0.6071
vn 0.0234 0.9981 -0.0568
vn 0.1948 0.9676 0.1608
vn 0.6694 0.3159 0.6723
vn 0.0324 0.2234 0.9742
vn -0.8321 0.5537 0.0323
vn -0.5875 0.4302 0.6854
vn -0.1034 -0.4495 0.8873
vn 0.4641 -0.7014 0.5410
vn -0.0324 -0.2234 -0.9742
vn -0.6691 -0.3162 -0.6724
vn 0.1616 0.9789 0.1249
vn 0.3711 0.9271 -0.0521
vn -0.5102 0.5584 0.6541
vn -0.8511 0.5242 0.0280
vn 0.9810 0.1837 0.0629
vn 0.7403 0.3265 -0.5876
vn 0.0000 -1.0000 0.0000
vn -0.1987 -0.9800 0.0035
vn -0.8356 -0.5491 0.0149
vn -0.8490 -0.5134 -0.1245
vn -0.2246 -0.9738 -0.0336
vn -0.1995 -0.9799 -0.0009
vn -0.2210 -0.9748 0.0296
vn -0.1845 -0.9470 0.2629
vn 0.0000 -0.9334 0.3587
vn 0.1845 -0.9470 0.2629
vn 0.2210 -0.9748 0.0296
vn 0.2246 -0.9738 -0.0336
vn 0.1987 -0.9800 0.0035
vn 0.8490 -0.5134 -0.1245
vn 0.8356 -0.5491 0.0149
vn 0.1885 -0.9492 -0.2520
vn 0.0000 -0.9360 -0.3520
vn -0.1885 -0.9492 -0.2520
vn -0.6191 -0.4697 -0.6293
vn 0.0000 -0.4544 -0.8908
vn -0.8351 -0.5500 -0.0056
vn -0.8458 -0.5204 0.1175
vn -0.7695 0.6386 -0.0057
vn -0.7899 0.6013 0.1198
vn -0.7886 0.6050 -0.1096
vn -0.5911 0.5129 -0.6225
vn 0.1995 -0.9799 -0.0009
vn -0.7676 0.6407 0.0136
vn -0.1631 0.9866 0.0026
vn -0.1627 0.9864 -0.0247
vn -0.6217 -0.4744 0.6232
vn -0.6114 0.5038 0.6102
vn 0.0000 -0.4329 0.9014
vn 0.0000 0.4072 0.9133
vn 0.6217 -0.4744 0.6232
vn 0.6114 0.5038 0.6102
vn 0.8458 -0.5204 0.1175
vn 0.7899 0.6013 0.1198
vn 0.7886 0.6050 -0.1096
vn 0.7676 0.6407 0.0136
vn 0.8351 -0.5500 -0.0056
vn 0.1627 0.9864 -0.0247
vn 0.1631 0.9866 0.0026
vn 0.6191 -0.4697 -0.6293
vn 0.5911 0.5129 -0.6225
vn 0.0000 0.4193 -0.9078
vn -0.1409 0.9518 -0.2722
vn 0.0000 0.9296 -0.3686
vn 0.1409 0.9518 -0.2722
vn -0.4326 0.8077 -0.4005
vn 0.0000 0.7592 -0.6508
vn -0.6943 0.7143 -0.0880
vn -0.4477 -0.7849 -0.4283
vn 0.0000 -0.7454 -0.6665
vn -0.7297 -0.6783 -0.0864
vn 0.4326 0.8077 -0.4005
vn 0.4477 -0.7849 -0.4283
vn 0.0000 -0.6120 -0.7909
vn 0.5686 -0.5866 -0.5767
vn -0.5686 -0.5866 -0.5767
vn -0.7177 -0.0121 -0.6962
vn 0.0000 -0.0117 -0.9999
vn 0.7177 -0.0121 -0.6962
vn -0.9916 -0.0104 -0.1291
vn -0.7647 -0.6360 -0.1033
vn -0.9851 0.1237 -0.1196
vn -0.6864 0.1480 -0.7120
vn -0.0007 0.1611 -0.9869
vn -0.6633 0.7406 0.1076
vn -0.9859 0.1665 0.0178
vn -0.9669 0.1935 0.1661
vn -0.6347 0.7453 0.2041
vn -0.7508 -0.6605 -0.0038
vn -0.7693 -0.6292 0.1106
vn -0.9895 0.0112 0.1440
vn -1.0000 0.0014 -0.0012
vn -0.9998 -0.0076 0.0186
vn -0.7473 -0.6643 0.0129
vn -0.7127 0.0201 0.7011
vn -0.6698 0.2649 0.6937
vn -0.5883 -0.5878 0.5553
vn 0.0000 0.0221 0.9997
vn 0.0000 -0.6186 0.7856
vn 0.0000 0.3001 0.9539
vn 0.7127 0.0201 0.7011
vn 0.5883 -0.5878 0.5553
vn 0.6698 0.2649 0.6937
vn 0.9669 0.1935 0.1661
vn 0.9895 0.0112 0.1440
vn 0.7693 -0.6292 0.1106
vn 0.9859 0.1665 0.0178
vn 0.6632 0.7407 0.1073
vn 0.6347 0.7453 0.2041
vn 0.9916 -0.0104 -0.1291
vn 0.9998 -0.0076 0.0186
vn 0.7473 -0.6643 0.0129
vn 0.7647 -0.6360 -0.1033
vn 1.0000 0.0014 -0.0012
vn 0.7508 -0.6605 -0.0037
vn 0.9851 0.1234 -0.1194
vn 0.9888 0.1471 0.0249
vn 0.6865 0.1467 -0.7121
vn 0.6489 0.4248 -0.6312
vn 0.9328 0.3475 -0.0955
vn -0.0075 0.4918 -0.8706
vn -0.0272 0.4353 -0.8998
vn 0.6580 0.3715 -0.6550
vn 0.9576 0.2822 -0.0580
vn 0.6476 0.1045 -0.7547
vn 0.9982 -0.0370 -0.0472
vn -0.0367 0.1827 -0.9825
vn -0.6900 0.3612 -0.6271
vn -0.6763 0.1366 -0.7238
vn -0.6460 0.4357 -0.6267
vn -0.9564 0.2852 -0.0634
vn -0.9959 0.0747 -0.0504
vn -0.9325 0.3478 -0.0970
vn 0.0013 0.3175 0.9482
vn -0.6724 0.3765 0.6372
vn -0.7398 0.6294 0.2378
vn 0.0007 0.8163 0.5775
vn -0.7700 -0.6379 0.0115
vn 0.0001 0.9865 0.1637
vn 0.0000 0.9785 0.2060
vn 0.6745 0.3760 0.6353
vn 0.7392 0.6304 0.2368
vn -0.9888 0.1470 0.0249
vn -0.6876 0.0849 0.7211
vn -0.0195 0.0529 0.9984
vn 0.6752 -0.0124 0.7375
vn 0.7377 0.6750 0.0110
vn 0.6943 0.7143 -0.0880
vn 0.7297 -0.6782 -0.0864
vn 0.7700 -0.6379 0.0116
vn 0.5092 0.7060 0.4922
vn 0.0000 0.7836 0.6212
vn -0.5092 0.7060 0.4922
vn -0.0425 -0.8444 0.5339
vn 0.4475 -0.8060 0.3874
vn 0.6506 -0.3095 0.6934
vn -0.0637 -0.3392 0.9385
vn 0.6646 -0.7467 -0.0260
vn 0.9635 -0.2644 -0.0411
vn 0.4145 -0.8254 -0.3833
vn 0.6232 -0.3347 -0.7068
vn 0.5997 0.4700 -0.6476
vn 0.8834 0.4668 -0.0406
vn 0.6152 0.4978 0.6113
vn 0.3699 0.8519 -0.3706
vn 0.5686 0.8221 -0.0290
vn 0.3412 0.8914 0.2983
vn -0.0137 0.8478 -0.5300
vn -0.0230 0.4663 -0.8843
vn -0.0256 -0.3900 -0.9205
vn -0.3864 0.8415 -0.3774
vn -0.6160 0.4545 -0.6434
vn -0.6439 -0.3428 -0.6840
vn -0.0174 -0.8719 -0.4892
vn -0.4269 -0.8210 -0.3789
vn -0.6650 -0.7465 -0.0216
vn -0.9630 -0.2673 -0.0345
vn -0.8858 0.4627 -0.0345
vn -0.4751 -0.7964 0.3741
vn -0.6919 -0.3058 0.6539
vn -0.6479 0.4978 0.5765
vn -0.3675 0.8832 0.2912
vn -0.5694 0.8217 -0.0247
vn -0.0324 0.9024 0.4296
vn -0.0590 0.5283 0.8469
vn 0.0000 1.0000 0.0000
vn -0.2507 0.9510 0.1809
vn -0.0237 0.9652 0.2604
vn 0.2401 0.9509 0.1953
vn 0.3589 0.8670 -0.3457
vn 0.0284 0.8566 -0.5151
vn 0.0303 0.0691 -0.9971
vn 0.7396 0.0596 -0.6703
vn -0.2946 0.9027 -0.3135
vn -0.7221 0.1024 -0.6842
vn 0.0000 -0.0536 -0.9985
vn 0.5353 -0.2194 -0.8157
vn -0.5353 -0.2195 -0.8156
vn -0.3089 -0.9217 -0.2346
vn 0.0000 0.0368 -0.9993
vn 0.3089 -0.9217 -0.2346
vn -0.7403 -0.6721 0.0098
vn -0.2721 -0.9622 0.0009
vn -0.9960 0.0862 0.0213
vn -0.5364 -0.3312 0.7762
vn -0.3192 -0.9156 0.2444
vn 0.0000 -0.2071 0.9783
vn 0.0000 -0.0932 0.9956
vn 0.5364 -0.3311 0.7762
vn 0.3192 -0.9156 0.2444
vn 0.7405 -0.6720 0.0099
vn 0.2721 -0.9622 0.0009
vn 0.0065 -0.0542 0.9985
vn 0.7454 -0.0016 0.6666
vn 0.9988 0.0459 0.0164
vn 0.5827 0.8125 0.0149
vn 0.3412 0.8686 0.3591
vn -0.2582 0.9350 -0.2431
vn -0.3492 0.9369 -0.0125
vn 0.0066 0.8360 0.5487
vn -0.0085 0.9469 -0.3213
vn -0.3261 0.8814 0.3416
vn -0.7355 0.0228 0.6771
vn 0.2522 0.9378 -0.2383
vn -0.5567 0.8305 0.0190
vn 0.3466 0.9379 -0.0162
vn 0.7254 -0.6809 0.1009
vn 0.7725 -0.6349 -0.0062
vn 0.6994 0.7103 0.0793
vn 0.7356 0.6774 -0.0061
vn 0.4748 0.7795 0.4085
vn 0.4302 -0.8010 0.4162
vn 0.0000 0.7284 0.6851
vn 0.0000 -0.7886 0.6149
vn -0.4749 0.7795 0.4085
vn -0.4302 -0.8010 0.4162
vn -0.7254 -0.6809 0.1009
vn -0.6994 0.7103 0.0793
vn -0.7377 0.6750 0.0110
vn -0.1642 0.9864 -0.0013
vn -0.1650 0.9859 0.0274
vn -0.7356 0.6774 -0.0061
vn -0.7725 -0.6349 -0.0062
vn 0.7695 0.6386 -0.0057
vn -0.1651 0.9363 0.3099
vn 0.0000 0.9076 0.4198
vn 0.1651 0.9363 0.3099
vn 0.1650 0.9859 0.0274
vn 0.1642 0.9864 -0.0013
vn -0.0610 -0.2181 0.9740
vn -0.7466 -0.2047 0.6330
vn -0.9771 -0.2076 -0.0477
vn -0.6827 -0.2110 -0.6995
vn -0.0352 -0.1850 -0.9821
vn 0.6659 -0.2838 -0.6898
vn 0.9488 -0.3119 -0.0495
vn 0.6901 -0.3233 0.6475
vn -0.4780 -0.7871 0.3898
vn -0.0479 -0.8071 0.5884
vn -0.6759 -0.7364 -0.0292
vn -0.4297 -0.8016 -0.4156
vn -0.0213 -0.8138 -0.5806
vn 0.4085 -0.8141 -0.4127
vn 0.6766 -0.7356 -0.0343
vn 0.4316 -0.8137 0.3893
vn -0.9999 -0.0043 0.0095
vn -0.9999 -0.0052 0.0120
vn -0.7147 -0.0050 -0.6993
vn -0.7136 -0.0042 -0.7005
vn 0.9999 -0.0014 0.0095
vn 0.9999 -0.0016 0.0120
vn 0.6991 0.0002 0.7150
vn 0.7005 0.0002 0.7136
vn 0.0002 0.9728 0.2315
vn -0.6394 0.7558 0.1411
vn -0.5183 0.5157 0.6822
vn 0.0000 0.5774 0.8164
vn -0.7005 0.0002 0.7136
vn -0.6991 0.0002 0.7150
vn -0.9999 -0.0016 0.0120
vn -0.9999 -0.0014 0.0095
vn -0.9866 0.1625 0.0121
vn -0.7144 0.1168 0.6899
vn 0.7136 -0.0042 -0.7005
vn 0.7147 -0.0050 -0.6993
vn 0.9999 -0.0052 0.0120
vn 0.9999 -0.0043 0.0095
vn 0.6394 0.7559 0.1404
vn 0.5182 0.5160 0.6820
vn 0.5001 0.6992 -0.5109
vn 0.0004 0.8681 -0.4963
vn 0.0004 0.9730 0.2309
vn 0.6437 0.7525 0.1393
vn -0.4998 0.6997 -0.5104
vn -0.6435 0.7525 0.1400
vn -0.7461 0.1290 -0.6532
vn -0.9866 0.1624 0.0124
vn 0.9866 0.1625 0.0120
vn 0.7145 0.1168 0.6898
vn -0.7042 -0.7099 0.0056
vn -0.5790 -0.5804 -0.5726
vn 0.7461 0.1291 -0.6532
vn 0.9866 0.1625 0.0123
vn 0.5790 -0.5804 -0.5726
vn 0.7042 -0.7099 0.0056
vn -0.5725 -0.5774 0.5820
vn -0.7060 -0.7082 0.0057
vn 0.7060 -0.7082 0.0057
vn 0.5725 -0.5774 0.5820
vn 0.9999 0.0043 -0.0095
vn 0.7007 0.0032 -0.7135
vn 0.7002 0.0073 -0.7139
vn 0.9999 0.0096 -0.0120
vn -0.9999 0.0014 -0.0095
vn -0.7135 0.0008 0.7006
vn -0.7161 0.0035 0.6980
vn -0.9999 0.0059 -0.0120
vn -0.0002 -0.9760 -0.2177
vn -0.0001 -0.8238 0.5669
vn 0.4168 -0.4794 0.7723
vn 0.6588 -0.7397 -0.1368
vn 0.7135 0.0008 0.7006
vn 0.9999 0.0014 -0.0095
vn 0.9999 0.0059 -0.0120
vn 0.7161 0.0035 0.6980
vn 0.6877 -0.0828 0.7212
vn 0.9905 -0.1364 -0.0169
vn -0.7006 0.0032 -0.7135
vn -0.9999 0.0043 -0.0095
vn -0.9999 0.0096 -0.0120
vn -0.7002 0.0073 -0.7139
vn -0.6588 -0.7398 -0.1362
vn -0.4165 -0.4791 0.7726
vn -0.2699 -0.2962 -0.9162
vn -0.6364 -0.7574 -0.1458
vn -0.0004 -0.9756 -0.2194
vn -0.0002 -0.4954 -0.8686
vn 0.6362 -0.7575 -0.1466
vn 0.2693 -0.2956 -0.9166
vn 0.9904 -0.1368 -0.0168
vn 0.6370 -0.0910 -0.7655
vn -0.9905 -0.1365 -0.0168
vn -0.6876 -0.0828 0.7213
vn 0.7097 -0.7044 -0.0072
vn 0.5758 -0.5737 -0.5825
vn -0.6370 -0.0912 -0.7654
vn -0.9904 -0.1370 -0.0166
vn -0.5758 -0.5737 -0.5825
vn -0.7097 -0.7044 -0.0072
vn 0.5820 -0.5778 0.5722
vn 0.7083 -0.7059 -0.0071
vn -0.7083 -0.7059 -0.0071
vn -0.5820 -0.5778 0.5722
vn 0.0000 -0.1970 0.9804
vn -0.0502 -0.1053 0.9931
vn 0.0446 0.1207 -0.9917
vn 0.0000 0.2079 -0.9781
vn -0.0447 0.1210 -0.9916
vn -0.0016 -1.0000 -0.0013
vn -0.0062 -0.7075 0.7067
vn 0.0062 -0.7075 0.7067
vn 0.0016 -1.0000 -0.0013
vn 0.0104 0.0003 0.9999
vn 0.0424 -0.0050 0.9991
vn -0.0036 -1.0000 -0.0007
vn 0.0025 -0.7069 -0.7073
vn -0.0104 0.0003 0.9999
vn -0.0090 0.0005 0.9999
vn -0.0104 0.0007 0.9999
vn -0.0463 0.0026 0.9989
vn 0.0025 -0.7067 -0.7075
vn -0.0036 -1.0000 -0.0014
vn 0.0574 -0.0957 0.9937
vn 0.0465 0.0026 0.9989
vn 0.0504 -0.1055 0.9931
vn -0.0523 0.1144 -0.9920
vn 0.0001 0.2065 -0.9784
vn 0.0105 -0.0004 -0.9999
vn 0.0447 0.0155 -0.9989
vn 0.0016 -1.0000 -0.0007
vn 0.0062 -0.7073 0.7068
vn -0.0105 -0.0004 -0.9999
vn -0.0090 -0.0005 -0.9999
vn 0.0090 0.0005 0.9999
vn -0.0449 0.0156 -0.9988
vn -0.0422 -0.0050 0.9991
vn 0.0090 -0.0005 -0.9999
vn -0.0016 -1.0000 -0.0007
vn 0.0036 -1.0000 -0.0007
vn -0.0062 -0.7073 0.7068
vn -0.0025 -0.7069 -0.7073
vn 0.0036 -1.0000 -0.0014
vn -0.0025 -0.7067 -0.7075
vn -0.0090 -0.0010 -0.9999
vn 0.0522 0.1140 -0.9921
vn 0.0488 0.0091 -0.9987
vn -0.0090 0.0010 0.9999
vn -0.0573 -0.0955 0.9938
vn -0.0491 0.0091 -0.9987
vn -0.0105 -0.0009 -0.9999
vn 0.0090 0.0010 0.9999
vn 0.0105 -0.0009 -0.9999
vn 0.0000 -0.1947 0.9808
vn 0.0104 0.0008 0.9999
vn 0.0090 -0.0010 -0.9999
usemtl Clothes_UV
s 1
f 1036/1217/1024 1034/1218/1025 1035/1219/1026 1038/1220/1027
f 1037/1221/1028 1033/1222/1029 1034/1218/1025 1036/1217/1024
f 1036/1217/1024 1039/1223/1030 1041/1224/1031 1037/1221/1028
f 1038/1220/1027 1040/1225/1032 1039/1223/1030 1036/1217/1024
f 1042/1226/1033 1039/1223/1030 1040/1225/1032 1044/1227/1034
f 1043/1228/1035 1041/1224/1031 1039/1223/1030 1042/1226/1033
f 1047/1229/1036 1043/1228/1035 1042/1226/1033 1045/1230/1037
f 1045/1230/1037 1042/1226/1033 1044/1227/1034 1048/1231/1038
f 1048/1231/1038 1050/1232/1039 1046/1233/1040 1045/1230/1037
f 1045/1230/1037 1046/1233/1040 1111/1234/1041 1047/1229/1036
f 1049/1235/1042 1051/1236/1043 1050/1232/1039 1048/1231/1038
f 1048/1231/1038 1044/1227/1034 1096/1237/1044 1049/1235/1042
f 1052/1238/1045 1050/1232/1039 1051/1236/1043 1053/1239/1046
f 1054/1240/1047 1046/1233/1040 1050/1232/1039 1052/1238/1045
f 1055/1241/1048 1052/1238/1045 1053/1239/1046 1058/1242/1049
f 1057/1243/1050 1054/1240/1047 1052/1238/1045 1055/1241/1048
f 1058/1242/1049 1060/1244/1051 1056/1245/1052 1055/1241/1048
f 1055/1241/1048 1056/1245/1052 1070/1246/1053 1057/1243/1050
f 1058/1242/1049 1053/1239/1046 1087/1247/1054 1059/1248/1055
f 1059/1248/1055 1061/1249/1056 1060/1244/1051 1058/1242/1049
f 1062/1250/1057 1060/1244/1051 1061/1249/1056 1064/1251/1058
f 1065/1252/1059 1056/1245/1052 1060/1244/1051 1062/1250/1057
f 1062/1250/1057 1063/1253/1060 1066/1254/1061 1065/1252/1059
f 1064/1251/1058 1117/1255/1062 1063/1253/1060 1062/1250/1057
f 1065/1252/1059 1066/1254/1061 1068/1256/1063 1067/1257/1064
f 1067/1257/1064 1070/1246/1053 1056/1245/1052 1065/1252/1059
f 1067/1257/1064 1068/1256/1063 1133/1258/1065 1069/1259/1066
f 1069/1259/1066 1071/1260/1067 1070/1246/1053 1067/1257/1064
f 1057/1243/1050 1070/1246/1053 1071/1260/1067 1072/1261/1068
f 1072/1261/1068 1071/1260/1067 1073/1262/1069 1074/1263/1070
f 1076/1264/1071 1073/1262/1069 1071/1260/1067 1069/1259/1066
f 1074/1263/1070 1073/1262/1069 1075/1265/1072 1084/1266/1073
f 1078/1267/1074 1075/1265/1072 1073/1262/1069 1076/1264/1071
f 1069/1259/1066 1133/1258/1065 1077/1268/1075 1076/1264/1071
f 1076/1264/1071 1077/1268/1075 1079/1269/1076 1078/1267/1074
f 1078/1267/1074 1079/1269/1076 1081/1270/1077 1080/1271/1078
f 1080/1271/1078 1082/1272/1079 1075/1265/1072 1078/1267/1074
f 1080/1271/1078 1081/1270/1077 1117/1273/1062 1064/1274/1058
f 1064/1274/1058 1061/1275/1056 1082/1272/1079 1080/1271/1078
f 1084/1266/1073 1075/1265/1072 1082/1272/1079 1083/1276/1080
f 1083/1276/1080 1082/1272/1079 1061/1275/1056 1059/1277/1055
f 1059/1277/1055 1087/1278/1054 1085/1279/1081 1083/1276/1080
f 1083/1276/1080 1085/1279/1081 1086/1280/1082 1084/1266/1073
f 1085/1279/1081 1088/1281/1083 1090/1282/1084 1086/1280/1082
f 1087/1278/1054 1091/1283/1085 1088/1281/1083 1085/1279/1081
f 1089/1284/1086 1088/1281/1083 1091/1283/1085 1092/1285/1087
f 1108/1286/1088 1090/1282/1084 1088/1281/1083 1089/1284/1086
f 1092/1287/1087 1091/1288/1085 1051/1236/1043 1049/1235/1042
f 1053/1239/1046 1051/1236/1043 1091/1288/1085 1087/1247/1054
f 1092/1285/1087 1093/1289/1089 1095/1290/1090 1089/1284/1086
f 1049/1235/1042 1096/1237/1044 1093/1291/1089 1092/1287/1087
f 1093/1289/1089 1094/1292/1091 1103/1293/1092 1095/1290/1090
f 1096/1237/1044 1097/1294/1093 1094/1295/1091 1093/1291/1089
f 1044/1227/1034 1040/1225/1032 1097/1294/1093 1096/1237/1044
f 1097/1294/1093 1098/1296/1094 1099/1297/1095 1094/1295/1091
f 1098/1296/1094 1097/1294/1093 1040/1225/1032 1038/1220/1027
f 1098/1296/1094 1100/1298/1096 1030/1299/1097 1099/1297/1095
f 1038/1220/1027 1035/1219/1026 1100/1298/1096 1098/1296/1094
f 1031/1300/1098 1101/1301/1099 1099/1302/1095 1030/1303/1097
f 1101/1301/1099 1103/1293/1092 1094/1292/1091 1099/1302/1095
f 1101/1301/1099 1031/1300/1098 1032/1304/1100 1102/1305/1101
f 1102/1305/1101 1104/1306/1102 1103/1293/1092 1101/1301/1099
f 1095/1290/1090 1103/1293/1092 1104/1306/1102 1106/1307/1103
f 1114/1308/1104 1105/1309/1105 1104/1306/1102 1102/1305/1101
f 1106/1307/1103 1104/1306/1102 1105/1309/1105 1107/1310/1106
f 1089/1284/1086 1095/1290/1090 1106/1307/1103 1108/1286/1088
f 1108/1286/1088 1106/1307/1103 1107/1310/1106 1109/1311/1107
f 1109/1311/1107 1110/1312/1108 1090/1282/1084 1108/1286/1088
f 1047/1229/1036 1111/1234/1041 1110/1312/1108 1109/1311/1107
f 1109/1311/1107 1107/1310/1106 1043/1228/1035 1047/1229/1036
f 1112/1313/1109 1110/1312/1108 1111/1234/1041 1113/1314/1110
f 1086/1280/1082 1090/1282/1084 1110/1312/1108 1112/1313/1109
f 1074/1263/1070 1112/1313/1109 1113/1314/1110 1072/1261/1068
f 1084/1266/1073 1086/1280/1082 1112/1313/1109 1074/1263/1070
f 1113/1314/1110 1111/1234/1041 1046/1233/1040 1054/1240/1047
f 1072/1261/1068 1113/1314/1110 1054/1240/1047 1057/1243/1050
f 1107/1310/1106 1105/1309/1105 1041/1224/1031 1043/1228/1035
f 1037/1221/1028 1041/1224/1031 1105/1309/1105 1114/1308/1104
f 1102/1305/1101 1032/1304/1100 1115/1315/1111 1114/1308/1104
f 1114/1308/1104 1115/1315/1111 1033/1222/1029 1037/1221/1028
f 1079/1269/1076 1132/1316/1076 1116/1317/1077 1081/1270/1077
f 1081/1270/1077 1116/1317/1077 1118/1318/1062 1117/1273/1062
f 1117/1255/1062 1118/1319/1062 1119/1320/1060 1063/1253/1060
f 1118/1319/1062 1120/1321/1112 1122/1322/1060 1119/1320/1060
f 1116/1317/1077 1121/1323/1113 1120/1324/1112 1118/1318/1062
f 1119/1320/1060 1122/1322/1060 1123/1325/1061 1124/1326/1061
f 1124/1326/1061 1123/1325/1061 1125/1327/1063 1126/1328/1063
f 1126/1328/1063 1125/1327/1063 1127/1329/1114 1128/1330/1065
f 1128/1330/1065 1127/1329/1114 1129/1331/1115 1130/1332/1075
f 1130/1332/1075 1129/1331/1115 1131/1333/1076 1132/1316/1076
f 1132/1316/1076 1131/1333/1076 1121/1323/1113 1116/1317/1077
f 1077/1268/1075 1130/1332/1075 1132/1316/1076 1079/1269/1076
f 1133/1258/1065 1128/1330/1065 1130/1332/1075 1077/1268/1075
f 1068/1256/1063 1126/1328/1063 1128/1330/1065 1133/1258/1065
f 1066/1254/1061 1124/1326/1061 1126/1328/1063 1068/1256/1063
f 1063/1253/1060 1119/1320/1060 1124/1326/1061 1066/1254/1061
f 1157/1334/1116 1139/1335/1117 1134/1336/1118 1150/1337/1119
f 1155/1338/1120 1141/1339/1121 1139/1335/1117 1157/1334/1116
f 1156/1340/1122 1138/1341/1123 1141/1339/1121 1155/1338/1120
f 1153/1342/1124 1137/1343/1125 1138/1341/1123 1156/1340/1122
f 1154/1344/1126 1140/1345/1127 1137/1343/1125 1153/1342/1124
f 1152/1346/1128 1136/1347/1129 1140/1345/1127 1154/1344/1126
f 1151/1348/1130 1135/1349/1131 1136/1347/1129 1152/1346/1128
f 1150/1350/1119 1134/1351/1118 1135/1349/1131 1151/1348/1130
f 1030/1303/1097 1144/1352/1132 1145/1353/1133 1031/1300/1098
f 1031/1300/1098 1145/1353/1133 1146/1354/1134 1032/1304/1100
f 1032/1304/1100 1146/1354/1134 1148/1355/1135 1115/1315/1111
f 1115/1315/1111 1148/1355/1135 1147/1356/1136 1033/1222/1029
f 1033/1222/1029 1147/1356/1136 1142/1357/1137 1034/1218/1025
f 1034/1218/1025 1142/1357/1137 1149/1358/1138 1035/1219/1026
f 1035/1219/1026 1149/1358/1138 1143/1359/1139 1100/1298/1096
f 1100/1298/1096 1143/1359/1139 1144/1360/1132 1030/1299/1097
f 1144/1352/1132 1150/1350/1119 1151/1348/1130 1145/1353/1133
f 1145/1353/1133 1151/1348/1130 1152/1346/1128 1146/1354/1134
f 1146/1354/1134 1152/1346/1128 1154/1344/1126 1148/1355/1135
f 1148/1355/1135 1154/1344/1126 1153/1342/1124 1147/1356/1136
f 1147/1356/1136 1153/1342/1124 1156/1340/1122 1142/1357/1137
f 1142/1357/1137 1156/1340/1122 1155/1338/1120 1149/1358/1138
f 1149/1358/1138 1155/1338/1120 1157/1334/1116 1143/1359/1139
f 1143/1359/1139 1157/1334/1116 1150/1337/1119 1144/1360/1132
f 1189/1361/1140 1161/1362/1141 1168/1363/1142 1190/1364/1143
f 1198/1365/1144 1178/1366/1145 1163/1367/1146 1194/1368/1147
f 1200/1369/1148 1159/1370/1149 1167/1371/1150 1203/1372/1151
f 1194/1373/1147 1163/1374/1146 1170/1375/1152 1196/1376/1153
f 1195/1377/1154 1162/1378/1155 1179/1379/1156 1199/1380/1157
f 1185/1381/1158 1173/1382/1159 1164/1383/1160 1182/1384/1161
f 1183/1385/1162 1165/1386/1163 1172/1387/1164 1184/1388/1165
f 1182/1389/1161 1164/1390/1160 1181/1391/1166 1187/1392/1167
f 1204/1393/1168 1175/1394/1169 1159/1395/1149 1200/1396/1148
f 1191/1397/1170 1169/1398/1171 1160/1399/1172 1188/1400/1173
f 1188/1401/1173 1160/1402/1172 1177/1403/1174 1193/1404/1175
f 1197/1405/1176 1171/1406/1177 1162/1407/1155 1195/1408/1154
f 1192/1409/1178 1176/1410/1179 1161/1411/1141 1189/1412/1140
f 1186/1413/1180 1180/1414/1181 1165/1415/1163 1183/1416/1162
f 1201/1417/1182 1158/1418/1183 1174/1419/1184 1205/1420/1185
f 1190/1364/1143 1168/1363/1142 1169/1421/1171 1191/1422/1170
f 1196/1376/1153 1170/1375/1152 1171/1423/1177 1197/1424/1176
f 1184/1425/1165 1172/1426/1164 1173/1382/1159 1185/1381/1158
f 1202/1427/1186 1173/1428/1159 1172/1429/1164 1203/1430/1151
f 1204/1393/1168 1180/1431/1181 1181/1432/1166 1205/1433/1185
f 1186/1413/1180 1178/1434/1145 1179/1435/1156 1187/1436/1167
f 1198/1437/1144 1176/1438/1179 1177/1439/1174 1199/1380/1157
f 1192/1440/1178 1175/1441/1169 1174/1442/1184 1193/1404/1175
f 1202/1427/1186 1166/1443/1187 1158/1444/1183 1201/1445/1182
f 1180/1414/1181 1186/1413/1180 1187/1436/1167 1181/1446/1166
f 1170/1447/1152 1184/1425/1165 1185/1381/1158 1171/1448/1177
f 1178/1434/1145 1186/1413/1180 1183/1416/1162 1163/1449/1146
f 1162/1407/1155 1182/1389/1161 1187/1392/1167 1179/1450/1156
f 1163/1367/1146 1183/1385/1162 1184/1388/1165 1170/1451/1152
f 1171/1448/1177 1185/1381/1158 1182/1384/1161 1162/1452/1155
f 1176/1453/1179 1192/1440/1178 1193/1404/1175 1177/1403/1174
f 1167/1454/1150 1190/1364/1143 1191/1422/1170 1166/1455/1187
f 1175/1456/1169 1192/1409/1178 1189/1412/1140 1159/1370/1149
f 1158/1457/1183 1188/1401/1173 1193/1404/1175 1174/1442/1184
f 1166/1458/1187 1191/1397/1170 1188/1400/1173 1158/1418/1183
f 1159/1459/1149 1189/1361/1140 1190/1364/1143 1167/1454/1150
f 1178/1460/1145 1198/1437/1144 1199/1380/1157 1179/1379/1156
f 1168/1461/1142 1196/1376/1153 1197/1424/1176 1169/1462/1171
f 1169/1398/1171 1197/1405/1176 1195/1408/1154 1160/1399/1172
f 1160/1463/1172 1195/1377/1154 1199/1380/1157 1177/1439/1174
f 1161/1464/1141 1194/1373/1147 1196/1376/1153 1168/1461/1142
f 1176/1410/1179 1198/1365/1144 1194/1368/1147 1161/1411/1141
f 1173/1428/1159 1202/1427/1186 1201/1445/1182 1164/1465/1160
f 1175/1394/1169 1204/1393/1168 1205/1433/1185 1174/1466/1184
f 1166/1443/1187 1202/1427/1186 1203/1430/1151 1167/1467/1150
f 1164/1390/1160 1201/1417/1182 1205/1420/1185 1181/1391/1166
f 1180/1431/1181 1204/1393/1168 1200/1396/1148 1165/1468/1163
f 1165/1386/1163 1200/1369/1148 1203/1372/1151 1172/1387/1164
f 1399/1469/1188 1224/1470/1188 1420/1471/1188 1411/1472/1188
f 1409/1473/1188 1412/1474/1188 1400/1475/1188 1207/1476/1188
f 1413/1477/1188 1409/1473/1188 1207/1476/1188 1209/1478/1188
f 1410/1479/1188 1414/1480/1188 1208/1481/1188 1206/1482/1188
f 1416/1483/1189 1424/1484/1190 1237/1485/1191 1236/1486/1192
f 1415/1487/1193 1413/1477/1188 1209/1478/1188 1210/1488/1194
f 1210/1488/1194 1209/1478/1188 1211/1489/1188 1212/1490/1195
f 1209/1478/1188 1207/1476/1188 1213/1491/1188 1211/1489/1188
f 1214/1492/1188 1215/1493/1196 1212/1490/1195 1211/1489/1188
f 1216/1494/1188 1214/1492/1188 1211/1489/1188 1213/1491/1188
f 1217/1495/1188 1219/1496/1197 1215/1493/1196 1214/1492/1188
f 1218/1497/1188 1217/1495/1188 1214/1492/1188 1216/1494/1188
f 1221/1498/1188 1220/1499/1188 1217/1495/1188 1218/1497/1188
f 1220/1499/1188 1222/1500/1198 1219/1496/1197 1217/1495/1188
f 1224/1470/1188 1223/1501/1188 1417/1502/1188 1420/1471/1188
f 1223/1501/1188 1225/1503/1199 1421/1504/1200 1417/1502/1188
f 1225/1505/1199 1249/1506/1201 1427/1507/1202 1421/1508/1200
f 1419/1509/1188 1418/1510/1188 1220/1499/1188 1221/1498/1188
f 1227/1511/1188 1226/1512/1188 1223/1501/1188 1224/1470/1188
f 1226/1512/1188 1228/1513/1203 1225/1503/1199 1223/1501/1188
f 1230/1514/1188 1229/1515/1188 1226/1512/1188 1227/1511/1188
f 1229/1515/1188 1231/1516/1204 1228/1513/1203 1226/1512/1188
f 1233/1517/1188 1232/1518/1188 1229/1515/1188 1230/1514/1188
f 1232/1518/1188 1234/1519/1205 1231/1516/1204 1229/1515/1188
f 1206/1482/1188 1208/1481/1188 1232/1518/1188 1233/1517/1188
f 1208/1481/1188 1236/1520/1192 1234/1519/1205 1232/1518/1188
f 1236/1486/1192 1237/1485/1191 1235/1521/1206 1234/1522/1205
f 1234/1522/1205 1235/1521/1206 1253/1523/1207 1231/1524/1204
f 1423/1525/1208 1415/1526/1193 1210/1527/1194 1239/1528/1209
f 1425/1529/1210 1423/1525/1208 1239/1528/1209 1240/1530/1211
f 1237/1485/1191 1238/1531/1212 1256/1532/1213 1235/1521/1206
f 1418/1510/1188 1422/1533/1214 1222/1500/1198 1220/1499/1188
f 1426/1534/1215 1457/1535/1216 1258/1536/1217 1238/1531/1212
f 1240/1530/1211 1239/1528/1209 1241/1537/1218 1242/1538/1219
f 1239/1528/1209 1210/1527/1194 1212/1539/1195 1241/1537/1218
f 1243/1540/1220 1244/1541/1221 1242/1538/1219 1241/1537/1218
f 1215/1542/1196 1243/1540/1220 1241/1537/1218 1212/1539/1195
f 1245/1543/1222 1246/1544/1223 1244/1541/1221 1243/1540/1220
f 1219/1545/1197 1245/1543/1222 1243/1540/1220 1215/1542/1196
f 1222/1546/1198 1247/1547/1224 1245/1543/1222 1219/1545/1197
f 1247/1547/1224 1248/1548/1225 1246/1544/1223 1245/1543/1222
f 1424/1484/1190 1426/1534/1215 1238/1531/1212 1237/1485/1191
f 1249/1506/1201 1250/1549/1226 1429/1550/1227 1427/1507/1202
f 1422/1551/1214 1428/1552/1228 1247/1547/1224 1222/1546/1198
f 1250/1549/1226 1397/1553/1229 1460/1554/1230 1429/1550/1227
f 1228/1555/1203 1251/1556/1231 1249/1506/1201 1225/1505/1199
f 1251/1556/1231 1252/1557/1232 1250/1549/1226 1249/1506/1201
f 1231/1558/1204 1253/1559/1207 1251/1556/1231 1228/1555/1203
f 1253/1559/1207 1254/1560/1233 1252/1557/1232 1251/1556/1231
f 1235/1521/1206 1256/1532/1213 1254/1561/1233 1253/1523/1207
f 1256/1532/1213 1257/1562/1234 1255/1563/1235 1254/1561/1233
f 1254/1560/1233 1255/1564/1235 1398/1565/1236 1252/1557/1232
f 1238/1531/1212 1258/1536/1217 1257/1562/1234 1256/1532/1213
f 1259/1566/1237 1262/1567/1238 1255/1563/1235 1257/1562/1234
f 1261/1568/1239 1259/1566/1237 1257/1562/1234 1258/1536/1217
f 1262/1567/1238 1259/1566/1237 1260/1569/1240 1264/1570/1241
f 1259/1566/1237 1261/1568/1239 1391/1571/1242 1260/1569/1240
f 1263/1572/1243 1262/1573/1238 1264/1574/1241 1265/1575/1244
f 1262/1573/1238 1263/1572/1243 1398/1565/1236 1255/1564/1235
f 1266/1576/1245 1268/1577/1246 1265/1575/1244 1264/1574/1241
f 1269/1578/1247 1266/1579/1245 1264/1570/1241 1260/1569/1240
f 1271/1580/1248 1267/1581/1249 1266/1579/1245 1269/1578/1247
f 1267/1582/1249 1293/1583/1250 1268/1577/1246 1266/1576/1245
f 1273/1584/1251 1271/1580/1248 1269/1578/1247 1270/1585/1252
f 1270/1585/1252 1269/1578/1247 1260/1569/1240 1391/1571/1242
f 1274/1586/1253 1272/1587/1254 1271/1580/1248 1273/1584/1251
f 1272/1587/1254 1295/1588/1255 1267/1581/1249 1271/1580/1248
f 1444/1589/1256 1433/1590/1257 1276/1591/1258 1309/1592/1259
f 1436/1593/1260 1277/1594/1261 1275/1595/1262 1432/1596/1263
f 1431/1597/1264 1273/1584/1251 1270/1585/1252 1435/1598/1265
f 1432/1596/1263 1275/1595/1262 1276/1591/1258 1433/1590/1257
f 1275/1595/1262 1278/1599/1266 1280/1600/1267 1276/1591/1258
f 1277/1594/1261 1279/1601/1268 1278/1599/1266 1275/1595/1262
f 1281/1602/1269 1278/1599/1266 1279/1601/1268 1282/1603/1270
f 1283/1604/1271 1280/1600/1267 1278/1599/1266 1281/1602/1269
f 1284/1605/1272 1281/1602/1269 1282/1603/1270 1286/1606/1273
f 1285/1607/1274 1283/1604/1271 1281/1602/1269 1284/1605/1272
f 1289/1608/1275 1285/1607/1274 1284/1605/1272 1287/1609/1276
f 1287/1609/1276 1284/1605/1272 1286/1606/1273 1288/1610/1277
f 1440/1611/1278 1447/1612/1279 1316/1613/1280 1289/1608/1275
f 1290/1614/1281 1438/1615/1282 1442/1616/1283 1291/1617/1284
f 1437/1618/1285 1287/1609/1276 1288/1610/1277 1441/1619/1286
f 1292/1620/1287 1439/1621/1288 1438/1615/1282 1290/1614/1281
f 1293/1583/1250 1290/1614/1281 1291/1617/1284 1268/1577/1246
f 1294/1622/1289 1292/1620/1287 1290/1614/1281 1293/1583/1250
f 1295/1623/1255 1294/1622/1289 1293/1583/1250 1267/1582/1249
f 1294/1622/1289 1296/1624/1290 1298/1625/1291 1292/1620/1287
f 1295/1623/1255 1297/1626/1292 1296/1624/1290 1294/1622/1289
f 1302/1627/1293 1299/1628/1294 1296/1624/1290 1297/1626/1292
f 1299/1628/1294 1300/1629/1295 1298/1625/1291 1296/1624/1290
f 1300/1629/1295 1299/1628/1294 1301/1630/1296 1322/1631/1297
f 1299/1628/1294 1302/1627/1293 1303/1632/1298 1301/1630/1296
f 1302/1633/1293 1304/1634/1299 1305/1635/1300 1303/1636/1298
f 1304/1634/1299 1302/1633/1293 1297/1637/1292 1307/1638/1301
f 1304/1634/1299 1306/1639/1302 1336/1640/1303 1305/1635/1300
f 1306/1639/1302 1304/1634/1299 1307/1638/1301 1308/1641/1304
f 1274/1586/1253 1308/1641/1304 1307/1638/1301 1272/1587/1254
f 1272/1587/1254 1307/1638/1301 1297/1637/1292 1295/1588/1255
f 1312/1642/1305 1310/1643/1306 1443/1644/1307 1446/1645/1308
f 1435/1598/1265 1270/1585/1252 1391/1571/1242 1454/1646/1309
f 1445/1647/1310 1444/1589/1256 1309/1592/1259 1318/1648/1311
f 1314/1649/1312 1312/1642/1305 1446/1645/1308 1448/1650/1313
f 1434/1651/1314 1443/1644/1307 1308/1641/1304 1274/1586/1253
f 1306/1639/1302 1310/1643/1306 1311/1652/1315 1336/1640/1303
f 1310/1643/1306 1312/1642/1305 1313/1653/1316 1311/1652/1315
f 1312/1642/1305 1314/1649/1312 1315/1654/1317 1313/1653/1316
f 1447/1612/1279 1445/1647/1310 1318/1648/1311 1316/1613/1280
f 1314/1649/1312 1300/1629/1295 1322/1631/1297 1315/1654/1317
f 1452/1655/1318 1380/1656/1319 1379/1657/1320 1449/1658/1321
f 1291/1617/1284 1442/1616/1283 1449/1658/1321 1379/1657/1320
f 1300/1629/1295 1314/1649/1312 1448/1650/1313 1298/1625/1291
f 1292/1620/1287 1298/1625/1291 1448/1650/1313 1439/1621/1288
f 1289/1608/1275 1316/1613/1280 1317/1659/1322 1285/1607/1274
f 1316/1613/1280 1318/1648/1311 1319/1660/1323 1317/1659/1322
f 1318/1648/1311 1309/1592/1259 1320/1661/1324 1319/1660/1323
f 1283/1604/1271 1319/1660/1323 1320/1661/1324 1280/1600/1267
f 1285/1607/1274 1317/1659/1322 1319/1660/1323 1283/1604/1271
f 1309/1592/1259 1276/1591/1258 1280/1600/1267 1320/1661/1324
f 1484/1662/1325 1477/1663/1326 1321/1664/1327 1344/1665/1328
f 1477/1663/1326 1481/1666/1329 1323/1667/1330 1321/1664/1327
f 1481/1666/1329 1480/1668/1331 1324/1669/1332 1323/1667/1330
f 1328/1670/1333 1325/1671/1334 1323/1667/1330 1324/1669/1332
f 1325/1671/1334 1327/1672/1335 1321/1664/1327 1323/1667/1330
f 1470/1673/1336 1469/1674/1337 1325/1671/1334 1328/1670/1333
f 1469/1674/1337 1476/1675/1338 1327/1672/1335 1325/1671/1334
f 1471/1676/1339 1470/1673/1336 1328/1670/1333 1330/1677/1340
f 1330/1677/1340 1328/1670/1333 1324/1669/1332 1333/1678/1341
f 1475/1679/1342 1471/1680/1339 1330/1681/1340 1332/1682/1343
f 1332/1682/1343 1330/1681/1340 1333/1683/1341 1334/1684/1344
f 1480/1668/1331 1482/1685/1345 1333/1678/1341 1324/1669/1332
f 1482/1686/1345 1478/1687/1346 1334/1684/1344 1333/1683/1341
f 1478/1687/1346 1483/1688/1347 1335/1689/1348 1334/1684/1344
f 1338/1690/1349 1332/1682/1343 1334/1684/1344 1335/1689/1348
f 1483/1688/1347 1479/1691/1350 1337/1692/1351 1335/1689/1348
f 1340/1693/1352 1338/1690/1349 1335/1689/1348 1337/1692/1351
f 1473/1694/1353 1472/1695/1354 1338/1690/1349 1340/1693/1352
f 1472/1695/1354 1475/1679/1342 1332/1682/1343 1338/1690/1349
f 1474/1696/1355 1473/1694/1353 1340/1693/1352 1342/1697/1356
f 1342/1697/1356 1340/1693/1352 1337/1692/1351 1344/1665/1328
f 1476/1675/1338 1474/1696/1355 1342/1697/1356 1327/1672/1335
f 1327/1672/1335 1342/1697/1356 1344/1665/1328 1321/1664/1327
f 1479/1691/1350 1484/1662/1325 1344/1665/1328 1337/1692/1351
f 1461/1698/1357 1468/1699/1357 1341/1700/1358 1343/1701/1359
f 1467/1702/1357 1461/1698/1357 1343/1701/1359 1345/1703/1360
f 1347/1704/1361 1346/1705/1362 1349/1706/1363 1350/1707/1364
f 1346/1705/1362 1348/1708/1365 1351/1709/1366 1349/1706/1363
f 1350/1707/1364 1349/1706/1363 1352/1710/1367 1354/1711/1368
f 1349/1706/1363 1351/1709/1366 1355/1712/1369 1352/1710/1367
f 1352/1710/1367 1355/1712/1369 1357/1713/1370 1353/1714/1371
f 1354/1711/1368 1352/1710/1367 1353/1714/1371 1378/1715/1372
f 1355/1712/1369 1356/1716/1373 1358/1717/1374 1357/1713/1370
f 1351/1709/1366 1377/1718/1375 1356/1716/1373 1355/1712/1369
f 1356/1716/1373 1360/1719/1376 1359/1720/1377 1358/1717/1374
f 1360/1719/1376 1362/1721/1378 1361/1722/1379 1359/1720/1377
f 1362/1723/1378 1365/1724/1380 1363/1725/1381 1361/1726/1379
f 1365/1724/1380 1367/1727/1382 1364/1728/1383 1363/1725/1381
f 1373/1729/1384 1366/1730/1385 1365/1724/1380 1362/1723/1378
f 1366/1730/1385 1368/1731/1386 1367/1727/1382 1365/1724/1380
f 1368/1731/1386 1350/1707/1364 1354/1711/1368 1367/1727/1382
f 1367/1727/1382 1354/1711/1368 1378/1715/1372 1364/1728/1383
f 1369/1732/1387 1347/1704/1361 1350/1707/1364 1368/1731/1386
f 1370/1733/1388 1369/1732/1387 1368/1731/1386 1366/1730/1385
f 1462/1734/1357 1463/1735/1357 1372/1736/1389 1339/1737/1390
f 1468/1699/1357 1462/1734/1357 1339/1737/1390 1341/1700/1358
f 1371/1738/1391 1370/1733/1388 1366/1730/1385 1373/1729/1384
f 1463/1735/1357 1464/1739/1357 1331/1740/1392 1372/1736/1389
f 1374/1741/1393 1371/1742/1391 1373/1743/1384 1376/1744/1394
f 1464/1745/1357 1465/1746/1357 1329/1747/1395 1331/1748/1392
f 1375/1749/1396 1374/1741/1393 1376/1744/1394 1377/1718/1375
f 1465/1746/1357 1466/1750/1357 1326/1751/1397 1329/1747/1395
f 1376/1744/1394 1373/1743/1384 1362/1721/1378 1360/1719/1376
f 1377/1718/1375 1376/1744/1394 1360/1719/1376 1356/1716/1373
f 1348/1708/1365 1375/1749/1396 1377/1718/1375 1351/1709/1366
f 1466/1750/1357 1467/1702/1357 1345/1703/1360 1326/1751/1397
f 1441/1619/1286 1288/1610/1277 1381/1752/1398 1450/1753/1399
f 1268/1577/1246 1291/1617/1284 1379/1657/1320 1265/1575/1244
f 1380/1656/1319 1263/1572/1243 1265/1575/1244 1379/1657/1320
f 1382/1754/1400 1451/1755/1401 1450/1753/1399 1381/1752/1398
f 1380/1656/1319 1452/1655/1318 1460/1554/1230 1397/1553/1229
f 1310/1643/1306 1306/1639/1302 1308/1641/1304 1443/1644/1307
f 1384/1756/1402 1382/1754/1400 1381/1752/1398 1383/1757/1403
f 1288/1610/1277 1286/1606/1273 1383/1757/1403 1381/1752/1398
f 1386/1758/1404 1384/1756/1402 1383/1757/1403 1385/1759/1405
f 1286/1606/1273 1282/1603/1270 1385/1759/1405 1383/1757/1403
f 1388/1760/1406 1386/1758/1404 1385/1759/1405 1387/1761/1407
f 1282/1603/1270 1279/1601/1268 1387/1761/1407 1385/1759/1405
f 1387/1761/1407 1389/1762/1408 1390/1763/1409 1388/1760/1406
f 1389/1762/1408 1387/1761/1407 1279/1601/1268 1277/1594/1261
f 1261/1568/1239 1455/1764/1410 1454/1646/1309 1391/1571/1242
f 1440/1611/1278 1289/1608/1275 1287/1609/1276 1437/1618/1285
f 1458/1765/1411 1392/1766/1412 1390/1763/1409 1456/1767/1413
f 1453/1768/1414 1389/1762/1408 1277/1594/1261 1436/1593/1260
f 1455/1764/1410 1261/1568/1239 1258/1536/1217 1457/1535/1216
f 1428/1552/1228 1430/1769/1415 1248/1548/1225 1247/1547/1224
f 1458/1765/1411 1425/1529/1210 1240/1530/1211 1392/1766/1412
f 1392/1766/1412 1240/1530/1211 1242/1538/1219 1393/1770/1416
f 1392/1766/1412 1393/1770/1416 1388/1760/1406 1390/1763/1409
f 1386/1758/1404 1388/1760/1406 1393/1770/1416 1394/1771/1417
f 1244/1541/1221 1394/1771/1417 1393/1770/1416 1242/1538/1219
f 1384/1756/1402 1386/1758/1404 1394/1771/1417 1395/1772/1418
f 1246/1544/1223 1395/1772/1418 1394/1771/1417 1244/1541/1221
f 1382/1754/1400 1384/1756/1402 1395/1772/1418 1396/1773/1419
f 1248/1548/1225 1396/1773/1419 1395/1772/1418 1246/1544/1223
f 1389/1762/1408 1453/1768/1414 1456/1767/1413 1390/1763/1409
f 1434/1651/1314 1274/1586/1253 1273/1584/1251 1431/1597/1264
f 1451/1755/1401 1382/1754/1400 1396/1773/1419 1459/1774/1420
f 1430/1769/1415 1459/1774/1420 1396/1773/1419 1248/1548/1225
f 1263/1572/1243 1380/1656/1319 1397/1553/1229 1398/1565/1236
f 1252/1557/1232 1398/1565/1236 1397/1553/1229 1250/1549/1226
f 1233/1517/1188 1230/1514/1188 1399/1469/1188 1206/1482/1188
f 1230/1514/1188 1227/1511/1188 1224/1470/1188 1399/1469/1188
f 1412/1474/1188 1419/1509/1188 1221/1498/1188 1400/1475/1188
f 1414/1480/1188 1416/1775/1189 1236/1520/1192 1208/1481/1188
f 1400/1475/1188 1221/1498/1188 1218/1497/1188 1216/1494/1188
f 1207/1476/1188 1400/1475/1188 1216/1494/1188 1213/1491/1188
f 1311/1652/1315 1313/1653/1316 1406/1776/1421 1407/1777/1422
f 1336/1640/1303 1311/1652/1315 1407/1777/1422 1405/1778/1423
f 1305/1635/1300 1336/1640/1303 1405/1778/1423 1404/1779/1424
f 1303/1636/1298 1305/1635/1300 1404/1779/1424 1403/1780/1425
f 1301/1630/1296 1303/1632/1298 1403/1781/1425 1408/1782/1426
f 1322/1631/1297 1301/1630/1296 1408/1782/1426 1402/1783/1427
f 1315/1654/1317 1322/1631/1297 1402/1783/1427 1401/1784/1428
f 1313/1653/1316 1315/1654/1317 1401/1784/1428 1406/1776/1421
f 1410/1479/1188 1411/1472/1188 1412/1474/1188 1409/1473/1188
f 1414/1480/1188 1410/1479/1188 1409/1473/1188 1413/1477/1188
f 1416/1775/1189 1414/1480/1188 1413/1477/1188 1415/1487/1193
f 1418/1510/1188 1419/1509/1188 1420/1471/1188 1417/1502/1188
f 1422/1533/1214 1418/1510/1188 1417/1502/1188 1421/1504/1200
f 1424/1484/1190 1416/1483/1189 1415/1526/1193 1423/1525/1208
f 1426/1534/1215 1424/1484/1190 1423/1525/1208 1425/1529/1210
f 1428/1552/1228 1422/1551/1214 1421/1508/1200 1427/1507/1202
f 1430/1769/1415 1428/1552/1228 1427/1507/1202 1429/1550/1227
f 1432/1596/1263 1433/1590/1257 1434/1651/1314 1431/1597/1264
f 1436/1593/1260 1432/1596/1263 1431/1597/1264 1435/1598/1265
f 1438/1615/1282 1439/1621/1288 1440/1611/1278 1437/1618/1285
f 1442/1616/1283 1438/1615/1282 1437/1618/1285 1441/1619/1286
f 1446/1645/1308 1443/1644/1307 1444/1589/1256 1445/1647/1310
f 1443/1644/1307 1434/1651/1314 1433/1590/1257 1444/1589/1256
f 1448/1650/1313 1446/1645/1308 1445/1647/1310 1447/1612/1279
f 1439/1621/1288 1448/1650/1313 1447/1612/1279 1440/1611/1278
f 1452/1655/1318 1449/1658/1321 1450/1753/1399 1451/1755/1401
f 1449/1658/1321 1442/1616/1283 1441/1619/1286 1450/1753/1399
f 1454/1646/1309 1455/1764/1410 1456/1767/1413 1453/1768/1414
f 1453/1768/1414 1436/1593/1260 1435/1598/1265 1454/1646/1309
f 1458/1765/1411 1456/1767/1413 1455/1764/1410 1457/1535/1216
f 1457/1535/1216 1426/1534/1215 1425/1529/1210 1458/1765/1411
f 1460/1554/1230 1452/1655/1318 1451/1755/1401 1459/1774/1420
f 1459/1774/1420 1430/1769/1415 1429/1550/1227 1460/1554/1230
f 1411/1472/1188 1420/1471/1188 1419/1509/1188 1412/1474/1188
f 1206/1482/1188 1399/1469/1188 1411/1472/1188 1410/1479/1188
f 1375/1749/1396 1348/1708/1365 1467/1702/1357 1466/1750/1357
f 1374/1741/1393 1375/1749/1396 1466/1750/1357 1465/1746/1357
f 1371/1742/1391 1374/1741/1393 1465/1746/1357 1464/1745/1357
f 1370/1733/1388 1371/1738/1391 1464/1739/1357 1463/1735/1357
f 1347/1704/1361 1369/1732/1387 1462/1734/1357 1468/1699/1357
f 1369/1732/1387 1370/1733/1388 1463/1735/1357 1462/1734/1357
f 1348/1708/1365 1346/1705/1362 1461/1698/1357 1467/1702/1357
f 1346/1705/1362 1347/1704/1361 1468/1699/1357 1461/1698/1357
f 1345/1703/1360 1343/1701/1359 1474/1696/1355 1476/1675/1338
f 1343/1701/1359 1341/1700/1358 1473/1694/1353 1474/1696/1355
f 1339/1737/1390 1372/1736/1389 1475/1679/1342 1472/1695/1354
f 1341/1700/1358 1339/1737/1390 1472/1695/1354 1473/1694/1353
f 1372/1736/1389 1331/1740/1392 1471/1680/1339 1475/1679/1342
f 1331/1748/1392 1329/1747/1395 1470/1673/1336 1471/1676/1339
f 1326/1751/1397 1345/1703/1360 1476/1675/1338 1469/1674/1337
f 1329/1747/1395 1326/1751/1397 1469/1674/1337 1470/1673/1336
f 1491/1785/1429 1488/1786/1430 1484/1662/1325 1479/1691/1350
f 1487/1787/1431 1491/1785/1429 1479/1691/1350 1483/1688/1347
f 1490/1788/1432 1487/1787/1431 1483/1688/1347 1478/1687/1346
f 1486/1789/1433 1490/1788/1432 1478/1687/1346 1482/1686/1345
f 1492/1790/1434 1486/1791/1433 1482/1685/1345 1480/1668/1331
f 1485/1792/1435 1492/1790/1434 1480/1668/1331 1481/1666/1329
f 1489/1793/1436 1485/1792/1435 1481/1666/1329 1477/1663/1326
f 1488/1786/1430 1489/1793/1436 1477/1663/1326 1484/1662/1325
f 1406/1776/1421 1401/1784/1428 1489/1793/1436 1488/1786/1430
f 1401/1784/1428 1402/1783/1427 1485/1792/1435 1489/1793/1436
f 1402/1783/1427 1408/1782/1426 1492/1790/1434 1485/1792/1435
f 1408/1782/1426 1403/1781/1425 1486/1791/1433 1492/1790/1434
f 1403/1780/1425 1404/1779/1424 1490/1788/1432 1486/1789/1433
f 1404/1779/1424 1405/1778/1423 1487/1787/1431 1490/1788/1432
f 1405/1778/1423 1407/1777/1422 1491/1785/1429 1487/1787/1431
f 1407/1777/1422 1406/1776/1421 1488/1786/1430 1491/1785/1429
f 1522/1794/1437 1517/1795/1438 1512/1796/1439 1510/1797/1440
f 1526/1798/1441 1515/1799/1442 1513/1800/1443 1508/1801/1444
f 1531/1802/1445 1534/1803/1446 1502/1804/1447 1503/1805/1448
f 1509/1806/1449 1511/1807/1450 1518/1808/1451 1521/1809/1452
f 1534/1803/1446 1529/1810/1453 1494/1811/1454 1502/1804/1447
f 1507/1812/1455 1514/1813/1456 1516/1814/1457 1525/1815/1458
f 1535/1816/1459 1531/1802/1445 1503/1805/1448 1505/1817/1460
f 1506/1818/1461 1504/1819/1462 1532/1820/1463 1536/1821/1464
f 1504/1819/1462 1501/1822/1465 1533/1823/1466 1532/1820/1463
f 1501/1822/1465 1493/1824/1467 1530/1825/1468 1533/1823/1466
f 1528/1826/1469 1535/1816/1459 1505/1817/1460 1500/1827/1470
f 1524/1828/1471 1522/1794/1437 1510/1797/1440 1496/1829/1472
f 1499/1830/1473 1506/1818/1461 1536/1821/1464 1527/1831/1474
f 1511/1807/1450 1494/1811/1454 1529/1810/1453 1518/1808/1451
f 1514/1813/1456 1499/1830/1473 1527/1831/1474 1516/1814/1457
f 1498/1832/1475 1507/1812/1455 1525/1815/1458 1519/1833/1476
f 1495/1834/1477 1509/1806/1449 1521/1809/1452 1523/1835/1478
f 1520/1836/1479 1526/1798/1441 1508/1801/1444 1497/1837/1480
f 1517/1795/1438 1530/1825/1468 1493/1824/1467 1512/1796/1439
f 1530/1825/1468 1517/1795/1438 1518/1808/1451 1529/1810/1453
f 1528/1826/1469 1515/1799/1442 1516/1814/1457 1527/1831/1474
f 1534/1803/1446 1531/1802/1445 1532/1820/1463 1533/1823/1466
f 1529/1810/1453 1534/1803/1446 1533/1823/1466 1530/1825/1468
f 1531/1802/1445 1535/1816/1459 1536/1821/1464 1532/1820/1463
f 1535/1816/1459 1528/1826/1469 1527/1831/1474 1536/1821/1464
f 1526/1798/1441 1520/1836/1479 1519/1833/1476 1525/1815/1458
f 1522/1794/1437 1524/1828/1471 1523/1835/1478 1521/1809/1452
f 1517/1795/1438 1522/1794/1437 1521/1809/1452 1518/1808/1451
f 1515/1799/1442 1526/1798/1441 1525/1815/1458 1516/1814/1457
f 1515/1799/1442 1528/1826/1469 1500/1827/1470 1513/1800/1443
f 1566/1838/1481 1554/1839/1482 1556/1840/1483 1561/1841/1484
f 1570/1842/1485 1552/1843/1486 1557/1844/1487 1559/1845/1488
f 1575/1846/1489 1547/1847/1490 1546/1848/1491 1578/1849/1492
f 1553/1850/1493 1565/1851/1494 1562/1852/1495 1555/1853/1496
f 1578/1849/1492 1546/1848/1491 1538/1854/1497 1573/1855/1498
f 1551/1856/1499 1569/1857/1500 1560/1858/1501 1558/1859/1502
f 1579/1860/1503 1549/1861/1504 1547/1847/1490 1575/1846/1489
f 1550/1862/1505 1580/1863/1506 1576/1864/1507 1548/1865/1508
f 1548/1865/1508 1576/1864/1507 1577/1866/1509 1545/1867/1510
f 1545/1867/1510 1577/1866/1509 1574/1868/1511 1537/1869/1512
f 1572/1870/1513 1544/1871/1514 1549/1861/1504 1579/1860/1503
f 1568/1872/1515 1540/1873/1516 1554/1839/1482 1566/1838/1481
f 1543/1874/1517 1571/1875/1518 1580/1863/1506 1550/1862/1505
f 1555/1853/1496 1562/1852/1495 1573/1855/1498 1538/1854/1497
f 1558/1859/1502 1560/1858/1501 1571/1875/1518 1543/1874/1517
f 1542/1876/1519 1563/1877/1520 1569/1857/1500 1551/1856/1499
f 1539/1878/1521 1567/1879/1522 1565/1851/1494 1553/1850/1493
f 1564/1880/1523 1541/1881/1524 1552/1843/1486 1570/1842/1485
f 1561/1841/1484 1556/1840/1483 1537/1869/1512 1574/1868/1511
f 1574/1868/1511 1573/1855/1498 1562/1852/1495 1561/1841/1484
f 1572/1870/1513 1571/1875/1518 1560/1858/1501 1559/1845/1488
f 1578/1849/1492 1577/1866/1509 1576/1864/1507 1575/1846/1489
f 1573/1855/1498 1574/1868/1511 1577/1866/1509 1578/1849/1492
f 1575/1846/1489 1576/1864/1507 1580/1863/1506 1579/1860/1503
f 1579/1860/1503 1580/1863/1506 1571/1875/1518 1572/1870/1513
f 1570/1842/1485 1569/1857/1500 1563/1877/1520 1564/1880/1523
f 1566/1838/1481 1565/1851/1494 1567/1879/1522 1568/1872/1515
f 1561/1841/1484 1562/1852/1495 1565/1851/1494 1566/1838/1481
f 1559/1845/1488 1560/1858/1501 1569/1857/1500 1570/1842/1485
f 1559/1845/1488 1557/1844/1487 1544/1871/1514 1572/1870/1513
f 1505/1817/1460 1503/1805/1448 1602/1882/1525 1605/1883/1526
f 1504/1819/1462 1506/1818/1461 1608/1884/1527 1603/1885/1528
f 1501/1822/1465 1504/1819/1462 1603/1885/1528 1597/1886/1529
f 1627/1887/1530 1590/1888/1531 1541/1889/1524 1564/1890/1523
f 1585/1891/1532 1630/1892/1533 1567/1893/1522 1539/1894/1521
f 1494/1811/1454 1511/1807/1450 1618/1895/1534 1583/1896/1535
f 1498/1832/1475 1519/1833/1476 1625/1897/1536 1592/1898/1537
f 1508/1801/1444 1513/1800/1443 1622/1899/1538 1611/1900/1539
f 1621/1901/1540 1596/1902/1541 1544/1903/1514 1557/1904/1487
f 1591/1905/1542 1626/1906/1543 1563/1907/1520 1542/1908/1519
f 1600/1909/1544 1584/1910/1545 1538/1911/1497 1546/1912/1491
f 1503/1805/1448 1502/1804/1447 1599/1913/1546 1602/1882/1525
f 1598/1914/1547 1604/1915/1548 1548/1916/1508 1545/1917/1510
f 1499/1830/1473 1514/1813/1456 1624/1918/1549 1593/1919/1550
f 1495/1834/1477 1523/1835/1478 1629/1920/1551 1586/1921/1552
f 1510/1797/1440 1512/1796/1439 1620/1922/1553 1616/1923/1554
f 1511/1807/1450 1509/1806/1449 1613/1924/1555 1618/1895/1534
f 1493/1824/1467 1501/1822/1465 1597/1886/1529 1581/1925/1556
f 1500/1827/1470 1505/1817/1460 1605/1883/1526 1595/1926/1557
f 1514/1813/1456 1507/1812/1455 1609/1927/1558 1624/1918/1549
f 1519/1833/1476 1520/1836/1479 1628/1928/1559 1625/1897/1536
f 1523/1835/1478 1524/1828/1471 1632/1929/1560 1629/1920/1551
f 1497/1837/1480 1508/1801/1444 1611/1900/1539 1589/1930/1561
f 1507/1812/1455 1498/1832/1475 1592/1898/1537 1609/1927/1558
f 1496/1829/1472 1510/1797/1440 1616/1923/1554 1587/1931/1562
f 1509/1806/1449 1495/1834/1477 1586/1921/1552 1613/1924/1555
f 1631/1932/1563 1588/1933/1564 1540/1934/1516 1568/1935/1515
f 1588/1933/1564 1615/1936/1565 1554/1937/1482 1540/1934/1516
f 1607/1938/1566 1594/1939/1567 1543/1940/1517 1550/1941/1505
f 1590/1888/1531 1612/1942/1568 1552/1943/1486 1541/1889/1524
f 1630/1892/1533 1631/1932/1563 1568/1935/1515 1567/1893/1522
f 1612/1942/1568 1621/1901/1540 1557/1904/1487 1552/1943/1486
f 1596/1902/1541 1606/1944/1569 1549/1945/1504 1544/1903/1514
f 1582/1946/1570 1598/1914/1547 1545/1917/1510 1537/1947/1512
f 1615/1936/1565 1619/1948/1571 1556/1949/1483 1554/1937/1482
f 1626/1906/1543 1627/1887/1530 1564/1890/1523 1563/1907/1520
f 1614/1950/1572 1585/1891/1532 1539/1894/1521 1553/1951/1493
f 1594/1939/1567 1623/1952/1573 1558/1953/1502 1543/1940/1517
f 1513/1800/1443 1500/1827/1470 1595/1926/1557 1622/1899/1538
f 1606/1944/1569 1601/1954/1574 1547/1955/1490 1549/1945/1504
f 1512/1796/1439 1493/1824/1467 1581/1925/1556 1620/1922/1553
f 1520/1836/1479 1497/1837/1480 1589/1930/1561 1628/1928/1559
f 1506/1818/1461 1499/1830/1473 1593/1919/1550 1608/1884/1527
f 1617/1956/1575 1614/1950/1572 1553/1951/1493 1555/1957/1496
f 1610/1958/1576 1591/1905/1542 1542/1908/1519 1551/1959/1499
f 1584/1910/1545 1617/1956/1575 1555/1957/1496 1538/1911/1497
f 1502/1804/1447 1494/1811/1454 1583/1896/1535 1599/1913/1546
f 1524/1828/1471 1496/1829/1472 1587/1931/1562 1632/1929/1560
f 1601/1954/1574 1600/1909/1544 1546/1912/1491 1547/1955/1490
f 1623/1952/1573 1610/1958/1576 1551/1959/1499 1558/1953/1502
f 1604/1915/1548 1607/1938/1566 1550/1941/1505 1548/1916/1508
f 1630/1892/1533 1585/1891/1532 1586/1921/1552 1629/1920/1551
f 1588/1933/1564 1631/1932/1563 1632/1929/1560 1587/1931/1562
f 1626/1906/1543 1591/1905/1542 1592/1898/1537 1625/1897/1536
f 1590/1888/1531 1627/1887/1530 1628/1928/1559 1589/1930/1561
f 1631/1932/1563 1630/1892/1533 1629/1920/1551 1632/1929/1560
f 1627/1887/1530 1626/1906/1543 1625/1897/1536 1628/1928/1559
f 1610/1958/1576 1623/1952/1573 1624/1918/1549 1609/1927/1558
f 1596/1902/1541 1621/1901/1540 1622/1899/1538 1595/1926/1557
f 1582/1946/1570 1619/1948/1571 1620/1922/1553 1581/1925/1556
f 1614/1950/1572 1617/1956/1575 1618/1895/1534 1613/1924/1555
f 1619/1948/1571 1615/1936/1565 1616/1923/1554 1620/1922/1553
f 1585/1891/1532 1614/1950/1572 1613/1924/1555 1586/1921/1552
f 1594/1939/1567 1607/1938/1566 1608/1884/1527 1593/1919/1550
f 1606/1944/1569 1596/1902/1541 1595/1926/1557 1605/1883/1526
f 1600/1909/1544 1601/1954/1574 1602/1882/1525 1599/1913/1546
f 1598/1914/1547 1582/1946/1570 1581/1925/1556 1597/1886/1529
f 1612/1942/1568 1590/1888/1531 1589/1930/1561 1611/1900/1539
f 1623/1952/1573 1594/1939/1567 1593/1919/1550 1624/1918/1549
f 1621/1901/1540 1612/1942/1568 1611/1900/1539 1622/1899/1538
f 1591/1905/1542 1610/1958/1576 1609/1927/1558 1592/1898/1537
f 1584/1910/1545 1600/1909/1544 1599/1913/1546 1583/1896/1535
f 1617/1956/1575 1584/1910/1545 1583/1896/1535 1618/1895/1534
f 1615/1936/1565 1588/1933/1564 1587/1931/1562 1616/1923/1554
f 1604/1915/1548 1598/1914/1547 1597/1886/1529 1603/1885/1528
f 1607/1938/1566 1604/1915/1548 1603/1885/1528 1608/1884/1527
f 1601/1954/1574 1606/1944/1569 1605/1883/1526 1602/1882/1525
f 1619/1948/1571 1582/1946/1570 1537/1947/1512 1556/1949/1483
o Char_Boot_R_Cube.011
v -0.025655 0.000009 0.000247
v -0.026913 0.000009 0.091529
v -0.014104 0.000009 0.000889
v -0.014380 0.000009 0.100089
v -0.010604 0.000009 0.103244
v -0.025654 0.000009 0.143065
v -0.023041 0.000009 0.146700
v -0.031733 0.000009 0.112560
v -0.063865 0.000009 0.154733
v -0.063865 0.000009 0.158380
v -0.063865 0.000009 0.129030
v -0.102076 0.000009 0.143065
v -0.095998 0.000009 0.112560
v -0.104690 0.000009 0.146700
v -0.113351 0.000009 0.100089
v -0.100817 0.000009 0.092722
v -0.117126 0.000009 0.103244
v -0.113627 0.000009 0.000889
v -0.102076 0.000009 0.000247
v -0.118594 0.000009 0.001165
v -0.098506 0.000009 -0.051132
v -0.091885 0.000009 -0.042246
v -0.101353 0.000009 -0.054953
v -0.063865 0.000009 -0.060991
v -0.063865 0.000009 -0.049473
v -0.063865 0.000009 -0.065943
v -0.029224 0.000009 -0.051132
v -0.035845 0.000009 -0.042246
v -0.026377 0.000009 -0.054953
v -0.023347 0.001899 -0.057045
v -0.009138 0.000009 0.001165
v -0.004610 0.001898 0.000663
v -0.004726 0.011342 0.001169
v -0.006144 0.001900 0.104260
v -0.006135 0.011345 0.105102
v -0.019732 0.001901 0.148411
v -0.019976 0.011347 0.147951
v -0.063865 0.001902 0.160893
v -0.063865 0.011349 0.161904
v -0.107998 0.001901 0.148411
v -0.107754 0.011347 0.147951
v -0.121586 0.001900 0.104260
v -0.121596 0.011345 0.105102
v -0.123121 0.001898 0.000663
v -0.123005 0.011342 0.001169
v -0.104383 0.001899 -0.057045
v -0.104140 0.011344 -0.057463
v -0.063865 0.001899 -0.068297
v -0.063865 0.011345 -0.068975
v -0.063865 0.012241 -0.068114
v -0.023591 0.011344 -0.057463
v -0.026793 0.012239 -0.056648
v -0.009336 0.012238 0.002091
v -0.030339 0.012910 -0.048260
v -0.030364 0.013408 -0.048256
v -0.014481 0.012900 0.005992
v -0.063865 0.012914 -0.058591
v -0.097391 0.012910 -0.048260
v -0.063865 0.013407 -0.058580
v -0.097366 0.013408 -0.048256
v -0.063865 0.014088 -0.068401
v -0.063865 0.018447 -0.068260
v -0.100971 0.014087 -0.056935
v -0.026759 0.014087 -0.056935
v -0.009287 0.014086 0.002091
v -0.026729 0.018446 -0.056795
v -0.026570 0.040005 -0.057948
v -0.009241 0.018443 0.002091
v -0.009006 0.040002 0.002091
v -0.010711 0.018428 0.105193
v -0.011016 0.039936 0.105745
v -0.010652 0.014083 0.105086
v -0.023714 0.018414 0.147589
v -0.023591 0.014080 0.147431
v -0.024353 0.039880 0.147472
v -0.063865 0.017992 0.161373
v -0.063865 0.013829 0.161496
v -0.063865 0.039702 0.159804
v -0.104016 0.018414 0.147589
v -0.103377 0.039880 0.147472
v -0.104140 0.014080 0.147431
v -0.117020 0.018428 0.105193
v -0.117079 0.014083 0.105086
v -0.116714 0.039936 0.105745
v -0.118490 0.018443 0.002091
v -0.118445 0.014086 0.002091
v -0.118725 0.040002 0.002091
v -0.101002 0.018446 -0.056795
v -0.101161 0.040005 -0.057948
v -0.063865 0.040005 -0.069413
v -0.097295 0.069797 -0.047184
v -0.063865 0.069797 -0.056900
v -0.111007 0.069797 0.002091
v -0.091412 0.089689 -0.034397
v -0.104708 0.089689 0.002508
v -0.090576 0.103283 -0.031528
v -0.063860 0.089689 -0.041746
v -0.063860 0.103283 -0.038878
v -0.035810 0.089689 -0.031498
v -0.036997 0.103283 -0.029690
v -0.022840 0.089689 0.002504
v -0.030436 0.069797 -0.046906
v -0.016725 0.069797 0.002091
v -0.020837 0.063326 0.109659
v -0.034657 0.089689 0.043948
v -0.035912 0.103283 0.044263
v -0.063860 0.089689 0.052480
v -0.063860 0.103283 0.052358
v -0.093005 0.089689 0.043817
v -0.091790 0.103283 0.044225
v -0.106893 0.063326 0.109659
v -0.096499 0.058334 0.135056
v -0.063865 0.069927 0.122528
v -0.063865 0.062633 0.146595
v -0.031232 0.058334 0.135056
v -0.105498 0.142013 0.059287
v -0.103582 0.103283 0.002527
v -0.120581 0.142040 0.001737
v -0.103869 0.142051 -0.045694
v -0.119288 0.154547 0.001859
v -0.114013 0.158424 0.002140
v -0.105411 0.154547 0.058394
v -0.103261 0.154547 -0.044680
v -0.099545 0.158424 -0.039423
v -0.063866 0.154547 -0.055685
v -0.063866 0.158424 -0.049363
v -0.028605 0.154547 -0.044090
v -0.063866 0.142091 -0.055810
v -0.027996 0.142081 -0.044238
v -0.011286 0.142058 0.001737
v -0.024089 0.103283 0.002525
v -0.026367 0.142020 0.054289
v -0.012580 0.154547 0.001859
v -0.017855 0.158424 0.002140
v -0.026455 0.154547 0.053401
v -0.031087 0.158424 0.046690
v -0.063866 0.154547 0.068362
v -0.063866 0.158424 0.060262
v -0.063866 0.141910 0.069635
v -0.100779 0.158424 0.051683
v -0.063866 0.158424 0.052497
v -0.038225 0.158424 0.040871
v -0.093641 0.158424 0.045863
v -0.063860 0.103283 0.036452
v -0.042885 0.103283 0.030735
v -0.084835 0.103283 0.030735
v -0.063865 0.071090 0.041932
v -0.063865 0.069108 0.040820
v -0.042781 0.071090 0.034113
v -0.084949 0.071090 0.034113
v -0.093815 0.071090 0.001938
v -0.090906 0.069108 0.033163
v -0.102276 0.069108 0.001963
v -0.089846 0.069108 -0.031849
v -0.084123 0.071090 -0.032679
v -0.063865 0.069108 -0.040720
v -0.063865 0.071090 -0.041738
v -0.037884 0.069108 -0.031849
v -0.025455 0.069108 0.001963
v -0.043608 0.071090 -0.032679
v -0.043707 0.103283 -0.023123
v -0.033917 0.071090 0.001938
v -0.034066 0.103283 0.002553
v -0.027993 0.158424 0.002140
v -0.039179 0.158424 -0.033637
v -0.063866 0.158424 -0.041323
v -0.032321 0.158424 -0.039423
v -0.063860 0.103283 -0.030032
v -0.092687 0.158424 -0.033637
v -0.103874 0.158424 0.002140
v -0.084013 0.103283 -0.023123
v -0.093655 0.103283 0.002553
v -0.036824 0.069108 0.033163
v -0.113227 0.013417 0.006020
v -0.113250 0.012900 0.005992
v -0.112099 0.013426 0.100858
v -0.112131 0.012894 0.100781
v -0.100389 0.013424 0.140821
v -0.100421 0.012899 0.140761
v -0.063865 0.013277 0.153686
v -0.063865 0.012825 0.153641
v -0.027341 0.013424 0.140821
v -0.027310 0.012899 0.140761
v -0.015631 0.013426 0.100858
v -0.015599 0.012894 0.100781
v -0.014505 0.013417 0.006020
v -0.010588 0.012241 0.104783
v -0.023458 0.012243 0.147262
v -0.063865 0.012245 0.161629
v -0.104273 0.012243 0.147262
v -0.117142 0.012241 0.104783
v -0.118396 0.012238 0.002091
v -0.100938 0.012239 -0.056648
v -0.063866 0.000009 -0.000111
v -0.063865 0.000009 0.093954
v -0.095917 0.123482 0.043094
v -0.107204 0.123391 0.002608
v -0.064015 0.123493 -0.035131
v -0.037012 0.123416 -0.026434
v -0.024548 0.123379 0.002608
v -0.064015 0.123477 0.050849
v -0.035842 0.123483 0.038914
v -0.094714 0.123458 -0.027707
v -0.026938 0.000009 0.086913
v -0.026715 0.000009 0.054821
v -0.063865 0.000009 0.054821
v -0.063865 0.000009 0.086913
v -0.015061 0.000009 0.086913
v -0.015480 0.000009 0.054821
v -0.010855 0.000009 0.086913
v -0.010650 0.000009 0.054822
v -0.112250 0.000009 0.054821
v -0.112670 0.000009 0.086913
v -0.100787 0.000009 0.086913
v -0.101016 0.000009 0.054821
v -0.117081 0.000009 0.054822
v -0.116875 0.000009 0.086913
v -0.006446 0.001899 0.087339
v -0.006245 0.001898 0.054818
v -0.006507 0.011344 0.087338
v -0.006354 0.011343 0.054819
v -0.121485 0.001898 0.054818
v -0.121284 0.001899 0.087339
v -0.121376 0.011343 0.054819
v -0.121223 0.011344 0.087338
v -0.010744 0.018442 0.054824
v -0.010972 0.018435 0.086906
v -0.010993 0.039966 0.086905
v -0.010514 0.039994 0.054824
v -0.010788 0.014086 0.054823
v -0.010967 0.014085 0.086907
v -0.116759 0.018435 0.086906
v -0.116987 0.018442 0.054824
v -0.117217 0.039994 0.054824
v -0.116738 0.039966 0.086905
v -0.116764 0.014085 0.086907
v -0.116942 0.014086 0.054823
v -0.021525 0.073108 0.055317
v -0.019413 0.066073 0.086835
v -0.063865 0.072423 0.086923
v -0.063861 0.080514 0.056386
v -0.108317 0.066073 0.086835
v -0.106206 0.073059 0.055311
v -0.111933 0.013423 0.054823
v -0.111824 0.013426 0.086908
v -0.111854 0.012894 0.086910
v -0.111959 0.012895 0.054823
v -0.015906 0.013426 0.086908
v -0.015797 0.013423 0.054823
v -0.015772 0.012895 0.054823
v -0.015876 0.012894 0.086910
v -0.010836 0.012239 0.054823
v -0.010959 0.012240 0.086910
v -0.116771 0.012240 0.086910
v -0.116895 0.012239 0.054823
v -0.063866 0.158424 0.054454
v -0.025438 0.158424 0.002140
v -0.037450 0.158424 -0.035095
v -0.063866 0.158424 -0.043349
v -0.094416 0.158424 -0.035095
v -0.106430 0.158424 0.002140
v -0.095441 0.158424 0.047330
v -0.036426 0.158424 0.042338
v -0.118165 0.155372 0.001919
v -0.102470 0.155372 -0.043561
v -0.063866 0.155372 -0.054339
v -0.013703 0.155372 0.001919
v -0.027441 0.155372 0.051972
v -0.063866 0.155372 0.066638
v -0.029396 0.155372 -0.043096
v -0.104425 0.155372 0.056965
v -0.104294 0.139577 0.056955
v -0.029136 0.139619 -0.041509
v -0.027570 0.139584 0.052028
v -0.102722 0.139603 -0.042956
v -0.118884 0.139580 0.001832
v -0.063866 0.139643 -0.052710
v -0.012981 0.139592 0.001832
v -0.063866 0.139493 0.066967
v -0.113342 0.136528 0.002142
v -0.063866 0.136629 -0.042591
v -0.018512 0.136520 0.002141
v -0.063866 0.136580 0.058258
v -0.100363 0.136604 0.049344
v -0.032855 0.136558 -0.032600
v -0.031497 0.136606 0.044648
v -0.098976 0.136590 -0.034017
v -0.005298 0.045415 0.054024
v -0.005823 0.045386 0.087700
v -0.005801 0.011029 0.087701
v -0.005550 0.011036 0.054024
v -0.121930 0.011029 0.087701
v -0.122180 0.011036 0.054024
v -0.122433 0.045415 0.054024
v -0.121907 0.045386 0.087700
v -0.017385 0.080177 0.054541
v -0.015067 0.072791 0.087627
v -0.063865 0.079457 0.087719
v -0.063861 0.087951 0.055663
v -0.112663 0.072791 0.087627
v -0.110346 0.080125 0.054535
v -0.122244 0.021036 0.054024
v -0.121924 0.021024 0.087701
v -0.005806 0.021024 0.087701
v -0.005487 0.021036 0.054024
v -0.005812 0.031018 0.087701
v -0.005424 0.031036 0.054024
v -0.121918 0.031018 0.087701
v -0.122307 0.031036 0.054024
v -0.121976 0.031021 0.082721
v -0.122249 0.031033 0.059004
v -0.005481 0.031033 0.059005
v -0.005755 0.031021 0.082719
v -0.122143 0.011035 0.058997
v -0.121967 0.011030 0.082728
v -0.005759 0.021025 0.082724
v -0.005534 0.021034 0.059001
v -0.005764 0.011030 0.082726
v -0.005587 0.011035 0.058999
v -0.122196 0.021034 0.058999
v -0.121971 0.021025 0.082726
v -0.122355 0.045411 0.059012
v -0.121985 0.045390 0.082712
v -0.005746 0.045390 0.082710
v -0.005376 0.045411 0.059014
v -0.063865 0.080608 0.083374
v -0.063861 0.086800 0.060008
v -0.017054 0.079122 0.059267
v -0.015398 0.073846 0.082901
v -0.112332 0.073838 0.082902
v -0.110677 0.079077 0.059261
v -0.013957 0.044118 0.053924
v -0.014481 0.044080 0.087604
v -0.014566 0.011029 0.087634
v -0.014315 0.011083 0.053956
v -0.113165 0.011029 0.087634
v -0.113415 0.011083 0.053956
v -0.113774 0.044116 0.053924
v -0.113249 0.044080 0.087605
v -0.022720 0.073648 0.053276
v -0.021126 0.066830 0.086553
v -0.063865 0.071302 0.085781
v -0.063856 0.079794 0.053734
v -0.106606 0.066828 0.086557
v -0.105006 0.073598 0.053276
v -0.113479 0.021083 0.053948
v -0.113159 0.021023 0.087625
v -0.014571 0.021023 0.087625
v -0.014252 0.021083 0.053948
v -0.014577 0.031017 0.087604
v -0.014189 0.031092 0.053928
v -0.113154 0.031017 0.087604
v -0.113542 0.031092 0.053927
v -0.113211 0.031034 0.082624
v -0.113484 0.031075 0.058907
v -0.014246 0.031075 0.058909
v -0.014519 0.031034 0.082623
v -0.113378 0.011070 0.058930
v -0.113202 0.011041 0.082660
v -0.014524 0.021036 0.082648
v -0.014299 0.021069 0.058925
v -0.014529 0.011041 0.082658
v -0.014352 0.011070 0.058931
v -0.113431 0.021069 0.058923
v -0.113206 0.021036 0.082650
v -0.113697 0.044104 0.058914
v -0.113327 0.044083 0.082616
v -0.014403 0.044084 0.082612
v -0.014033 0.044105 0.058915
v -0.063863 0.072454 0.081434
v -0.063858 0.078644 0.058073
v -0.022764 0.072871 0.058095
v -0.021069 0.067564 0.081720
v -0.106661 0.067556 0.081725
v -0.104966 0.072827 0.058094
v -0.007506 0.045085 0.053998
v -0.011749 0.044449 0.053949
v -0.007985 0.045060 0.087676
v -0.012319 0.044406 0.087628
v -0.012332 0.011029 0.087651
v -0.008035 0.011029 0.087684
v -0.007797 0.011048 0.054006
v -0.012068 0.011071 0.053973
v -0.119696 0.011029 0.087684
v -0.115399 0.011029 0.087651
v -0.115662 0.011071 0.053973
v -0.119934 0.011048 0.054006
v -0.120225 0.045084 0.053998
v -0.115981 0.044448 0.053950
v -0.119745 0.045060 0.087676
v -0.115412 0.044406 0.087629
v -0.018494 0.078820 0.054278
v -0.021612 0.075004 0.053539
v -0.016380 0.071500 0.087394
v -0.019814 0.068122 0.086785
v -0.063865 0.073507 0.086305
v -0.063865 0.077252 0.087195
v -0.063860 0.086001 0.055202
v -0.063858 0.081744 0.054195
v -0.111350 0.071499 0.087395
v -0.107918 0.068120 0.086789
v -0.106116 0.074955 0.053538
v -0.109235 0.078768 0.054273
v -0.119992 0.021048 0.054004
v -0.115730 0.021071 0.053967
v -0.119695 0.021024 0.087682
v -0.115389 0.021023 0.087644
v -0.008036 0.021024 0.087682
v -0.012342 0.021023 0.087644
v -0.012000 0.021071 0.053967
v -0.007739 0.021048 0.054004
v -0.012353 0.031017 0.087629
v -0.008035 0.031018 0.087676
v -0.011931 0.031077 0.053952
v -0.007682 0.031050 0.053999
v -0.115377 0.031017 0.087629
v -0.119695 0.031018 0.087676
v -0.115799 0.031077 0.053952
v -0.120049 0.031050 0.053999
v -0.119901 0.011044 0.058980
v -0.115621 0.011061 0.058947
v -0.115440 0.011039 0.082677
v -0.119728 0.011033 0.082710
v -0.008002 0.011033 0.082709
v -0.012290 0.011039 0.082675
v -0.012109 0.011061 0.058949
v -0.007830 0.011044 0.058982
v -0.068045 0.069331 0.088384
v -0.071210 0.085006 0.090408
v -0.104339 0.061941 0.088870
v -0.107504 0.077616 0.090894
v -0.105865 0.066377 0.052126
v -0.109029 0.082053 0.054151
v -0.069571 0.073767 0.051641
v -0.072736 0.089443 0.053665
v -0.064089 0.074469 0.093711
v -0.065334 0.080636 0.094508
v -0.111063 0.071324 0.095120
v -0.109818 0.065158 0.094323
v -0.112986 0.076914 0.048823
v -0.111741 0.070748 0.048027
v -0.067256 0.086226 0.048211
v -0.066011 0.080060 0.047415
v -0.072279 0.072914 0.085571
v -0.073888 0.080883 0.086600
v -0.103554 0.074842 0.086997
v -0.101945 0.066873 0.085968
v -0.104801 0.078469 0.056964
v -0.103192 0.070500 0.055935
v -0.075135 0.084509 0.056567
v -0.073527 0.076540 0.055538
v -0.087718 0.070072 0.051884
v -0.090882 0.085748 0.053908
v -0.090121 0.081570 0.048517
v -0.088876 0.075404 0.047721
v -0.089968 0.081489 0.056765
v -0.088359 0.073520 0.055736
v -0.086331 0.065607 0.088629
v -0.089496 0.081283 0.090653
v -0.088374 0.075944 0.094816
v -0.087129 0.069778 0.094020
v -0.088835 0.077839 0.086800
v -0.087226 0.069870 0.085771
v -0.108266 0.079835 0.072522
v -0.105102 0.064159 0.070498
v -0.112024 0.074119 0.071972
v -0.110780 0.067953 0.071175
v -0.104178 0.076656 0.071981
v -0.102569 0.068686 0.070951
v -0.071973 0.087225 0.072037
v -0.068808 0.071549 0.070012
v -0.065050 0.077264 0.070563
v -0.066295 0.083431 0.071359
v -0.074512 0.082696 0.071583
v -0.072903 0.074727 0.070554
v -0.065633 0.194987 -0.042294
v -0.029687 0.194869 -0.021070
v -0.025654 0.194752 0.006500
v -0.065633 0.194995 0.053814
v -0.098238 0.194989 0.039899
v -0.112493 0.194987 0.006640
v -0.099287 0.196248 0.041199
v -0.065455 0.196250 0.055588
v -0.114498 0.196246 0.006872
v -0.101260 0.197254 0.043721
v -0.118244 0.196376 0.007233
v -0.065098 0.197266 0.059108
v -0.102994 0.199928 0.045780
v -0.064759 0.199941 0.062001
v -0.120614 0.199328 0.007341
v -0.103658 0.203797 0.047224
v -0.103976 0.213151 0.047816
v -0.063980 0.203815 0.064028
v -0.120592 0.203476 0.007410
v -0.103654 0.203778 -0.034512
v -0.120446 0.213148 0.007559
v -0.103975 0.213160 -0.034942
v -0.120273 0.219537 0.007650
v -0.103361 0.219548 -0.033336
v -0.103361 0.219544 0.046346
v -0.115723 0.221386 0.007597
v -0.112157 0.222235 0.007609
v -0.100666 0.221390 0.043195
v -0.100675 0.221390 -0.030163
v -0.065242 0.221381 -0.045811
v -0.097994 0.222244 -0.026972
v -0.065750 0.222240 -0.041248
v -0.097000 0.220535 -0.025790
v -0.097000 0.218258 -0.025790
v -0.065938 0.220531 -0.039568
v -0.110179 0.220530 0.007614
v -0.110179 0.218253 0.007614
v -0.097000 0.220533 0.038970
v -0.097000 0.218256 0.038970
v -0.065938 0.220539 0.052281
v -0.098002 0.222239 0.040125
v -0.065750 0.222249 0.053904
v -0.065242 0.221398 0.058282
v -0.029931 0.222108 0.032975
v -0.026802 0.221162 0.035399
v -0.026058 0.221962 0.007472
v -0.031059 0.220423 0.032102
v -0.031059 0.218145 0.032102
v -0.027326 0.220308 0.007481
v -0.027326 0.218031 0.007481
v -0.031087 0.220419 -0.019472
v -0.031087 0.218142 -0.019472
v -0.029964 0.222105 -0.020408
v -0.026831 0.221155 -0.023019
v -0.022558 0.220935 0.007446
v -0.023729 0.219274 -0.025559
v -0.019079 0.219010 0.007487
v -0.064720 0.219538 -0.050335
v -0.021523 0.212862 -0.026863
v -0.022157 0.203533 -0.026531
v -0.016677 0.212580 0.007388
v -0.063774 0.213138 -0.052627
v -0.063983 0.203782 -0.052010
v -0.064759 0.199922 -0.050031
v -0.065098 0.197249 -0.047153
v -0.024116 0.199660 -0.025410
v -0.102994 0.199932 -0.033132
v -0.101260 0.197258 -0.031117
v -0.099304 0.196259 -0.028841
v -0.065453 0.196245 -0.043875
v -0.098238 0.194991 -0.027720
v -0.028502 0.196092 -0.021947
v -0.024380 0.195928 0.006724
v -0.026138 0.197000 -0.023790
v -0.021729 0.196751 0.007024
v -0.026104 0.197007 0.035648
v -0.019474 0.199398 0.007115
v -0.024080 0.199668 0.037279
v -0.017355 0.203263 0.007207
v -0.022118 0.203546 0.038438
v -0.021485 0.212868 0.038955
v -0.063774 0.213155 0.064825
v -0.023694 0.219282 0.037841
v -0.064720 0.219557 0.062719
v -0.028479 0.196092 0.033580
v -0.029656 0.194873 0.032503
v -0.031087 0.212063 -0.019472
v -0.065938 0.218254 -0.039568
v -0.065938 0.212174 -0.039568
v -0.097000 0.212178 -0.025790
v -0.065938 0.210677 -0.039568
v -0.031087 0.210566 -0.019472
v -0.097000 0.210681 -0.025790
v -0.110179 0.210677 0.007614
v -0.110179 0.212174 0.007614
v -0.097000 0.210679 0.038970
v -0.097000 0.212176 0.038970
v -0.065938 0.210685 0.052281
v -0.065938 0.212182 0.052281
v -0.031059 0.210569 0.032102
v -0.031059 0.212066 0.032102
v -0.027326 0.210454 0.007481
v -0.027326 0.211951 0.007481
v -0.065938 0.218262 0.052281
v -0.064024 0.102238 -0.031449
v -0.036241 0.102149 -0.015376
v -0.033159 0.102060 0.005093
v -0.064024 0.102244 0.040925
v -0.087799 0.102240 0.030450
v -0.087799 0.102241 -0.020405
v -0.036217 0.102151 0.024786
v -0.098475 0.102237 0.005200
v -0.092320 0.142406 0.034542
v -0.092320 0.142407 -0.023573
v -0.064721 0.142404 -0.036146
v -0.033402 0.142302 -0.017842
v -0.029909 0.142201 0.005703
v -0.064721 0.142411 0.046507
v -0.033376 0.142305 0.028128
v -0.104546 0.142403 0.005824
v -0.064110 0.107172 -0.032026
v -0.035892 0.107081 -0.015679
v -0.032760 0.106990 0.005168
v -0.064110 0.107178 0.041611
v -0.035868 0.107084 0.025196
v -0.099220 0.107171 0.005276
v -0.088355 0.107173 0.030953
v -0.088355 0.107175 -0.020794
vt 0.288708 0.861422
vt 0.289075 0.835781
vt 0.306383 0.836030
vt 0.306511 0.861511
vt 0.272087 0.820553
vt 0.272106 0.818398
vt 0.289337 0.817514
vt 0.289290 0.820801
vt 0.266554 0.820473
vt 0.266325 0.814319
vt 0.271768 0.835531
vt 0.270909 0.860998
vt 0.265532 0.860621
vt 0.266534 0.835456
vt 0.052358 0.941264
vt 0.038743 0.920792
vt 0.040586 0.919622
vt 0.054149 0.940006
vt 0.264594 0.820445
vt 0.264587 0.812821
vt 0.270672 0.792620
vt 0.271865 0.794334
vt 0.274492 0.808614
vt 0.289744 0.789144
vt 0.289769 0.787442
vt 0.289572 0.801141
vt 0.307467 0.794847
vt 0.308709 0.793167
vt 0.304431 0.809045
vt 0.306544 0.818337
vt 0.312432 0.814983
vt 0.314212 0.813535
vt 0.311616 0.836105
vt 0.311897 0.861288
vt 0.313867 0.836137
vt 0.314212 0.861193
vt 0.167512 0.987902
vt 0.142591 0.988389
vt 0.142603 0.986171
vt 0.167420 0.985684
vt 0.306491 0.821048
vt 0.312027 0.821128
vt 0.301479 0.881277
vt 0.304504 0.885470
vt 0.305805 0.887272
vt 0.288377 0.884463
vt 0.288300 0.889839
vt 0.288267 0.892150
vt 0.275372 0.880901
vt 0.272228 0.885005
vt 0.270876 0.886769
vt 0.263220 0.860459
vt 0.024174 0.898800
vt 0.025830 0.898139
vt 0.013574 0.883198
vt 0.014569 0.882132
vt 0.062418 0.952166
vt 0.066812 0.957563
vt 0.065290 0.958680
vt 0.060627 0.953297
vt 0.065773 0.949669
vt 0.069955 0.955443
vt 0.028938 0.895598
vt 0.044454 0.917260
vt 0.313986 0.821157
vt 0.057833 0.937519
vt 0.046457 0.916061
vt 0.059589 0.936407
vt 0.079614 0.966699
vt 0.077422 0.968926
vt 0.076915 0.970260
vt 0.090123 0.978574
vt 0.091913 0.975143
vt 0.089608 0.979561
vt 0.105308 0.983517
vt 0.105884 0.980434
vt 0.104501 0.984697
vt 0.120711 0.987666
vt 0.120761 0.985766
vt 0.120706 0.981947
vt 0.142539 0.981668
vt 0.167147 0.981082
vt 0.127842 0.988445
vt 0.127750 0.986307
vt 0.142445 0.979565
vt 0.166984 0.978714
vt 0.194337 0.987340
vt 0.193930 0.985569
vt 0.194252 0.981490
vt 0.213541 0.987186
vt 0.213856 0.985733
vt 0.213639 0.980205
vt 0.019149 0.879221
vt 0.019693 0.879023
vt 0.029294 0.894199
vt 0.195215 0.980380
vt 0.213490 0.979634
vt 0.033415 0.893914
vt 0.023943 0.878168
vt 0.049283 0.915991
vt 0.024175 0.878029
vt 0.033714 0.893699
vt 0.049628 0.915785
vt 0.193062 0.976761
vt 0.193068 0.976386
vt 0.211725 0.975300
vt 0.211743 0.975574
vt 0.212772 0.970400
vt 0.195329 0.972505
vt 0.035574 0.889706
vt 0.027546 0.874452
vt 0.037347 0.888743
vt 0.029546 0.873421
vt 0.212477 0.968123
vt 0.195104 0.970457
vt 0.052549 0.912256
vt 0.050862 0.913328
vt 0.061212 0.906733
vt 0.045289 0.883630
vt 0.037946 0.868831
vt 0.090801 0.937173
vt 0.091567 0.945863
vt 0.082933 0.947309
vt 0.080073 0.940877
vt 0.070905 0.946040
vt 0.072467 0.945065
vt 0.076273 0.951078
vt 0.074872 0.952030
vt 0.065315 0.932827
vt 0.063585 0.933876
vt 0.089659 0.958202
vt 0.085244 0.962311
vt 0.084250 0.963309
vt 0.095133 0.968964
vt 0.094586 0.970014
vt 0.097660 0.964108
vt 0.106261 0.973277
vt 0.106012 0.974669
vt 0.107093 0.967283
vt 0.119927 0.966541
vt 0.120667 0.974213
vt 0.120690 0.975919
vt 0.126880 0.965175
vt 0.116118 0.958594
vt 0.123697 0.954178
vt 0.166614 0.971417
vt 0.166702 0.973449
vt 0.142232 0.974777
vt 0.142099 0.972731
vt 0.127827 0.973886
vt 0.127924 0.975743
vt 0.166161 0.960970
vt 0.140920 0.962451
vt 0.194764 0.960793
vt 0.211498 0.958421
vt 0.166496 0.944554
vt 0.191907 0.946979
vt 0.207655 0.944269
vt 0.203896 0.933344
vt 0.189643 0.935133
vt 0.167366 0.933219
vt 0.168406 0.925390
vt 0.189191 0.927571
vt 0.203091 0.927234
vt 0.062388 0.861341
vt 0.067724 0.858457
vt 0.075766 0.870004
vt 0.069771 0.874271
vt 0.057967 0.878325
vt 0.051502 0.864177
vt 0.088657 0.884654
vt 0.082848 0.889985
vt 0.074235 0.897134
vt 0.119913 0.920731
vt 0.117250 0.926042
vt 0.091594 0.920948
vt 0.101846 0.910221
vt 0.061700 0.935077
vt 0.109917 0.940411
vt 0.103632 0.952593
vt 0.139443 0.929076
vt 0.136609 0.944037
vt 0.074289 0.927955
vt 0.107728 0.903392
vt 0.123905 0.912694
vt 0.141632 0.920120
vt 0.142342 0.977327
vt 0.142327 0.977040
vt 0.165373 0.975906
vt 0.165401 0.976314
vt 0.108530 0.961632
vt 0.100548 0.958544
vt 0.093445 0.953792
vt 0.134894 0.891567
vt 0.135653 0.890272
vt 0.149270 0.896412
vt 0.149126 0.897706
vt 0.171904 0.903304
vt 0.171672 0.904537
vt 0.191308 0.904499
vt 0.190827 0.905811
vt 0.191363 0.900443
vt 0.173015 0.897356
vt 0.151224 0.892560
vt 0.191296 0.899864
vt 0.173113 0.896837
vt 0.151588 0.891982
vt 0.206858 0.897857
vt 0.207080 0.898454
vt 0.207404 0.905177
vt 0.096284 0.850254
vt 0.095782 0.850551
vt 0.088613 0.837218
vt 0.089265 0.837069
vt 0.092545 0.853362
vt 0.082764 0.841104
vt 0.206908 0.907022
vt 0.081599 0.842720
vt 0.091730 0.854603
vt 0.104808 0.868690
vt 0.103913 0.869623
vt 0.108980 0.864329
vt 0.122824 0.882679
vt 0.121752 0.883585
vt 0.125180 0.878417
vt 0.125424 0.877750
vt 0.109362 0.863938
vt 0.138382 0.884766
vt 0.138084 0.885426
vt 0.140489 0.879949
vt 0.139565 0.882222
vt 0.126312 0.875213
vt 0.128098 0.872854
vt 0.153496 0.887289
vt 0.152958 0.889906
vt 0.128729 0.872024
vt 0.145586 0.845129
vt 0.156092 0.851264
vt 0.140788 0.879213
vt 0.167337 0.856315
vt 0.153672 0.886347
vt 0.154731 0.828789
vt 0.163373 0.836995
vt 0.175224 0.839102
vt 0.163847 0.836053
vt 0.178476 0.838389
vt 0.153387 0.825786
vt 0.191198 0.843769
vt 0.189558 0.847368
vt 0.182769 0.862684
vt 0.205023 0.850641
vt 0.205968 0.853394
vt 0.213856 0.860389
vt 0.213296 0.861154
vt 0.115683 0.811974
vt 0.115936 0.811115
vt 0.128338 0.812187
vt 0.125701 0.813054
vt 0.141696 0.818883
vt 0.139843 0.822261
vt 0.113513 0.823691
vt 0.120611 0.828454
vt 0.131685 0.836290
vt 0.113682 0.859120
vt 0.100774 0.846738
vt 0.113001 0.859916
vt 0.110864 0.862398
vt 0.098096 0.849211
vt 0.100073 0.847393
vt 0.095501 0.835967
vt 0.091930 0.836494
vt 0.094685 0.836088
vt 0.191618 0.894352
vt 0.195871 0.867265
vt 0.204803 0.870543
vt 0.204487 0.892318
vt 0.204810 0.893029
vt 0.205914 0.895435
vt 0.191026 0.897778
vt 0.191452 0.895249
vt 0.174563 0.890711
vt 0.173503 0.894783
vt 0.174308 0.891691
vt 0.128011 0.977817
vt 0.121997 0.977928
vt 0.122029 0.978161
vt 0.128019 0.978050
vt 0.106516 0.977316
vt 0.106531 0.977072
vt 0.093223 0.972632
vt 0.093322 0.972441
vt 0.081802 0.964406
vt 0.081993 0.964255
vt 0.072287 0.952214
vt 0.072495 0.952107
vt 0.061458 0.935228
vt 0.067256 0.948424
vt 0.068978 0.947272
vt 0.071439 0.954430
vt 0.069172 0.947146
vt 0.127884 0.982088
vt 0.080762 0.966589
vt 0.092056 0.974869
vt 0.105317 0.979425
vt 0.120689 0.980138
vt 0.128060 0.980141
vt 0.264284 0.835423
vt 0.113681 0.891721
vt 0.129260 0.901823
vt 0.097044 0.876615
vt 0.084797 0.863566
vt 0.075047 0.853104
vt 0.187578 0.916362
vt 0.203079 0.918214
vt 0.170047 0.913808
vt 0.147286 0.908702
vt 0.118612 0.885420
vt 0.132723 0.895083
vt 0.102112 0.871498
vt 0.090121 0.858292
vt 0.079022 0.847404
vt 0.188944 0.909109
vt 0.205068 0.911780
vt 0.171222 0.907000
vt 0.149319 0.901066
vt 0.333083 0.639229
vt 0.336377 0.638439
vt 0.337773 0.645286
vt 0.334282 0.645711
vt 0.317297 0.767755
vt 0.314022 0.767869
vt 0.313830 0.760917
vt 0.317418 0.761164
vt 0.318461 0.704223
vt 0.315503 0.704223
vt 0.319460 0.673770
vt 0.322228 0.674118
vt 0.314020 0.640571
vt 0.317297 0.640685
vt 0.317419 0.647277
vt 0.313830 0.647524
vt 0.315345 0.657207
vt 0.318770 0.656647
vt 0.336378 0.769998
vt 0.333085 0.769209
vt 0.334283 0.762727
vt 0.337773 0.763151
vt 0.322226 0.734328
vt 0.319458 0.734674
vt 0.335667 0.731655
vt 0.332940 0.732090
vt 0.335432 0.704218
vt 0.338774 0.704217
vt 0.332934 0.676366
vt 0.335660 0.676804
vt 0.334706 0.654978
vt 0.337913 0.654989
vt 0.318768 0.751794
vt 0.315345 0.751234
vt 0.332170 0.633546
vt 0.334371 0.633859
vt 0.337910 0.753448
vt 0.334704 0.753459
vt 0.334373 0.774579
vt 0.332172 0.774892
vt 0.315252 0.635466
vt 0.317561 0.634628
vt 0.317562 0.773812
vt 0.315254 0.772973
vt 0.235576 0.636052
vt 0.234475 0.642333
vt 0.231351 0.641800
vt 0.232455 0.635517
vt 0.250452 0.752986
vt 0.249351 0.746710
vt 0.252475 0.746179
vt 0.253572 0.752453
vt 0.243780 0.695803
vt 0.244767 0.668345
vt 0.247878 0.668422
vt 0.246641 0.695803
vt 0.253569 0.639155
vt 0.252468 0.645429
vt 0.249343 0.644896
vt 0.250448 0.638620
vt 0.247915 0.653091
vt 0.251045 0.653632
vt 0.232456 0.756079
vt 0.231356 0.749796
vt 0.234479 0.749264
vt 0.235576 0.755546
vt 0.244790 0.723262
vt 0.247900 0.723184
vt 0.226256 0.722344
vt 0.225542 0.695805
vt 0.228401 0.695805
vt 0.229362 0.722282
vt 0.226230 0.669277
vt 0.229337 0.669339
vt 0.229926 0.649979
vt 0.233056 0.650517
vt 0.247928 0.738514
vt 0.251057 0.737974
vt 0.236669 0.629773
vt 0.233550 0.629239
vt 0.229937 0.741616
vt 0.233065 0.741080
vt 0.233547 0.762358
vt 0.236666 0.761825
vt 0.254662 0.632880
vt 0.251543 0.632345
vt 0.251543 0.759262
vt 0.254662 0.758729
vt 0.318458 0.734472
vt 0.314046 0.704223
vt 0.339976 0.704217
vt 0.336633 0.731682
vt 0.336625 0.676776
vt 0.315756 0.778205
vt 0.314994 0.780039
vt 0.310726 0.777327
vt 0.312215 0.775987
vt 0.312212 0.632453
vt 0.310723 0.631113
vt 0.314993 0.628399
vt 0.315754 0.630234
vt 0.313958 0.657486
vt 0.312237 0.647621
vt 0.335043 0.775441
vt 0.332358 0.776347
vt 0.312547 0.768085
vt 0.312238 0.760820
vt 0.308920 0.760603
vt 0.307094 0.760465
vt 0.309379 0.749921
vt 0.310959 0.750305
vt 0.336564 0.777638
vt 0.337684 0.779129
vt 0.333580 0.781047
vt 0.333148 0.779293
vt 0.315796 0.674556
vt 0.314701 0.674816
vt 0.309379 0.658521
vt 0.310959 0.658137
vt 0.318460 0.673972
vt 0.339338 0.676694
vt 0.340375 0.676667
vt 0.344063 0.704216
vt 0.342752 0.704217
vt 0.339349 0.753388
vt 0.339397 0.763332
vt 0.314356 0.634611
vt 0.317123 0.633233
vt 0.337913 0.637913
vt 0.339398 0.645104
vt 0.312546 0.640355
vt 0.339352 0.655048
vt 0.313957 0.750955
vt 0.337914 0.770524
vt 0.317124 0.775206
vt 0.332355 0.632091
vt 0.314358 0.773829
vt 0.335042 0.632996
vt 0.333146 0.629145
vt 0.333577 0.627391
vt 0.337683 0.629308
vt 0.336563 0.630799
vt 0.342539 0.636019
vt 0.340836 0.636780
vt 0.339348 0.731763
vt 0.340386 0.731789
vt 0.343956 0.753112
vt 0.342325 0.753239
vt 0.307442 0.769137
vt 0.309303 0.768740
vt 0.314699 0.733630
vt 0.315794 0.733890
vt 0.342326 0.655197
vt 0.343958 0.655325
vt 0.344570 0.644531
vt 0.342695 0.644731
vt 0.309301 0.639701
vt 0.307439 0.639304
vt 0.344570 0.763905
vt 0.342695 0.763705
vt 0.309920 0.704223
vt 0.311472 0.704223
vt 0.308919 0.647838
vt 0.307093 0.647976
vt 0.340837 0.771657
vt 0.342540 0.772418
vt 0.293853 0.912711
vt 0.296021 0.913142
vt 0.297787 0.903910
vt 0.295255 0.905384
vt 0.296339 0.906722
vt 0.296539 0.905060
vt 0.289093 0.904836
vt 0.290252 0.906539
vt 0.296511 0.919794
vt 0.296263 0.922102
vt 0.305645 0.922384
vt 0.303957 0.920018
vt 0.333847 0.911955
vt 0.336173 0.911930
vt 0.336046 0.921394
vt 0.333746 0.919466
vt 0.340249 0.912094
vt 0.338405 0.912107
vt 0.338323 0.918246
vt 0.340148 0.919605
vt 0.296238 0.912935
vt 0.298403 0.913380
vt 0.296990 0.920764
vt 0.294458 0.922238
vt 0.289079 0.912203
vt 0.286899 0.912537
vt 0.286881 0.921819
vt 0.289065 0.919570
vt 0.288274 0.913497
vt 0.289832 0.913218
vt 0.289820 0.919240
vt 0.288260 0.920864
vt 0.332734 0.912458
vt 0.330891 0.912471
vt 0.330991 0.904960
vt 0.332817 0.906318
vt 0.305346 0.913540
vt 0.303166 0.913889
vt 0.303180 0.906578
vt 0.305364 0.904329
vt 0.300218 0.913922
vt 0.298487 0.913579
vt 0.299633 0.907591
vt 0.301620 0.906596
vt 0.295982 0.904046
vt 0.295734 0.906354
vt 0.288288 0.906130
vt 0.286600 0.903764
vt 0.302414 0.912881
vt 0.303971 0.912595
vt 0.303985 0.905284
vt 0.302425 0.906905
vt 0.293767 0.912520
vt 0.292038 0.912169
vt 0.290625 0.919552
vt 0.292613 0.918555
vt 0.295706 0.921088
vt 0.295906 0.919423
vt 0.301993 0.919607
vt 0.303152 0.921312
vt 0.298525 0.913618
vt 0.300291 0.904387
vt 0.338691 0.911985
vt 0.338565 0.921449
vt 0.293734 0.912458
vt 0.291954 0.921761
vt 0.334967 0.912635
vt 0.332448 0.912580
vt 0.332322 0.922044
vt 0.334840 0.922099
vt 0.335989 0.912528
vt 0.335907 0.918668
vt 0.332652 0.918597
vt 0.297003 0.913136
vt 0.298158 0.907101
vt 0.294922 0.906485
vt 0.335151 0.912036
vt 0.338487 0.905968
vt 0.335233 0.905897
vt 0.295251 0.912963
vt 0.297324 0.919660
vt 0.294088 0.919044
vt 0.337293 0.912610
vt 0.337393 0.905099
vt 0.335093 0.903171
vt 0.295849 0.919171
vt 0.295513 0.903156
vt 0.298017 0.903633
vt 0.293450 0.904786
vt 0.289843 0.907197
vt 0.286916 0.903255
vt 0.299815 0.905997
vt 0.296397 0.906975
vt 0.294228 0.922515
vt 0.296731 0.922992
vt 0.302402 0.918949
vt 0.298795 0.921362
vt 0.305328 0.922893
vt 0.292430 0.920151
vt 0.335069 0.918176
vt 0.336299 0.902466
vt 0.338818 0.902521
vt 0.340349 0.904583
vt 0.333947 0.904444
vt 0.337192 0.920121
vt 0.336071 0.906389
vt 0.332575 0.903116
vt 0.330790 0.919982
vt 0.818925 0.898075
vt 0.817903 0.921648
vt 0.816521 0.921726
vt 0.817714 0.898149
vt 0.819223 0.875055
vt 0.817964 0.875118
vt 0.821295 0.874926
vt 0.820883 0.897884
vt 0.820013 0.921533
vt 0.823140 0.897810
vt 0.822161 0.921605
vt 0.823461 0.874803
vt 0.825801 0.874435
vt 0.825504 0.897555
vt 0.824585 0.921705
vt 0.830896 0.897495
vt 0.830156 0.921933
vt 0.830716 0.874277
vt 0.823070 0.947974
vt 0.828484 0.948489
vt 0.820663 0.947430
vt 0.834077 0.922055
vt 0.832382 0.948277
vt 0.834773 0.897878
vt 0.836806 0.922173
vt 0.835231 0.948125
vt 0.837485 0.898098
vt 0.838916 0.922215
vt 0.837895 0.947898
vt 0.839956 0.898302
vt 0.835254 0.974392
vt 0.831894 0.976140
vt 0.838181 0.972676
vt 0.839391 0.947801
vt 0.839715 0.972062
vt 0.840602 0.922261
vt 0.842205 0.922323
vt 0.840953 0.947830
vt 0.841329 0.972037
vt 0.841338 0.898398
vt 0.842865 0.898409
vt 0.841265 0.874888
vt 0.842712 0.874847
vt 0.839794 0.874861
vt 0.837163 0.874726
vt 0.835818 0.847860
vt 0.838176 0.847571
vt 0.839557 0.847442
vt 0.835396 0.829893
vt 0.837712 0.829759
vt 0.839046 0.829674
vt 0.841133 0.847363
vt 0.840659 0.829559
vt 0.836732 0.809985
vt 0.838376 0.809887
vt 0.835193 0.809968
vt 0.836577 0.780930
vt 0.838074 0.780921
vt 0.834995 0.780470
vt 0.832569 0.809833
vt 0.831855 0.779161
vt 0.829958 0.809794
vt 0.828284 0.777868
vt 0.832852 0.830099
vt 0.828254 0.830384
vt 0.826014 0.810264
vt 0.822793 0.777961
vt 0.820948 0.810811
vt 0.815303 0.779271
vt 0.822073 0.830884
vt 0.819336 0.976312
vt 0.826764 0.977269
vt 0.818322 0.811058
vt 0.812201 0.780153
vt 0.816466 0.974779
vt 0.816150 0.811495
vt 0.809710 0.781553
vt 0.813983 0.973281
vt 0.818334 0.947045
vt 0.812028 0.971727
vt 0.816489 0.946647
vt 0.810871 0.970958
vt 0.815270 0.946460
vt 0.813080 0.812140
vt 0.806503 0.783751
vt 0.807676 0.783025
vt 0.814297 0.811912
vt 0.815312 0.831313
vt 0.814249 0.831285
vt 0.817061 0.831316
vt 0.819313 0.831123
vt 0.818096 0.848725
vt 0.819933 0.848826
vt 0.822020 0.848773
vt 0.824507 0.848502
vt 0.829518 0.848271
vt 0.833383 0.848165
vt 0.834400 0.874626
vt 0.816938 0.848675
vt 0.842827 0.809628
vt 0.844931 0.829271
vt 0.842397 0.780871
vt 0.845291 0.947902
vt 0.845613 0.971978
vt 0.846351 0.947919
vt 0.846672 0.971964
vt 0.843465 0.780858
vt 0.843904 0.809565
vt 0.846481 0.922480
vt 0.847538 0.922518
vt 0.847128 0.898449
vt 0.848182 0.898459
vt 0.846908 0.874738
vt 0.847946 0.874705
vt 0.845424 0.847139
vt 0.846473 0.847092
vt 0.846006 0.829199
vt 0.752960 0.935880
vt 0.748315 0.954650
vt 0.744856 0.953668
vt 0.749424 0.935236
vt 0.756109 0.915810
vt 0.752539 0.915453
vt 0.757509 0.895868
vt 0.753928 0.895708
vt 0.757635 0.876934
vt 0.754071 0.876983
vt 0.755742 0.853678
vt 0.752209 0.853983
vt 0.753560 0.839381
vt 0.750065 0.839870
vt 0.751219 0.824538
vt 0.747770 0.825263
vt 0.745930 0.801978
vt 0.742565 0.803042
vt 0.775729 0.819295
vt 0.770056 0.794513
vt 0.778249 0.835903
vt 0.780541 0.851613
vt 0.782432 0.876481
vt 0.782353 0.896905
vt 0.781051 0.918263
vt 0.778013 0.940280
vt 0.773128 0.961622
vn 0.0000 -1.0000 0.0000
vn 0.1987 -0.9800 0.0035
vn 0.2246 -0.9738 -0.0336
vn 0.8490 -0.5134 -0.1245
vn 0.8356 -0.5491 0.0149
vn 0.1995 -0.9799 -0.0009
vn 0.2210 -0.9748 0.0296
vn 0.1845 -0.9470 0.2629
vn 0.0000 -0.9334 0.3587
vn -0.1845 -0.9470 0.2629
vn -0.2210 -0.9748 0.0296
vn -0.1987 -0.9800 0.0035
vn -0.2246 -0.9738 -0.0336
vn -0.8356 -0.5491 0.0149
vn -0.8490 -0.5134 -0.1245
vn -0.1885 -0.9492 -0.2520
vn 0.0000 -0.9360 -0.3520
vn 0.1885 -0.9492 -0.2520
vn 0.6191 -0.4697 -0.6293
vn 0.0000 -0.4544 -0.8908
vn 0.8351 -0.5500 -0.0056
vn 0.8458 -0.5204 0.1175
vn 0.7695 0.6386 -0.0057
vn 0.7899 0.6013 0.1198
vn 0.5911 0.5129 -0.6225
vn 0.7886 0.6050 -0.1096
vn -0.1995 -0.9799 -0.0009
vn 0.7676 0.6407 0.0136
vn 0.1627 0.9864 -0.0247
vn 0.1631 0.9866 0.0026
vn 0.6114 0.5038 0.6102
vn 0.6217 -0.4744 0.6232
vn 0.0000 -0.4329 0.9014
vn 0.0000 0.4072 0.9133
vn -0.6217 -0.4744 0.6232
vn -0.6114 0.5038 0.6102
vn -0.8458 -0.5204 0.1175
vn -0.7899 0.6013 0.1198
vn -0.7676 0.6407 0.0136
vn -0.7886 0.6050 -0.1096
vn -0.8351 -0.5500 -0.0056
vn -0.1631 0.9866 0.0026
vn -0.1627 0.9864 -0.0247
vn -0.6191 -0.4697 -0.6293
vn -0.5911 0.5129 -0.6225
vn 0.0000 0.4193 -0.9078
vn 0.0000 0.9296 -0.3686
vn 0.1409 0.9518 -0.2722
vn -0.1409 0.9518 -0.2722
vn 0.4326 0.8077 -0.4005
vn 0.0000 0.7592 -0.6508
vn 0.6943 0.7143 -0.0880
vn 0.0000 -0.7454 -0.6665
vn 0.4477 -0.7849 -0.4283
vn 0.7297 -0.6783 -0.0864
vn -0.4326 0.8077 -0.4005
vn -0.4477 -0.7849 -0.4283
vn 0.0000 -0.6120 -0.7909
vn -0.5686 -0.5866 -0.5767
vn 0.5686 -0.5866 -0.5767
vn 0.7177 -0.0121 -0.6962
vn 0.0000 -0.0117 -0.9999
vn -0.7177 -0.0121 -0.6962
vn 0.9916 -0.0104 -0.1291
vn 0.7647 -0.6360 -0.1033
vn 0.9851 0.1237 -0.1196
vn 0.6864 0.1480 -0.7120
vn 0.0007 0.1611 -0.9869
vn 0.6633 0.7406 0.1076
vn 0.6347 0.7453 0.2041
vn 0.9669 0.1935 0.1661
vn 0.9859 0.1665 0.0178
vn 0.7508 -0.6605 -0.0038
vn 1.0000 0.0014 -0.0012
vn 0.9895 0.0112 0.1440
vn 0.7693 -0.6292 0.1106
vn 0.9998 -0.0076 0.0186
vn 0.7473 -0.6643 0.0129
vn 0.6698 0.2649 0.6937
vn 0.7127 0.0201 0.7011
vn 0.5883 -0.5878 0.5553
vn 0.0000 0.0221 0.9997
vn 0.0000 -0.6186 0.7856
vn 0.0000 0.3001 0.9539
vn -0.7127 0.0201 0.7011
vn -0.5883 -0.5878 0.5553
vn -0.6698 0.2649 0.6937
vn -0.9669 0.1935 0.1661
vn -0.9895 0.0112 0.1440
vn -0.7693 -0.6292 0.1106
vn -0.9859 0.1665 0.0178
vn -0.6347 0.7453 0.2041
vn -0.6632 0.7407 0.1073
vn -0.9916 -0.0104 -0.1291
vn -0.7647 -0.6360 -0.1033
vn -0.7473 -0.6643 0.0129
vn -0.9998 -0.0076 0.0186
vn -1.0000 0.0014 -0.0012
vn -0.7508 -0.6605 -0.0037
vn -0.9851 0.1234 -0.1194
vn -0.9888 0.1471 0.0249
vn -0.6865 0.1467 -0.7121
vn -0.9328 0.3475 -0.0955
vn -0.6489 0.4248 -0.6312
vn 0.0075 0.4918 -0.8706
vn 0.0272 0.4353 -0.8998
vn -0.6580 0.3715 -0.6550
vn -0.9576 0.2822 -0.0580
vn -0.9982 -0.0370 -0.0472
vn -0.6476 0.1045 -0.7547
vn 0.0367 0.1827 -0.9825
vn 0.6763 0.1366 -0.7238
vn 0.6900 0.3612 -0.6271
vn 0.6460 0.4357 -0.6267
vn 0.9959 0.0747 -0.0504
vn 0.9564 0.2852 -0.0634
vn 0.9325 0.3478 -0.0970
vn -0.0013 0.3175 0.9482
vn -0.0007 0.8163 0.5775
vn 0.7398 0.6294 0.2378
vn 0.6724 0.3765 0.6372
vn 0.7700 -0.6379 0.0115
vn -0.0001 0.9865 0.1637
vn 0.0000 0.9785 0.2060
vn -0.6745 0.3760 0.6353
vn -0.7392 0.6304 0.2368
vn 0.9888 0.1470 0.0249
vn 0.6876 0.0849 0.7211
vn 0.0195 0.0529 0.9984
vn -0.6752 -0.0124 0.7375
vn -0.7377 0.6750 0.0110
vn -0.7700 -0.6379 0.0116
vn -0.7297 -0.6782 -0.0864
vn -0.6943 0.7143 -0.0880
vn -0.5092 0.7060 0.4922
vn 0.0000 0.7836 0.6212
vn 0.5092 0.7060 0.4922
vn 0.0425 -0.8444 0.5339
vn 0.0637 -0.3392 0.9385
vn -0.6506 -0.3095 0.6934
vn -0.4475 -0.8060 0.3874
vn -0.9635 -0.2644 -0.0411
vn -0.6646 -0.7467 -0.0260
vn -0.6232 -0.3347 -0.7068
vn -0.4145 -0.8254 -0.3833
vn -0.5997 0.4700 -0.6476
vn -0.8834 0.4668 -0.0406
vn -0.6152 0.4978 0.6113
vn -0.3699 0.8519 -0.3706
vn -0.5686 0.8221 -0.0290
vn -0.3412 0.8914 0.2983
vn 0.0137 0.8478 -0.5300
vn 0.0230 0.4663 -0.8843
vn 0.0256 -0.3900 -0.9205
vn 0.3864 0.8415 -0.3774
vn 0.6160 0.4545 -0.6434
vn 0.6439 -0.3428 -0.6840
vn 0.0174 -0.8719 -0.4892
vn 0.4269 -0.8210 -0.3789
vn 0.9630 -0.2673 -0.0345
vn 0.6650 -0.7465 -0.0216
vn 0.8858 0.4627 -0.0345
vn 0.6919 -0.3058 0.6539
vn 0.4751 -0.7964 0.3741
vn 0.6479 0.4978 0.5765
vn 0.3675 0.8832 0.2912
vn 0.5694 0.8217 -0.0247
vn 0.0324 0.9024 0.4296
vn 0.0590 0.5283 0.8469
vn 0.0000 1.0000 0.0000
vn 0.0237 0.9652 0.2604
vn 0.2507 0.9510 0.1809
vn -0.2401 0.9509 0.1953
vn -0.3589 0.8670 -0.3457
vn -0.7396 0.0596 -0.6703
vn -0.0303 0.0691 -0.9971
vn -0.0284 0.8566 -0.5151
vn 0.7221 0.1024 -0.6842
vn 0.2946 0.9027 -0.3135
vn -0.5353 -0.2194 -0.8157
vn 0.0000 -0.0536 -0.9985
vn 0.5353 -0.2195 -0.8156
vn 0.0000 0.0368 -0.9993
vn 0.3089 -0.9217 -0.2346
vn -0.3089 -0.9217 -0.2346
vn 0.2721 -0.9622 0.0009
vn 0.7403 -0.6721 0.0098
vn 0.9960 0.0862 0.0213
vn 0.3192 -0.9156 0.2444
vn 0.5364 -0.3312 0.7762
vn 0.0000 -0.0932 0.9956
vn 0.0000 -0.2071 0.9783
vn -0.3192 -0.9156 0.2444
vn -0.5364 -0.3311 0.7762
vn -0.2721 -0.9622 0.0009
vn -0.7405 -0.6720 0.0099
vn -0.0065 -0.0542 0.9985
vn -0.7454 -0.0016 0.6666
vn -0.9988 0.0459 0.0164
vn -0.5827 0.8125 0.0149
vn -0.3412 0.8686 0.3591
vn 0.3492 0.9369 -0.0125
vn 0.2582 0.9350 -0.2431
vn -0.0066 0.8360 0.5487
vn 0.0085 0.9469 -0.3213
vn 0.3261 0.8814 0.3416
vn 0.7355 0.0228 0.6771
vn -0.2522 0.9378 -0.2383
vn 0.5567 0.8305 0.0190
vn -0.3466 0.9379 -0.0162
vn -0.7725 -0.6349 -0.0062
vn -0.7254 -0.6809 0.1009
vn -0.6994 0.7103 0.0793
vn -0.7356 0.6774 -0.0061
vn -0.4749 0.7795 0.4085
vn -0.4302 -0.8010 0.4162
vn 0.0000 0.7284 0.6851
vn 0.0000 -0.7886 0.6149
vn 0.4749 0.7795 0.4085
vn 0.4302 -0.8010 0.4162
vn 0.6994 0.7103 0.0793
vn 0.7254 -0.6809 0.1009
vn 0.7377 0.6750 0.0110
vn 0.1642 0.9864 -0.0013
vn 0.7356 0.6774 -0.0061
vn 0.1650 0.9859 0.0274
vn 0.7725 -0.6349 -0.0062
vn -0.7695 0.6386 -0.0057
vn 0.1651 0.9363 0.3099
vn 0.0000 0.9076 0.4198
vn -0.1651 0.9363 0.3099
vn -0.1650 0.9859 0.0274
vn -0.1642 0.9864 -0.0013
vn 0.7466 -0.2047 0.6330
vn 0.0610 -0.2181 0.9740
vn 0.9771 -0.2076 -0.0477
vn 0.6827 -0.2110 -0.6995
vn 0.0352 -0.1850 -0.9821
vn -0.6659 -0.2838 -0.6898
vn -0.9488 -0.3119 -0.0495
vn -0.6901 -0.3233 0.6475
vn 0.4780 -0.7871 0.3898
vn 0.0479 -0.8071 0.5884
vn 0.6759 -0.7364 -0.0292
vn 0.4297 -0.8016 -0.4156
vn 0.0213 -0.8138 -0.5806
vn -0.4085 -0.8141 -0.4127
vn -0.6766 -0.7356 -0.0343
vn -0.4316 -0.8137 0.3893
vn 0.9999 -0.0043 0.0095
vn 0.7136 -0.0042 -0.7005
vn 0.7147 -0.0050 -0.6993
vn 0.9999 -0.0052 0.0120
vn -0.9999 -0.0014 0.0095
vn -0.7005 0.0002 0.7136
vn -0.6991 0.0002 0.7150
vn -0.9999 -0.0016 0.0120
vn -0.0002 0.9728 0.2315
vn -0.0000 0.5774 0.8164
vn 0.5183 0.5157 0.6822
vn 0.6394 0.7558 0.1411
vn 0.7005 0.0002 0.7136
vn 0.9999 -0.0014 0.0095
vn 0.9999 -0.0016 0.0120
vn 0.6991 0.0002 0.7150
vn 0.7144 0.1168 0.6899
vn 0.9866 0.1625 0.0121
vn -0.7136 -0.0042 -0.7005
vn -0.9999 -0.0043 0.0095
vn -0.9999 -0.0052 0.0120
vn -0.7147 -0.0050 -0.6993
vn -0.6394 0.7559 0.1404
vn -0.5182 0.5160 0.6820
vn -0.5001 0.6992 -0.5109
vn -0.6437 0.7525 0.1393
vn -0.0004 0.9730 0.2309
vn -0.0004 0.8681 -0.4963
vn 0.6435 0.7525 0.1400
vn 0.4998 0.6997 -0.5104
vn 0.9866 0.1624 0.0124
vn 0.7461 0.1290 -0.6532
vn -0.9866 0.1625 0.0120
vn -0.7145 0.1168 0.6898
vn 0.7042 -0.7099 0.0056
vn 0.5790 -0.5804 -0.5726
vn -0.7461 0.1291 -0.6532
vn -0.9866 0.1625 0.0123
vn -0.5790 -0.5804 -0.5726
vn -0.7042 -0.7099 0.0056
vn 0.5725 -0.5774 0.5820
vn 0.7060 -0.7082 0.0057
vn -0.7060 -0.7082 0.0057
vn -0.5725 -0.5774 0.5820
vn -0.9999 0.0043 -0.0095
vn -0.9999 0.0096 -0.0120
vn -0.7002 0.0073 -0.7139
vn -0.7007 0.0032 -0.7135
vn 0.9999 0.0014 -0.0095
vn 0.9999 0.0059 -0.0120
vn 0.7161 0.0035 0.6980
vn 0.7135 0.0008 0.7006
vn 0.0002 -0.9760 -0.2177
vn -0.6588 -0.7397 -0.1368
vn -0.4168 -0.4794 0.7723
vn 0.0001 -0.8238 0.5669
vn -0.7135 0.0008 0.7006
vn -0.7161 0.0035 0.6980
vn -0.9999 0.0059 -0.0120
vn -0.9999 0.0014 -0.0095
vn -0.9905 -0.1364 -0.0169
vn -0.6877 -0.0828 0.7212
vn 0.7006 0.0032 -0.7135
vn 0.7002 0.0073 -0.7139
vn 0.9999 0.0096 -0.0120
vn 0.9999 0.0043 -0.0095
vn 0.6588 -0.7398 -0.1362
vn 0.4165 -0.4791 0.7726
vn 0.2699 -0.2962 -0.9162
vn 0.0002 -0.4954 -0.8686
vn 0.0004 -0.9756 -0.2194
vn 0.6364 -0.7574 -0.1458
vn -0.2693 -0.2956 -0.9166
vn -0.6362 -0.7575 -0.1466
vn -0.6370 -0.0910 -0.7655
vn -0.9904 -0.1368 -0.0168
vn 0.9905 -0.1365 -0.0168
vn 0.6876 -0.0828 0.7213
vn -0.7097 -0.7044 -0.0072
vn -0.5758 -0.5737 -0.5825
vn 0.6370 -0.0912 -0.7654
vn 0.9904 -0.1370 -0.0166
vn 0.5758 -0.5737 -0.5825
vn 0.7097 -0.7044 -0.0072
vn -0.5820 -0.5778 0.5722
vn -0.7083 -0.7059 -0.0071
vn 0.7083 -0.7059 -0.0071
vn 0.5820 -0.5778 0.5722
vn 0.0502 -0.1053 0.9931
vn 0.0000 -0.1970 0.9804
vn -0.0000 0.2079 -0.9781
vn -0.0446 0.1207 -0.9917
vn 0.0447 0.1210 -0.9916
vn 0.0016 -1.0000 -0.0013
vn 0.0062 -0.7075 0.7067
vn -0.0062 -0.7075 0.7067
vn -0.0016 -1.0000 -0.0013
vn -0.0424 -0.0050 0.9991
vn -0.0104 0.0003 0.9999
vn -0.0025 -0.7069 -0.7073
vn 0.0036 -1.0000 -0.0007
vn 0.0090 0.0005 0.9999
vn 0.0104 0.0003 0.9999
vn 0.0104 0.0007 0.9999
vn 0.0463 0.0026 0.9989
vn -0.0025 -0.7067 -0.7075
vn 0.0036 -1.0000 -0.0014
vn -0.0574 -0.0957 0.9937
vn -0.0465 0.0026 0.9989
vn -0.0504 -0.1055 0.9931
vn 0.0523 0.1144 -0.9920
vn -0.0001 0.2065 -0.9784
vn -0.0447 0.0155 -0.9989
vn -0.0105 -0.0004 -0.9999
vn -0.0062 -0.7073 0.7068
vn -0.0016 -1.0000 -0.0007
vn 0.0090 -0.0005 -0.9999
vn 0.0105 -0.0004 -0.9999
vn -0.0090 0.0005 0.9999
vn 0.0449 0.0156 -0.9988
vn 0.0422 -0.0050 0.9991
vn -0.0090 -0.0005 -0.9999
vn 0.0016 -1.0000 -0.0007
vn -0.0036 -1.0000 -0.0007
vn 0.0062 -0.7073 0.7068
vn 0.0025 -0.7069 -0.7073
vn -0.0036 -1.0000 -0.0014
vn 0.0025 -0.7067 -0.7075
vn 0.0090 -0.0010 -0.9999
vn -0.0522 0.1140 -0.9921
vn -0.0488 0.0091 -0.9987
vn 0.0090 0.0010 0.9999
vn 0.0573 -0.0955 0.9938
vn 0.0491 0.0091 -0.9987
vn 0.0105 -0.0009 -0.9999
vn -0.0090 0.0010 0.9999
vn -0.0105 -0.0009 -0.9999
vn 0.0000 -0.1947 0.9808
vn -0.0104 0.0008 0.9999
vn -0.0090 -0.0010 -0.9999
vn 0.1975 -0.9761 -0.0902
vn 0.0394 -0.2572 -0.9655
vn 0.6889 -0.1697 -0.7047
vn 0.3567 -0.8847 -0.3000
vn -0.8513 -0.5238 -0.0279
vn 0.1611 -0.9790 -0.1249
vn 0.3711 -0.9271 0.0520
vn -0.5106 -0.5581 -0.6540
vn 0.2308 -0.9648 -0.1261
vn -0.8321 -0.5537 -0.0323
vn -0.5875 -0.4302 -0.6854
vn 0.0089 -0.9554 -0.2952
vn 0.9810 -0.1837 -0.0629
vn 0.7403 -0.3265 0.5876
vn -0.2313 0.9647 0.1261
vn -0.9871 0.1486 0.0589
vn -0.7166 0.4622 -0.5222
vn -0.0090 0.9554 0.2951
vn -0.0394 0.2572 0.9655
vn -0.1975 0.9761 0.0902
vn -0.3567 0.8847 0.3001
vn -0.6889 0.1697 0.7047
vn 0.1948 -0.9676 -0.1608
vn 0.1094 -0.4801 0.8703
vn -0.5362 -0.5864 0.6071
vn 0.0233 -0.9981 0.0569
vn -0.1034 0.4495 -0.8873
vn 0.4636 0.7017 -0.5410
vn 0.9870 -0.1491 -0.0590
vn 0.7164 -0.4626 0.5223
vn -0.1094 0.4801 -0.8703
vn -0.1948 0.9676 0.1608
vn -0.0234 0.9981 -0.0568
vn 0.5362 0.5864 -0.6071
vn -0.0324 0.2234 0.9742
vn -0.6694 0.3159 0.6723
vn 0.8321 0.5537 0.0323
vn 0.5875 0.4302 0.6854
vn 0.1034 -0.4495 0.8873
vn -0.4641 -0.7014 0.5410
vn 0.0324 -0.2234 -0.9742
vn 0.6691 -0.3162 -0.6724
vn -0.1616 0.9789 0.1249
vn 0.8511 0.5242 0.0280
vn 0.5102 0.5584 0.6541
vn -0.3711 0.9271 -0.0521
vn -0.9810 0.1837 0.0629
vn -0.7403 0.3265 -0.5876
vn -0.2442 -0.9280 0.2811
vn -0.3245 -0.9459 0.0031
vn -0.8181 -0.5750 -0.0046
vn -0.5830 -0.5698 0.5791
vn 0.0231 -0.9211 0.3886
vn 0.0457 -0.5790 0.8140
vn 0.0329 -0.8405 0.5407
vn -0.3758 -0.8362 0.3994
vn -0.5400 -0.8416 0.0032
vn -0.6307 -0.4710 0.6167
vn -0.9115 -0.4111 0.0081
vn 0.0352 -0.5820 0.8124
vn 0.0829 -0.2691 0.9595
vn -0.6906 -0.1667 0.7037
vn -0.9961 -0.0877 0.0093
vn -0.6984 0.0662 0.7126
vn -0.9989 0.0448 0.0097
vn 0.0903 0.1119 0.9896
vn -0.7027 -0.1535 -0.6946
vn -0.7090 0.0812 -0.7005
vn -0.6443 -0.4616 -0.6097
vn -0.8387 0.5444 0.0106
vn -0.5964 0.5770 -0.5579
vn -0.5885 0.5708 0.5726
vn -0.3298 0.9440 0.0029
vn -0.2364 0.9455 -0.2236
vn -0.2335 0.9447 0.2300
vn 0.1525 0.9883 -0.0001
vn 0.1184 0.9837 0.1354
vn 0.1193 0.9834 -0.1366
vn 0.0212 0.9488 -0.3151
vn 0.0322 0.6331 -0.7734
vn -0.0110 0.9871 0.1598
vn 0.6592 0.4107 0.6299
vn -0.0433 0.4189 0.9070
vn 0.9051 0.4249 -0.0109
vn 0.9999 0.0000 -0.0110
vn 0.7217 0.0000 0.6922
vn -0.0528 0.0000 0.9986
vn 0.6475 0.4064 -0.6446
vn 0.7096 0.0000 -0.7046
vn -0.0509 0.4092 -0.9110
vn -0.0598 0.0000 -0.9982
vn -0.0123 0.9864 -0.1635
vn 0.0246 0.9469 0.3205
vn 0.3028 0.9356 0.1812
vn -0.1267 0.9862 -0.1066
vn -0.7657 0.3874 -0.5133
vn 0.3894 0.9210 0.0015
vn -0.2694 0.9630 -0.0014
vn -0.9451 0.3267 -0.0060
vn -0.8262 0.0000 -0.5633
vn -1.0000 0.0000 -0.0059
vn -0.7688 0.3936 0.5039
vn -0.8291 0.0000 0.5590
vn -0.1211 0.9868 0.1070
vn 0.3017 0.9369 -0.1766
vn 0.6372 0.6452 -0.4214
vn 0.7711 0.6367 0.0048
vn 0.9905 0.1371 0.0054
vn 0.8284 0.1469 -0.5405
vn 0.0826 0.1317 -0.9878
vn 0.8013 -0.2835 -0.5268
vn 0.0759 -0.2563 -0.9636
vn 0.9600 -0.2799 0.0048
vn 0.6645 -0.5949 -0.4522
vn 0.0278 -0.5768 -0.8164
vn 0.4718 -0.8266 -0.3067
vn 0.0280 -0.8362 -0.5477
vn -0.3898 -0.8302 -0.3986
vn 0.0215 -0.9091 -0.4159
vn -0.2680 -0.9171 -0.2950
vn 0.0378 -0.5428 -0.8390
vn -0.6030 -0.5390 -0.5881
vn 0.7120 -0.5179 -0.4742
vn 0.3524 -0.9051 -0.2381
vn 0.4890 -0.8722 0.0039
vn 0.8921 -0.4517 -0.0008
vn 0.5716 -0.8205 0.0035
vn 0.8255 -0.5643 0.0042
vn 0.3349 -0.9137 0.2300
vn 0.4652 -0.8300 0.3076
vn 0.6612 -0.5977 0.4534
vn 0.7981 -0.2909 0.5276
vn 0.8276 0.1350 0.5447
vn 0.6382 0.6383 0.4304
vn 0.0390 0.6220 0.7821
vn 0.7036 -0.5407 0.4611
vn -0.0532 0.0000 0.9986
vn -0.8297 0.0000 0.5581
vn -0.0602 0.0000 -0.9982
vn -0.8269 0.0000 -0.5624
vn -0.7136 -0.1329 -0.6878
vn 0.0470 -0.1156 -0.9922
vn 0.0522 -0.1155 -0.9919
vn -0.7110 -0.1328 -0.6905
vn -0.9888 -0.1492 0.0027
vn -0.9888 -0.1491 -0.0012
vn -0.7032 -0.1493 0.6951
vn -0.7031 -0.1493 0.6953
vn 0.0573 -0.1365 0.9890
vn 0.0631 -0.1364 0.9886
vn 0.8216 -0.1057 0.5601
vn 0.8261 -0.1055 0.5535
vn 0.9967 -0.0811 0.0025
vn 0.9967 -0.0811 0.0009
vn 0.8235 -0.0933 -0.5596
vn 0.8253 -0.0933 -0.5570
vn 0.8249 -0.0932 -0.5576
vn 0.0513 -0.1155 -0.9920
vn 0.9967 -0.0811 0.0031
vn 0.8227 -0.1056 0.5586
vn 0.0611 -0.1364 0.9887
vn -0.7011 -0.1494 0.6972
vn -0.9888 -0.1492 0.0039
vn -0.7119 -0.1331 -0.6895
usemtl Clothes_UV
s 1
f 1826/1960/1577 1838/1961/1577 1847/1962/1577 1651/1963/1577
f 1836/1964/1577 1634/1965/1577 1827/1966/1577 1839/1967/1577
f 1840/1968/1577 1636/1969/1577 1634/1965/1577 1836/1964/1577
f 1837/1970/1577 1633/1971/1577 1635/1972/1577 1841/1973/1577
f 1843/1974/1578 1663/1975/1579 1664/1976/1580 1851/1977/1581
f 1842/1978/1582 1637/1979/1583 1636/1969/1577 1840/1968/1577
f 1637/1979/1583 1639/1980/1584 1638/1981/1577 1636/1969/1577
f 1636/1969/1577 1638/1981/1577 1640/1982/1577 1634/1965/1577
f 1641/1983/1577 1638/1981/1577 1639/1980/1584 1642/1984/1585
f 1643/1985/1577 1640/1982/1577 1638/1981/1577 1641/1983/1577
f 1644/1986/1577 1641/1983/1577 1642/1984/1585 1646/1987/1586
f 1645/1988/1577 1643/1985/1577 1641/1983/1577 1644/1986/1577
f 1648/1989/1577 1645/1988/1577 1644/1986/1577 1647/1990/1577
f 1647/1990/1577 1644/1986/1577 1646/1987/1586 1649/1991/1587
f 1651/1963/1577 1847/1962/1577 1844/1992/1577 1650/1993/1577
f 1650/1993/1577 1844/1992/1577 1848/1994/1588 1652/1995/1589
f 1652/1996/1589 1848/1997/1588 1854/1998/1590 1676/1999/1591
f 1846/2000/1577 1648/1989/1577 1647/1990/1577 1845/2001/1577
f 1654/2002/1577 1651/1963/1577 1650/1993/1577 1653/2003/1577
f 1653/2003/1577 1650/1993/1577 1652/1995/1589 1655/2004/1592
f 1657/2005/1577 1654/2002/1577 1653/2003/1577 1656/2006/1577
f 1656/2006/1577 1653/2003/1577 1655/2004/1592 1658/2007/1593
f 1660/2008/1577 1657/2005/1577 1656/2006/1577 1659/2009/1577
f 1659/2009/1577 1656/2006/1577 1658/2007/1593 1661/2010/1594
f 1633/1971/1577 1660/2008/1577 1659/2009/1577 1635/1972/1577
f 1635/1972/1577 1659/2009/1577 1661/2010/1594 1663/2011/1579
f 1663/1975/1579 1661/2012/1594 1662/2013/1595 1664/1976/1580
f 1661/2012/1594 1658/2014/1593 1680/2015/1596 1662/2013/1595
f 1850/2016/1597 1666/2017/1598 1637/2018/1583 1842/2019/1582
f 1852/2020/1599 1667/2021/1600 1666/2017/1598 1850/2016/1597
f 1664/1976/1580 1662/2013/1595 1683/2022/1601 1665/2023/1602
f 1845/2001/1577 1647/1990/1577 1649/1991/1587 1849/2024/1603
f 1853/2025/1604 1665/2023/1602 1685/2026/1605 1884/2027/1606
f 1667/2021/1600 1669/2028/1607 1668/2029/1608 1666/2017/1598
f 1666/2017/1598 1668/2029/1608 1639/2030/1584 1637/2018/1583
f 1670/2031/1609 1668/2029/1608 1669/2028/1607 1671/2032/1610
f 1642/2033/1585 1639/2030/1584 1668/2029/1608 1670/2031/1609
f 1672/2034/1611 1670/2031/1609 1671/2032/1610 1673/2035/1612
f 1646/2036/1586 1642/2033/1585 1670/2031/1609 1672/2034/1611
f 1649/2037/1587 1646/2036/1586 1672/2034/1611 1674/2038/1613
f 1674/2038/1613 1672/2034/1611 1673/2035/1612 1675/2039/1614
f 1851/1977/1581 1664/1976/1580 1665/2023/1602 1853/2025/1604
f 1676/1999/1591 1854/1998/1590 1856/2040/1615 1677/2041/1616
f 1849/2042/1603 1649/2037/1587 1674/2038/1613 1855/2043/1617
f 1677/2041/1616 1856/2040/1615 1887/2044/1618 1824/2045/1619
f 1655/2046/1592 1652/1996/1589 1676/1999/1591 1678/2047/1620
f 1678/2047/1620 1676/1999/1591 1677/2041/1616 1679/2048/1621
f 1658/2049/1593 1655/2046/1592 1678/2047/1620 1680/2050/1596
f 1680/2050/1596 1678/2047/1620 1679/2048/1621 1681/2051/1622
f 1662/2013/1595 1680/2015/1596 1681/2052/1622 1683/2022/1601
f 1683/2022/1601 1681/2052/1622 1682/2053/1623 1684/2054/1624
f 1681/2051/1622 1679/2048/1621 1825/2055/1625 1682/2056/1623
f 1665/2023/1602 1683/2022/1601 1684/2054/1624 1685/2026/1605
f 1686/2057/1626 1684/2054/1624 1682/2053/1623 1689/2058/1627
f 1688/2059/1628 1685/2026/1605 1684/2054/1624 1686/2057/1626
f 1689/2058/1627 1691/2060/1629 1687/2061/1630 1686/2057/1626
f 1686/2057/1626 1687/2061/1630 1818/2062/1631 1688/2059/1628
f 1690/2063/1632 1692/2064/1633 1691/2065/1629 1689/2066/1627
f 1689/2066/1627 1682/2056/1623 1825/2055/1625 1690/2063/1632
f 1693/2067/1634 1691/2065/1629 1692/2064/1633 1695/2068/1635
f 1696/2069/1636 1687/2061/1630 1691/2060/1629 1693/2070/1634
f 1698/2071/1637 1696/2069/1636 1693/2070/1634 1694/2072/1638
f 1694/2073/1638 1693/2067/1634 1695/2068/1635 1720/2074/1639
f 1700/2075/1640 1697/2076/1641 1696/2069/1636 1698/2071/1637
f 1697/2076/1641 1818/2062/1631 1687/2061/1630 1696/2069/1636
f 1701/2077/1642 1700/2075/1640 1698/2071/1637 1699/2078/1643
f 1699/2078/1643 1698/2071/1637 1694/2072/1638 1722/2079/1644
f 1871/2080/1645 1736/2081/1646 1703/2082/1647 1860/2083/1648
f 1863/2084/1649 1859/2085/1650 1702/2086/1651 1704/2087/1652
f 1858/2088/1653 1862/2089/1654 1697/2076/1641 1700/2075/1640
f 1859/2085/1650 1860/2083/1648 1703/2082/1647 1702/2086/1651
f 1702/2086/1651 1703/2082/1647 1707/2090/1655 1705/2091/1656
f 1704/2087/1652 1702/2086/1651 1705/2091/1656 1706/2092/1657
f 1708/2093/1658 1709/2094/1659 1706/2092/1657 1705/2091/1656
f 1710/2095/1660 1708/2093/1658 1705/2091/1656 1707/2090/1655
f 1711/2096/1661 1713/2097/1662 1709/2094/1659 1708/2093/1658
f 1712/2098/1663 1711/2096/1661 1708/2093/1658 1710/2095/1660
f 1716/2099/1664 1714/2100/1665 1711/2096/1661 1712/2098/1663
f 1714/2100/1665 1715/2101/1666 1713/2097/1662 1711/2096/1661
f 1867/2102/1667 1716/2099/1664 1743/2103/1668 1874/2104/1669
f 1717/2105/1670 1718/2106/1671 1869/2107/1672 1865/2108/1673
f 1864/2109/1674 1868/2110/1675 1715/2101/1666 1714/2100/1665
f 1719/2111/1676 1717/2105/1670 1865/2108/1673 1866/2112/1677
f 1720/2074/1639 1695/2068/1635 1718/2106/1671 1717/2105/1670
f 1721/2113/1678 1720/2074/1639 1717/2105/1670 1719/2111/1676
f 1722/2114/1644 1694/2073/1638 1720/2074/1639 1721/2113/1678
f 1721/2113/1678 1719/2111/1676 1725/2115/1679 1723/2116/1680
f 1722/2114/1644 1721/2113/1678 1723/2116/1680 1724/2117/1681
f 1729/2118/1682 1724/2117/1681 1723/2116/1680 1726/2119/1683
f 1726/2119/1683 1723/2116/1680 1725/2115/1679 1727/2120/1684
f 1727/2120/1684 1749/2121/1685 1728/2122/1686 1726/2119/1683
f 1726/2119/1683 1728/2122/1686 1730/2123/1687 1729/2118/1682
f 1729/2124/1682 1730/2125/1687 1732/2126/1688 1731/2127/1689
f 1731/2127/1689 1734/2128/1690 1724/2129/1681 1729/2124/1682
f 1731/2127/1689 1732/2126/1688 1763/2130/1691 1733/2131/1692
f 1733/2131/1692 1735/2132/1693 1734/2128/1690 1731/2127/1689
f 1701/2077/1642 1699/2078/1643 1734/2128/1690 1735/2132/1693
f 1699/2078/1643 1722/2079/1644 1724/2129/1681 1734/2128/1690
f 1739/2133/1694 1873/2134/1695 1870/2135/1696 1737/2136/1697
f 1862/2089/1654 1881/2137/1698 1818/2062/1631 1697/2076/1641
f 1872/2138/1699 1745/2139/1700 1736/2081/1646 1871/2080/1645
f 1741/2140/1701 1875/2141/1702 1873/2134/1695 1739/2133/1694
f 1861/2142/1703 1701/2077/1642 1735/2132/1693 1870/2135/1696
f 1733/2131/1692 1763/2130/1691 1738/2143/1704 1737/2136/1697
f 1737/2136/1697 1738/2143/1704 1740/2144/1705 1739/2133/1694
f 1739/2133/1694 1740/2144/1705 1742/2145/1706 1741/2140/1701
f 1874/2104/1669 1743/2103/1668 1745/2139/1700 1872/2138/1699
f 1741/2140/1701 1742/2145/1706 1749/2121/1685 1727/2120/1684
f 1879/2146/1707 1876/2147/1708 1806/2148/1709 1807/2149/1710
f 1718/2106/1671 1806/2148/1709 1876/2147/1708 1869/2107/1672
f 1727/2120/1684 1725/2115/1679 1875/2141/1702 1741/2140/1701
f 1719/2111/1676 1866/2112/1677 1875/2141/1702 1725/2115/1679
f 1716/2099/1664 1712/2098/1663 1744/2150/1711 1743/2103/1668
f 1743/2103/1668 1744/2150/1711 1746/2151/1712 1745/2139/1700
f 1745/2139/1700 1746/2151/1712 1747/2152/1713 1736/2081/1646
f 1710/2095/1660 1707/2090/1655 1747/2152/1713 1746/2151/1712
f 1712/2098/1663 1710/2095/1660 1746/2151/1712 1744/2150/1711
f 1736/2081/1646 1747/2152/1713 1707/2090/1655 1703/2082/1647
f 1911/2153/1714 1771/2154/1715 1748/2155/1716 1904/2156/1717
f 1904/2156/1717 1748/2155/1716 1750/2157/1718 1908/2158/1719
f 1908/2158/1719 1750/2157/1718 1751/2159/1720 1907/2160/1721
f 1755/2161/1722 1751/2159/1720 1750/2157/1718 1752/2162/1723
f 1752/2162/1723 1750/2157/1718 1748/2155/1716 1754/2163/1724
f 1897/2164/1725 1755/2161/1722 1752/2162/1723 1896/2165/1726
f 1896/2165/1726 1752/2162/1723 1754/2163/1724 1903/2166/1727
f 1898/2167/1728 1757/2168/1729 1755/2161/1722 1897/2164/1725
f 1757/2168/1729 1760/2169/1730 1751/2159/1720 1755/2161/1722
f 1902/2170/1731 1759/2171/1732 1757/2172/1729 1898/2173/1728
f 1759/2171/1732 1761/2174/1733 1760/2175/1730 1757/2172/1729
f 1907/2160/1721 1751/2159/1720 1760/2169/1730 1909/2176/1734
f 1909/2177/1734 1760/2175/1730 1761/2174/1733 1905/2178/1735
f 1905/2178/1735 1761/2174/1733 1762/2179/1736 1910/2180/1737
f 1765/2181/1738 1762/2179/1736 1761/2174/1733 1759/2171/1732
f 1910/2180/1737 1762/2179/1736 1764/2182/1739 1906/2183/1740
f 1767/2184/1741 1764/2182/1739 1762/2179/1736 1765/2181/1738
f 1900/2185/1742 1767/2184/1741 1765/2181/1738 1899/2186/1743
f 1899/2186/1743 1765/2181/1738 1759/2171/1732 1902/2170/1731
f 1901/2187/1744 1769/2188/1745 1767/2184/1741 1900/2185/1742
f 1769/2188/1745 1771/2154/1715 1764/2182/1739 1767/2184/1741
f 1903/2166/1727 1754/2163/1724 1769/2188/1745 1901/2187/1744
f 1754/2163/1724 1748/2155/1716 1771/2154/1715 1769/2188/1745
f 1906/2183/1740 1764/2182/1739 1771/2154/1715 1911/2153/1714
f 1888/2189/1746 1770/2190/1747 1768/2191/1748 1895/2192/1746
f 1894/2193/1746 1772/2194/1749 1770/2190/1747 1888/2189/1746
f 1774/2195/1750 1777/2196/1751 1776/2197/1752 1773/2198/1753
f 1773/2198/1753 1776/2197/1752 1778/2199/1754 1775/2200/1755
f 1777/2196/1751 1781/2201/1756 1779/2202/1757 1776/2197/1752
f 1776/2197/1752 1779/2202/1757 1782/2203/1758 1778/2199/1754
f 1779/2202/1757 1780/2204/1759 1784/2205/1760 1782/2203/1758
f 1781/2201/1756 1805/2206/1761 1780/2204/1759 1779/2202/1757
f 1782/2203/1758 1784/2205/1760 1785/2207/1762 1783/2208/1763
f 1778/2199/1754 1782/2203/1758 1783/2208/1763 1804/2209/1764
f 1783/2208/1763 1785/2207/1762 1786/2210/1765 1787/2211/1766
f 1787/2211/1766 1786/2210/1765 1788/2212/1767 1789/2213/1768
f 1789/2214/1768 1788/2215/1767 1790/2216/1769 1792/2217/1770
f 1792/2217/1770 1790/2216/1769 1791/2218/1771 1794/2219/1772
f 1800/2220/1773 1789/2214/1768 1792/2217/1770 1793/2221/1774
f 1793/2221/1774 1792/2217/1770 1794/2219/1772 1795/2222/1775
f 1795/2222/1775 1794/2219/1772 1781/2201/1756 1777/2196/1751
f 1794/2219/1772 1791/2218/1771 1805/2206/1761 1781/2201/1756
f 1796/2223/1776 1795/2222/1775 1777/2196/1751 1774/2195/1750
f 1797/2224/1777 1793/2221/1774 1795/2222/1775 1796/2223/1776
f 1889/2225/1746 1766/2226/1778 1799/2227/1779 1890/2228/1746
f 1895/2192/1746 1768/2191/1748 1766/2226/1778 1889/2225/1746
f 1798/2229/1780 1800/2220/1773 1793/2221/1774 1797/2224/1777
f 1890/2228/1746 1799/2227/1779 1758/2230/1781 1891/2231/1746
f 1801/2232/1782 1803/2233/1783 1800/2234/1773 1798/2235/1780
f 1891/2236/1746 1758/2237/1781 1756/2238/1784 1892/2239/1746
f 1802/2240/1785 1804/2209/1764 1803/2233/1783 1801/2232/1782
f 1892/2239/1746 1756/2238/1784 1753/2241/1786 1893/2242/1746
f 1803/2233/1783 1787/2211/1766 1789/2213/1768 1800/2234/1773
f 1804/2209/1764 1783/2208/1763 1787/2211/1766 1803/2233/1783
f 1775/2200/1755 1778/2199/1754 1804/2209/1764 1802/2240/1785
f 1893/2242/1746 1753/2241/1786 1772/2194/1749 1894/2193/1746
f 1868/2110/1675 1877/2243/1787 1808/2244/1788 1715/2101/1666
f 1695/2068/1635 1692/2064/1633 1806/2148/1709 1718/2106/1671
f 1807/2149/1710 1806/2148/1709 1692/2064/1633 1690/2063/1632
f 1809/2245/1789 1808/2244/1788 1877/2243/1787 1878/2246/1790
f 1807/2149/1710 1824/2045/1619 1887/2044/1618 1879/2146/1707
f 1737/2136/1697 1870/2135/1696 1735/2132/1693 1733/2131/1692
f 1811/2247/1791 1810/2248/1792 1808/2244/1788 1809/2245/1789
f 1715/2101/1666 1808/2244/1788 1810/2248/1792 1713/2097/1662
f 1813/2249/1793 1812/2250/1794 1810/2248/1792 1811/2247/1791
f 1713/2097/1662 1810/2248/1792 1812/2250/1794 1709/2094/1659
f 1815/2251/1795 1814/2252/1796 1812/2250/1794 1813/2249/1793
f 1709/2094/1659 1812/2250/1794 1814/2252/1796 1706/2092/1657
f 1814/2252/1796 1815/2251/1795 1817/2253/1797 1816/2254/1798
f 1816/2254/1798 1704/2087/1652 1706/2092/1657 1814/2252/1796
f 1688/2059/1628 1818/2062/1631 1881/2137/1698 1882/2255/1799
f 1867/2102/1667 1864/2109/1674 1714/2100/1665 1716/2099/1664
f 1885/2256/1800 1883/2257/1801 1817/2253/1797 1819/2258/1802
f 1880/2259/1803 1863/2084/1649 1704/2087/1652 1816/2254/1798
f 1882/2255/1799 1884/2027/1606 1685/2026/1605 1688/2059/1628
f 1855/2043/1617 1674/2038/1613 1675/2039/1614 1857/2260/1804
f 1885/2256/1800 1819/2258/1802 1667/2021/1600 1852/2020/1599
f 1819/2258/1802 1820/2261/1805 1669/2028/1607 1667/2021/1600
f 1819/2258/1802 1817/2253/1797 1815/2251/1795 1820/2261/1805
f 1813/2249/1793 1821/2262/1806 1820/2261/1805 1815/2251/1795
f 1671/2032/1610 1669/2028/1607 1820/2261/1805 1821/2262/1806
f 1811/2247/1791 1822/2263/1807 1821/2262/1806 1813/2249/1793
f 1673/2035/1612 1671/2032/1610 1821/2262/1806 1822/2263/1807
f 1809/2245/1789 1823/2264/1808 1822/2263/1807 1811/2247/1791
f 1675/2039/1614 1673/2035/1612 1822/2263/1807 1823/2264/1808
f 1816/2254/1798 1817/2253/1797 1883/2257/1801 1880/2259/1803
f 1861/2142/1703 1858/2088/1653 1700/2075/1640 1701/2077/1642
f 1878/2246/1790 1886/2265/1809 1823/2264/1808 1809/2245/1789
f 1857/2260/1804 1675/2039/1614 1823/2264/1808 1886/2265/1809
f 1690/2063/1632 1825/2055/1625 1824/2045/1619 1807/2149/1710
f 1679/2048/1621 1677/2041/1616 1824/2045/1619 1825/2055/1625
f 1660/2008/1577 1633/1971/1577 1826/1960/1577 1657/2005/1577
f 1657/2005/1577 1826/1960/1577 1651/1963/1577 1654/2002/1577
f 1839/1967/1577 1827/1966/1577 1648/1989/1577 1846/2000/1577
f 1841/1973/1577 1635/1972/1577 1663/2011/1579 1843/2266/1578
f 1827/1966/1577 1643/1985/1577 1645/1988/1577 1648/1989/1577
f 1634/1965/1577 1640/1982/1577 1643/1985/1577 1827/1966/1577
f 1738/2143/1704 1834/2267/1810 1833/2268/1811 1740/2144/1705
f 1763/2130/1691 1832/2269/1812 1834/2267/1810 1738/2143/1704
f 1732/2126/1688 1831/2270/1813 1832/2269/1812 1763/2130/1691
f 1730/2125/1687 1830/2271/1814 1831/2270/1813 1732/2126/1688
f 1728/2122/1686 1835/2272/1815 1830/2273/1814 1730/2123/1687
f 1749/2121/1685 1829/2274/1816 1835/2272/1815 1728/2122/1686
f 1742/2145/1706 1828/2275/1817 1829/2274/1816 1749/2121/1685
f 1740/2144/1705 1833/2268/1811 1828/2275/1817 1742/2145/1706
f 1837/1970/1577 1836/1964/1577 1839/1967/1577 1838/1961/1577
f 1841/1973/1577 1840/1968/1577 1836/1964/1577 1837/1970/1577
f 1843/2266/1578 1842/1978/1582 1840/1968/1577 1841/1973/1577
f 1845/2001/1577 1844/1992/1577 1847/1962/1577 1846/2000/1577
f 1849/2024/1603 1848/1994/1588 1844/1992/1577 1845/2001/1577
f 1851/1977/1581 1850/2016/1597 1842/2019/1582 1843/1974/1578
f 1853/2025/1604 1852/2020/1599 1850/2016/1597 1851/1977/1581
f 1855/2043/1617 1854/1998/1590 1848/1997/1588 1849/2042/1603
f 1857/2260/1804 1856/2040/1615 1854/1998/1590 1855/2043/1617
f 1859/2085/1650 1858/2088/1653 1861/2142/1703 1860/2083/1648
f 1863/2084/1649 1862/2089/1654 1858/2088/1653 1859/2085/1650
f 1865/2108/1673 1864/2109/1674 1867/2102/1667 1866/2112/1677
f 1869/2107/1672 1868/2110/1675 1864/2109/1674 1865/2108/1673
f 1873/2134/1695 1872/2138/1699 1871/2080/1645 1870/2135/1696
f 1870/2135/1696 1871/2080/1645 1860/2083/1648 1861/2142/1703
f 1875/2141/1702 1874/2104/1669 1872/2138/1699 1873/2134/1695
f 1866/2112/1677 1867/2102/1667 1874/2104/1669 1875/2141/1702
f 1879/2146/1707 1878/2246/1790 1877/2243/1787 1876/2147/1708
f 1876/2147/1708 1877/2243/1787 1868/2110/1675 1869/2107/1672
f 1881/2137/1698 1880/2259/1803 1883/2257/1801 1882/2255/1799
f 1880/2259/1803 1881/2137/1698 1862/2089/1654 1863/2084/1649
f 1885/2256/1800 1884/2027/1606 1882/2255/1799 1883/2257/1801
f 1884/2027/1606 1885/2256/1800 1852/2020/1599 1853/2025/1604
f 1887/2044/1618 1886/2265/1809 1878/2246/1790 1879/2146/1707
f 1886/2265/1809 1887/2044/1618 1856/2040/1615 1857/2260/1804
f 1838/1961/1577 1839/1967/1577 1846/2000/1577 1847/1962/1577
f 1633/1971/1577 1837/1970/1577 1838/1961/1577 1826/1960/1577
f 1802/2240/1785 1893/2242/1746 1894/2193/1746 1775/2200/1755
f 1801/2232/1782 1892/2239/1746 1893/2242/1746 1802/2240/1785
f 1798/2235/1780 1891/2236/1746 1892/2239/1746 1801/2232/1782
f 1797/2224/1777 1890/2228/1746 1891/2231/1746 1798/2229/1780
f 1774/2195/1750 1895/2192/1746 1889/2225/1746 1796/2223/1776
f 1796/2223/1776 1889/2225/1746 1890/2228/1746 1797/2224/1777
f 1775/2200/1755 1894/2193/1746 1888/2189/1746 1773/2198/1753
f 1773/2198/1753 1888/2189/1746 1895/2192/1746 1774/2195/1750
f 1772/2194/1749 1903/2166/1727 1901/2187/1744 1770/2190/1747
f 1770/2190/1747 1901/2187/1744 1900/2185/1742 1768/2191/1748
f 1766/2226/1778 1899/2186/1743 1902/2170/1731 1799/2227/1779
f 1768/2191/1748 1900/2185/1742 1899/2186/1743 1766/2226/1778
f 1799/2227/1779 1902/2170/1731 1898/2173/1728 1758/2230/1781
f 1758/2237/1781 1898/2167/1728 1897/2164/1725 1756/2238/1784
f 1753/2241/1786 1896/2165/1726 1903/2166/1727 1772/2194/1749
f 1756/2238/1784 1897/2164/1725 1896/2165/1726 1753/2241/1786
f 1918/2276/1818 1906/2183/1740 1911/2153/1714 1915/2277/1819
f 1914/2278/1820 1910/2180/1737 1906/2183/1740 1918/2276/1818
f 1917/2279/1821 1905/2178/1735 1910/2180/1737 1914/2278/1820
f 1913/2280/1822 1909/2177/1734 1905/2178/1735 1917/2279/1821
f 1919/2281/1823 1907/2160/1721 1909/2176/1734 1913/2282/1822
f 1912/2283/1824 1908/2158/1719 1907/2160/1721 1919/2281/1823
f 1916/2284/1825 1904/2156/1717 1908/2158/1719 1912/2283/1824
f 1915/2277/1819 1911/2153/1714 1904/2156/1717 1916/2284/1825
f 1833/2268/1811 1915/2277/1819 1916/2284/1825 1828/2275/1817
f 1828/2275/1817 1916/2284/1825 1912/2283/1824 1829/2274/1816
f 1829/2274/1816 1912/2283/1824 1919/2281/1823 1835/2272/1815
f 1835/2272/1815 1919/2281/1823 1913/2282/1822 1830/2273/1814
f 1830/2271/1814 1913/2280/1822 1917/2279/1821 1831/2270/1813
f 1831/2270/1813 1917/2279/1821 1914/2278/1820 1832/2269/1812
f 1832/2269/1812 1914/2278/1820 1918/2276/1818 1834/2267/1810
f 1834/2267/1810 1918/2276/1818 1915/2277/1819 1833/2268/1811
f 1949/2285/1826 1937/2286/1827 1939/2287/1828 1944/2288/1829
f 1953/2289/1830 1935/2290/1831 1940/2291/1832 1942/2292/1833
f 1958/2293/1834 1930/2294/1835 1929/2295/1836 1961/2296/1837
f 1936/2297/1838 1948/2298/1839 1945/2299/1840 1938/2300/1841
f 1961/2296/1837 1929/2295/1836 1921/2301/1842 1956/2302/1843
f 1934/2303/1844 1952/2304/1845 1943/2305/1846 1941/2306/1847
f 1962/2307/1848 1932/2308/1849 1930/2294/1835 1958/2293/1834
f 1933/2309/1850 1963/2310/1851 1959/2311/1852 1931/2312/1853
f 1931/2312/1853 1959/2311/1852 1960/2313/1854 1928/2314/1855
f 1928/2314/1855 1960/2313/1854 1957/2315/1856 1920/2316/1857
f 1955/2317/1858 1927/2318/1859 1932/2308/1849 1962/2307/1848
f 1951/2319/1860 1923/2320/1861 1937/2286/1827 1949/2285/1826
f 1926/2321/1862 1954/2322/1863 1963/2310/1851 1933/2309/1850
f 1938/2300/1841 1945/2299/1840 1956/2302/1843 1921/2301/1842
f 1941/2306/1847 1943/2305/1846 1954/2322/1863 1926/2321/1862
f 1925/2323/1864 1946/2324/1865 1952/2304/1845 1934/2303/1844
f 1922/2325/1866 1950/2326/1867 1948/2298/1839 1936/2297/1838
f 1947/2327/1868 1924/2328/1869 1935/2290/1831 1953/2289/1830
f 1944/2288/1829 1939/2287/1828 1920/2316/1857 1957/2315/1856
f 1957/2315/1856 1956/2302/1843 1945/2299/1840 1944/2288/1829
f 1955/2317/1858 1954/2322/1863 1943/2305/1846 1942/2292/1833
f 1961/2296/1837 1960/2313/1854 1959/2311/1852 1958/2293/1834
f 1956/2302/1843 1957/2315/1856 1960/2313/1854 1961/2296/1837
f 1958/2293/1834 1959/2311/1852 1963/2310/1851 1962/2307/1848
f 1962/2307/1848 1963/2310/1851 1954/2322/1863 1955/2317/1858
f 1953/2289/1830 1952/2304/1845 1946/2324/1865 1947/2327/1868
f 1949/2285/1826 1948/2298/1839 1950/2326/1867 1951/2319/1860
f 1944/2288/1829 1945/2299/1840 1948/2298/1839 1949/2285/1826
f 1942/2292/1833 1943/2305/1846 1952/2304/1845 1953/2289/1830
f 1942/2292/1833 1940/2291/1832 1927/2318/1859 1955/2317/1858
f 1993/2329/1870 1988/2330/1871 1983/2331/1872 1981/2332/1873
f 1997/2333/1874 1986/2334/1875 1984/2335/1876 1979/2336/1877
f 2002/2337/1878 2005/2338/1879 1973/2339/1880 1974/2340/1881
f 1980/2341/1882 1982/2342/1883 1989/2343/1884 1992/2344/1885
f 2005/2338/1879 2000/2345/1886 1965/2346/1887 1973/2339/1880
f 1978/2347/1888 1985/2348/1889 1987/2349/1890 1996/2350/1891
f 2006/2351/1892 2002/2337/1878 1974/2340/1881 1976/2352/1893
f 1977/2353/1894 1975/2354/1895 2003/2355/1896 2007/2356/1897
f 1975/2354/1895 1972/2357/1898 2004/2358/1899 2003/2355/1896
f 1972/2357/1898 1964/2359/1900 2001/2360/1901 2004/2358/1899
f 1999/2361/1902 2006/2351/1892 1976/2352/1893 1971/2362/1903
f 1995/2363/1904 1993/2329/1870 1981/2332/1873 1967/2364/1905
f 1970/2365/1906 1977/2353/1894 2007/2356/1897 1998/2366/1907
f 1982/2342/1883 1965/2346/1887 2000/2345/1886 1989/2343/1884
f 1985/2348/1889 1970/2365/1906 1998/2366/1907 1987/2349/1890
f 1969/2367/1908 1978/2347/1888 1996/2350/1891 1990/2368/1909
f 1966/2369/1910 1980/2341/1882 1992/2344/1885 1994/2370/1911
f 1991/2371/1912 1997/2333/1874 1979/2336/1877 1968/2372/1913
f 1988/2330/1871 2001/2360/1901 1964/2359/1900 1983/2331/1872
f 2001/2360/1901 1988/2330/1871 1989/2343/1884 2000/2345/1886
f 1999/2361/1902 1986/2334/1875 1987/2349/1890 1998/2366/1907
f 2005/2338/1879 2002/2337/1878 2003/2355/1896 2004/2358/1899
f 2000/2345/1886 2005/2338/1879 2004/2358/1899 2001/2360/1901
f 2002/2337/1878 2006/2351/1892 2007/2356/1897 2003/2355/1896
f 2006/2351/1892 1999/2361/1902 1998/2366/1907 2007/2356/1897
f 1997/2333/1874 1991/2371/1912 1990/2368/1909 1996/2350/1891
f 1993/2329/1870 1995/2363/1904 1994/2370/1911 1992/2344/1885
f 1988/2330/1871 1993/2329/1870 1992/2344/1885 1989/2343/1884
f 1986/2334/1875 1997/2333/1874 1996/2350/1891 1987/2349/1890
f 1986/2334/1875 1999/2361/1902 1971/2362/1903 1984/2335/1876
f 1932/2308/1849 2032/2373/1914 2029/2374/1915 1930/2294/1835
f 1931/2312/1853 2030/2375/1916 2035/2376/1917 1933/2309/1850
f 1928/2314/1855 2024/2377/1918 2030/2375/1916 1931/2312/1853
f 2054/2378/1919 1991/2379/1912 1968/2380/1913 2017/2381/1920
f 2012/2382/1921 1966/2383/1910 1994/2384/1911 2057/2385/1922
f 1921/2301/1842 2010/2386/1923 2045/2387/1924 1938/2300/1841
f 1925/2323/1864 2019/2388/1925 2052/2389/1926 1946/2324/1865
f 1935/2290/1831 2038/2390/1927 2049/2391/1928 1940/2291/1832
f 2048/2392/1929 1984/2393/1876 1971/2394/1903 2023/2395/1930
f 2018/2396/1931 1969/2397/1908 1990/2398/1909 2053/2399/1932
f 2027/2400/1933 1973/2401/1880 1965/2402/1887 2011/2403/1934
f 1930/2294/1835 2029/2374/1915 2026/2404/1935 1929/2295/1836
f 2025/2405/1936 1972/2406/1898 1975/2407/1895 2031/2408/1937
f 1926/2321/1862 2020/2409/1938 2051/2410/1939 1941/2306/1847
f 1922/2325/1866 2013/2411/1940 2056/2412/1941 1950/2326/1867
f 1937/2286/1827 2043/2413/1942 2047/2414/1943 1939/2287/1828
f 1938/2300/1841 2045/2387/1924 2040/2415/1944 1936/2297/1838
f 1920/2316/1857 2008/2416/1945 2024/2377/1918 1928/2314/1855
f 1927/2318/1859 2022/2417/1946 2032/2373/1914 1932/2308/1849
f 1941/2306/1847 2051/2410/1939 2036/2418/1947 1934/2303/1844
f 1946/2324/1865 2052/2389/1926 2055/2419/1948 1947/2327/1868
f 1950/2326/1867 2056/2412/1941 2059/2420/1949 1951/2319/1860
f 1924/2328/1869 2016/2421/1950 2038/2390/1927 1935/2290/1831
f 1934/2303/1844 2036/2418/1947 2019/2388/1925 1925/2323/1864
f 1923/2320/1861 2014/2422/1951 2043/2413/1942 1937/2286/1827
f 1936/2297/1838 2040/2415/1944 2013/2411/1940 1922/2325/1866
f 2058/2423/1952 1995/2424/1904 1967/2425/1905 2015/2426/1953
f 2015/2426/1953 1967/2425/1905 1981/2427/1873 2042/2428/1954
f 2034/2429/1955 1977/2430/1894 1970/2431/1906 2021/2432/1956
f 2017/2381/1920 1968/2380/1913 1979/2433/1877 2039/2434/1957
f 2057/2385/1922 1994/2384/1911 1995/2424/1904 2058/2423/1952
f 2039/2434/1957 1979/2433/1877 1984/2393/1876 2048/2392/1929
f 2023/2395/1930 1971/2394/1903 1976/2435/1893 2033/2436/1958
f 2009/2437/1959 1964/2438/1900 1972/2406/1898 2025/2405/1936
f 2042/2428/1954 1981/2427/1873 1983/2439/1872 2046/2440/1960
f 2053/2399/1932 1990/2398/1909 1991/2379/1912 2054/2378/1919
f 2041/2441/1961 1980/2442/1882 1966/2383/1910 2012/2382/1921
f 2021/2432/1956 1970/2431/1906 1985/2443/1889 2050/2444/1962
f 1940/2291/1832 2049/2391/1928 2022/2417/1946 1927/2318/1859
f 2033/2436/1958 1976/2435/1893 1974/2445/1881 2028/2446/1963
f 1939/2287/1828 2047/2414/1943 2008/2416/1945 1920/2316/1857
f 1947/2327/1868 2055/2419/1948 2016/2421/1950 1924/2328/1869
f 1933/2309/1850 2035/2376/1917 2020/2409/1938 1926/2321/1862
f 2044/2447/1964 1982/2448/1883 1980/2442/1882 2041/2441/1961
f 2037/2449/1965 1978/2450/1888 1969/2397/1908 2018/2396/1931
f 2011/2403/1934 1965/2402/1887 1982/2448/1883 2044/2447/1964
f 1929/2295/1836 2026/2404/1935 2010/2386/1923 1921/2301/1842
f 1951/2319/1860 2059/2420/1949 2014/2422/1951 1923/2320/1861
f 2028/2446/1963 1974/2445/1881 1973/2401/1880 2027/2400/1933
f 2050/2444/1962 1985/2443/1889 1978/2450/1888 2037/2449/1965
f 2031/2408/1937 1975/2407/1895 1977/2430/1894 2034/2429/1955
f 2057/2385/1922 2056/2412/1941 2013/2411/1940 2012/2382/1921
f 2015/2426/1953 2014/2422/1951 2059/2420/1949 2058/2423/1952
f 2053/2399/1932 2052/2389/1926 2019/2388/1925 2018/2396/1931
f 2017/2381/1920 2016/2421/1950 2055/2419/1948 2054/2378/1919
f 2058/2423/1952 2059/2420/1949 2056/2412/1941 2057/2385/1922
f 2054/2378/1919 2055/2419/1948 2052/2389/1926 2053/2399/1932
f 2037/2449/1965 2036/2418/1947 2051/2410/1939 2050/2444/1962
f 2023/2395/1930 2022/2417/1946 2049/2391/1928 2048/2392/1929
f 2009/2437/1959 2008/2416/1945 2047/2414/1943 2046/2440/1960
f 2041/2441/1961 2040/2415/1944 2045/2387/1924 2044/2447/1964
f 2046/2440/1960 2047/2414/1943 2043/2413/1942 2042/2428/1954
f 2012/2382/1921 2013/2411/1940 2040/2415/1944 2041/2441/1961
f 2021/2432/1956 2020/2409/1938 2035/2376/1917 2034/2429/1955
f 2033/2436/1958 2032/2373/1914 2022/2417/1946 2023/2395/1930
f 2027/2400/1933 2026/2404/1935 2029/2374/1915 2028/2446/1963
f 2025/2405/1936 2024/2377/1918 2008/2416/1945 2009/2437/1959
f 2039/2434/1957 2038/2390/1927 2016/2421/1950 2017/2381/1920
f 2050/2444/1962 2051/2410/1939 2020/2409/1938 2021/2432/1956
f 2048/2392/1929 2049/2391/1928 2038/2390/1927 2039/2434/1957
f 2018/2396/1931 2019/2388/1925 2036/2418/1947 2037/2449/1965
f 2011/2403/1934 2010/2386/1923 2026/2404/1935 2027/2400/1933
f 2044/2447/1964 2045/2387/1924 2010/2386/1923 2011/2403/1934
f 2042/2428/1954 2043/2413/1942 2014/2422/1951 2015/2426/1953
f 2031/2408/1937 2030/2375/1916 2024/2377/1918 2025/2405/1936
f 2034/2429/1955 2035/2376/1917 2030/2375/1916 2031/2408/1937
f 2028/2446/1963 2029/2374/1915 2032/2373/1914 2033/2436/1958
f 2046/2440/1960 1983/2439/1872 1964/2438/1900 2009/2437/1959
f 2091/2451/1966 2092/2452/1967 2070/2453/1968 2063/2454/1969
f 2100/2455/1970 2096/2456/1971 2065/2457/1972 2080/2458/1973
f 2102/2459/1974 2105/2460/1975 2069/2461/1976 2061/2462/1977
f 2096/2463/1971 2098/2464/1978 2072/2465/1979 2065/2466/1972
f 2097/2467/1980 2101/2468/1981 2081/2469/1982 2064/2470/1983
f 2087/2471/1984 2084/2472/1985 2066/2473/1986 2075/2474/1987
f 2085/2475/1988 2086/2476/1989 2074/2477/1990 2067/2478/1991
f 2084/2479/1985 2089/2480/1992 2083/2481/1993 2066/2482/1986
f 2106/2483/1994 2102/2484/1974 2061/2485/1977 2077/2486/1995
f 2093/2487/1996 2090/2488/1997 2062/2489/1998 2071/2490/1999
f 2090/2491/1997 2095/2492/2000 2079/2493/2001 2062/2494/1998
f 2099/2495/2002 2097/2496/1980 2064/2497/1983 2073/2498/2003
f 2094/2499/2004 2091/2500/1966 2063/2501/1969 2078/2502/2005
f 2088/2503/2006 2085/2504/1988 2067/2505/1991 2082/2506/2007
f 2103/2507/2008 2107/2508/2009 2076/2509/2010 2060/2510/2011
f 2092/2452/1967 2093/2511/1996 2071/2512/1999 2070/2453/1968
f 2098/2464/1978 2099/2513/2002 2073/2514/2003 2072/2465/1979
f 2086/2515/1989 2087/2471/1984 2075/2474/1987 2074/2516/1990
f 2104/2517/2012 2105/2518/1975 2074/2519/1990 2075/2520/1987
f 2106/2483/1994 2107/2521/2009 2083/2522/1993 2082/2523/2007
f 2088/2503/2006 2089/2524/1992 2081/2525/1982 2080/2526/1973
f 2100/2527/1970 2101/2468/1981 2079/2528/2001 2078/2529/2005
f 2094/2530/2004 2095/2492/2000 2076/2531/2010 2077/2532/1995
f 2104/2517/2012 2103/2533/2008 2060/2534/2011 2068/2535/2013
f 2082/2506/2007 2083/2536/1993 2089/2524/1992 2088/2503/2006
f 2072/2537/1979 2073/2538/2003 2087/2471/1984 2086/2515/1989
f 2080/2526/1973 2065/2539/1972 2085/2504/1988 2088/2503/2006
f 2064/2497/1983 2081/2540/1982 2089/2480/1992 2084/2479/1985
f 2065/2457/1972 2072/2541/1979 2086/2476/1989 2085/2475/1988
f 2073/2538/2003 2064/2542/1983 2084/2472/1985 2087/2471/1984
f 2078/2543/2005 2079/2493/2001 2095/2492/2000 2094/2530/2004
f 2069/2544/1976 2068/2545/2013 2093/2511/1996 2092/2452/1967
f 2077/2546/1995 2061/2462/1977 2091/2500/1966 2094/2499/2004
f 2060/2547/2011 2076/2531/2010 2095/2492/2000 2090/2491/1997
f 2068/2548/2013 2060/2510/2011 2090/2488/1997 2093/2487/1996
f 2061/2549/1977 2069/2544/1976 2092/2452/1967 2091/2451/1966
f 2080/2550/1973 2081/2469/1982 2101/2468/1981 2100/2527/1970
f 2070/2551/1968 2071/2552/1999 2099/2513/2002 2098/2464/1978
f 2071/2490/1999 2062/2489/1998 2097/2496/1980 2099/2495/2002
f 2062/2553/1998 2079/2528/2001 2101/2468/1981 2097/2467/1980
f 2063/2554/1969 2070/2551/1968 2098/2464/1978 2096/2463/1971
f 2078/2502/2005 2063/2501/1969 2096/2456/1971 2100/2455/1970
f 2075/2520/1987 2066/2555/1986 2103/2533/2008 2104/2517/2012
f 2077/2486/1995 2076/2556/2010 2107/2521/2009 2106/2483/1994
f 2068/2535/2013 2069/2557/1976 2105/2518/1975 2104/2517/2012
f 2066/2482/1986 2083/2481/1993 2107/2508/2009 2103/2507/2008
f 2082/2523/2007 2067/2558/1991 2102/2484/1974 2106/2483/1994
f 2067/2478/1991 2074/2477/1990 2105/2460/1975 2102/2459/1974
f 2114/2559/2014 2116/2560/2015 2113/2561/2016 2112/2562/2017
f 2115/2563/2018 2114/2559/2014 2112/2562/2017 2111/2564/2019
f 2114/2559/2014 2115/2563/2018 2119/2565/2020 2117/2566/2021
f 2116/2560/2015 2114/2559/2014 2117/2566/2021 2118/2567/2022
f 2120/2568/2023 2122/2569/2024 2118/2567/2022 2117/2566/2021
f 2121/2570/2025 2120/2568/2023 2117/2566/2021 2119/2565/2020
f 2125/2571/2026 2123/2572/2027 2120/2568/2023 2121/2570/2025
f 2123/2572/2027 2126/2573/2028 2122/2569/2024 2120/2568/2023
f 2126/2573/2028 2123/2572/2027 2124/2574/2029 2128/2575/2030
f 2123/2572/2027 2125/2571/2026 2189/2576/2031 2124/2574/2029
f 2127/2577/2032 2126/2573/2028 2128/2575/2030 2129/2578/2033
f 2126/2573/2028 2127/2577/2032 2174/2579/2034 2122/2569/2024
f 2130/2580/2035 2131/2581/2036 2129/2578/2033 2128/2575/2030
f 2132/2582/2037 2130/2580/2035 2128/2575/2030 2124/2574/2029
f 2133/2583/2038 2136/2584/2039 2131/2581/2036 2130/2580/2035
f 2135/2585/2040 2133/2583/2038 2130/2580/2035 2132/2582/2037
f 2136/2584/2039 2133/2583/2038 2134/2586/2041 2138/2587/2042
f 2133/2583/2038 2135/2585/2040 2148/2588/2043 2134/2586/2041
f 2136/2584/2039 2137/2589/2044 2165/2590/2045 2131/2581/2036
f 2137/2589/2044 2136/2584/2039 2138/2587/2042 2139/2591/2046
f 2140/2592/2047 2142/2593/2048 2139/2591/2046 2138/2587/2042
f 2143/2594/2049 2140/2592/2047 2138/2587/2042 2134/2586/2041
f 2140/2592/2047 2143/2594/2049 2144/2595/2050 2141/2596/2051
f 2142/2593/2048 2140/2592/2047 2141/2596/2051 2195/2597/2052
f 2143/2594/2049 2145/2598/2053 2146/2599/2054 2144/2595/2050
f 2145/2598/2053 2143/2594/2049 2134/2586/2041 2148/2588/2043
f 2145/2598/2053 2147/2600/2055 2211/2601/2056 2146/2599/2054
f 2147/2600/2055 2145/2598/2053 2148/2588/2043 2149/2602/2057
f 2135/2585/2040 2150/2603/2058 2149/2602/2057 2148/2588/2043
f 2150/2603/2058 2152/2604/2059 2151/2605/2060 2149/2602/2057
f 2154/2606/2061 2147/2600/2055 2149/2602/2057 2151/2605/2060
f 2152/2604/2059 2162/2607/2062 2153/2608/2063 2151/2605/2060
f 2156/2609/2064 2154/2606/2061 2151/2605/2060 2153/2608/2063
f 2147/2600/2055 2154/2606/2061 2155/2610/2065 2211/2601/2056
f 2154/2606/2061 2156/2609/2064 2157/2611/2066 2155/2610/2065
f 2156/2609/2064 2158/2612/2067 2159/2613/2068 2157/2611/2066
f 2158/2612/2067 2156/2609/2064 2153/2608/2063 2160/2614/2069
f 2158/2612/2067 2142/2615/2048 2195/2616/2052 2159/2613/2068
f 2142/2615/2048 2158/2612/2067 2160/2614/2069 2139/2617/2046
f 2162/2607/2062 2161/2618/2070 2160/2614/2069 2153/2608/2063
f 2161/2618/2070 2137/2619/2044 2139/2617/2046 2160/2614/2069
f 2137/2619/2044 2161/2618/2070 2163/2620/2071 2165/2621/2045
f 2161/2618/2070 2162/2607/2062 2164/2622/2072 2163/2620/2071
f 2163/2620/2071 2164/2622/2072 2168/2623/2073 2166/2624/2074
f 2165/2621/2045 2163/2620/2071 2166/2624/2074 2169/2625/2075
f 2167/2626/2076 2170/2627/2077 2169/2625/2075 2166/2624/2074
f 2186/2628/2078 2167/2626/2076 2166/2624/2074 2168/2623/2073
f 2170/2629/2077 2127/2577/2032 2129/2578/2033 2169/2630/2075
f 2131/2581/2036 2165/2590/2045 2169/2630/2075 2129/2578/2033
f 2170/2627/2077 2167/2626/2076 2173/2631/2079 2171/2632/2080
f 2127/2577/2032 2170/2629/2077 2171/2633/2080 2174/2579/2034
f 2171/2632/2080 2173/2631/2079 2181/2634/2081 2172/2635/2082
f 2174/2579/2034 2171/2633/2080 2172/2636/2082 2175/2637/2083
f 2122/2569/2024 2174/2579/2034 2175/2637/2083 2118/2567/2022
f 2175/2637/2083 2172/2636/2082 2177/2638/2084 2176/2639/2085
f 2176/2639/2085 2116/2560/2015 2118/2567/2022 2175/2637/2083
f 2176/2639/2085 2177/2638/2084 2108/2640/2086 2178/2641/2087
f 2116/2560/2015 2176/2639/2085 2178/2641/2087 2113/2561/2016
f 2109/2642/2088 2108/2643/2086 2177/2644/2084 2179/2645/2089
f 2179/2645/2089 2177/2644/2084 2172/2635/2082 2181/2634/2081
f 2179/2645/2089 2180/2646/2090 2110/2647/2091 2109/2642/2088
f 2180/2646/2090 2179/2645/2089 2181/2634/2081 2182/2648/2092
f 2173/2631/2079 2184/2649/2093 2182/2648/2092 2181/2634/2081
f 2192/2650/2094 2180/2646/2090 2182/2648/2092 2183/2651/2095
f 2184/2649/2093 2185/2652/2096 2183/2651/2095 2182/2648/2092
f 2167/2626/2076 2186/2628/2078 2184/2649/2093 2173/2631/2079
f 2186/2628/2078 2187/2653/2097 2185/2652/2096 2184/2649/2093
f 2187/2653/2097 2186/2628/2078 2168/2623/2073 2188/2654/2098
f 2125/2571/2026 2187/2653/2097 2188/2654/2098 2189/2576/2031
f 2187/2653/2097 2125/2571/2026 2121/2570/2025 2185/2652/2096
f 2190/2655/2099 2191/2656/2100 2189/2576/2031 2188/2654/2098
f 2164/2622/2072 2190/2655/2099 2188/2654/2098 2168/2623/2073
f 2152/2604/2059 2150/2603/2058 2191/2656/2100 2190/2655/2099
f 2162/2607/2062 2152/2604/2059 2190/2655/2099 2164/2622/2072
f 2191/2656/2100 2132/2582/2037 2124/2574/2029 2189/2576/2031
f 2150/2603/2058 2135/2585/2040 2132/2582/2037 2191/2656/2100
f 2185/2652/2096 2121/2570/2025 2119/2565/2020 2183/2651/2095
f 2115/2563/2018 2192/2650/2094 2183/2651/2095 2119/2565/2020
f 2180/2646/2090 2192/2650/2094 2193/2657/2101 2110/2647/2091
f 2192/2650/2094 2115/2563/2018 2111/2564/2019 2193/2657/2101
f 2157/2611/2066 2159/2613/2068 2194/2658/2068 2210/2659/2066
f 2159/2613/2068 2195/2616/2052 2196/2660/2052 2194/2658/2068
f 2195/2597/2052 2141/2596/2051 2197/2661/2051 2196/2662/2052
f 2196/2662/2052 2197/2661/2051 2200/2663/2051 2198/2664/2102
f 2194/2658/2068 2196/2660/2052 2198/2665/2102 2199/2666/2103
f 2197/2661/2051 2202/2667/2050 2201/2668/2050 2200/2663/2051
f 2202/2667/2050 2204/2669/2054 2203/2670/2054 2201/2668/2050
f 2204/2669/2054 2206/2671/2056 2205/2672/2104 2203/2670/2054
f 2206/2671/2056 2208/2673/2065 2207/2674/2105 2205/2672/2104
f 2208/2673/2065 2210/2659/2066 2209/2675/2066 2207/2674/2105
f 2210/2659/2066 2194/2658/2068 2199/2666/2103 2209/2675/2066
f 2155/2610/2065 2157/2611/2066 2210/2659/2066 2208/2673/2065
f 2211/2601/2056 2155/2610/2065 2208/2673/2065 2206/2671/2056
f 2146/2599/2054 2211/2601/2056 2206/2671/2056 2204/2669/2054
f 2144/2595/2050 2146/2599/2054 2204/2669/2054 2202/2667/2050
f 2141/2596/2051 2144/2595/2050 2202/2667/2050 2197/2661/2051
f 2235/2676/2106 2228/2677/2107 2212/2678/2108 2217/2679/2109
f 2233/2680/2110 2235/2676/2106 2217/2679/2109 2219/2681/2111
f 2234/2682/2112 2233/2680/2110 2219/2681/2111 2216/2683/2113
f 2231/2684/2114 2234/2682/2112 2216/2683/2113 2215/2685/2115
f 2232/2686/2116 2231/2684/2114 2215/2685/2115 2218/2687/2117
f 2230/2688/2118 2232/2686/2116 2218/2687/2117 2214/2689/2119
f 2229/2690/2120 2230/2688/2118 2214/2689/2119 2213/2691/2121
f 2228/2692/2107 2229/2690/2120 2213/2691/2121 2212/2693/2108
f 2108/2643/2086 2109/2642/2088 2223/2694/2122 2222/2695/2123
f 2109/2642/2088 2110/2647/2091 2224/2696/2124 2223/2694/2122
f 2110/2647/2091 2193/2657/2101 2226/2697/2125 2224/2696/2124
f 2193/2657/2101 2111/2564/2019 2225/2698/2126 2226/2697/2125
f 2111/2564/2019 2112/2562/2017 2220/2699/2127 2225/2698/2126
f 2112/2562/2017 2113/2561/2016 2227/2700/2128 2220/2699/2127
f 2113/2561/2016 2178/2641/2087 2221/2701/2129 2227/2700/2128
f 2178/2641/2087 2108/2640/2086 2222/2702/2123 2221/2701/2129
f 2222/2695/2123 2223/2694/2122 2229/2690/2120 2228/2692/2107
f 2223/2694/2122 2224/2696/2124 2230/2688/2118 2229/2690/2120
f 2224/2696/2124 2226/2697/2125 2232/2686/2116 2230/2688/2118
f 2226/2697/2125 2225/2698/2126 2231/2684/2114 2232/2686/2116
f 2225/2698/2126 2220/2699/2127 2234/2682/2112 2231/2684/2114
f 2220/2699/2127 2227/2700/2128 2233/2680/2110 2234/2682/2112
f 2227/2700/2128 2221/2701/2129 2235/2676/2106 2233/2680/2110
f 2221/2701/2129 2222/2702/2123 2228/2677/2107 2235/2676/2106
o Char_Ear_R_Cube.071
v -0.096288 1.511477 0.013623
v -0.096288 1.530034 0.013623
v -0.101385 1.508654 0.013623
v -0.096288 1.509302 0.008488
v -0.096288 1.509301 -0.000449
v -0.096288 1.530034 0.008288
v -0.101385 1.505579 0.008438
v -0.116704 1.502954 0.008288
v -0.101385 1.505435 -0.000423
v -0.101385 1.511492 -0.006035
v -0.116704 1.502435 -0.000348
v -0.136416 1.509518 -0.000449
v -0.116704 1.510617 -0.007381
v -0.131404 1.514107 -0.005587
v -0.116704 1.530034 -0.011147
v -0.101385 1.530034 -0.008321
v -0.116704 1.549452 -0.007381
v -0.135270 1.530034 -0.007381
v -0.131404 1.545961 -0.005587
v -0.143221 1.530034 -0.000348
v -0.142722 1.530034 0.008288
v -0.136416 1.550551 -0.000449
v -0.136416 1.550551 0.008488
v -0.116704 1.557634 -0.000348
v -0.101385 1.554634 -0.000423
v -0.116704 1.557114 0.008288
v -0.101385 1.554490 0.008438
v -0.116704 1.552423 0.013623
v -0.134348 1.548399 0.013623
v -0.101385 1.551415 0.013623
v -0.116236 1.544000 0.013623
v -0.129249 1.541414 0.013623
v -0.102625 1.543496 0.013623
v -0.116072 1.542051 0.010925
v -0.116704 1.530034 0.010925
v -0.127457 1.539788 0.010925
v -0.104758 1.541680 0.010925
v -0.104758 1.530034 0.010925
v -0.104758 1.518389 0.010925
v -0.102625 1.530034 0.013623
v -0.102625 1.516572 0.013623
v -0.101385 1.530034 0.013623
v -0.116236 1.516069 0.013623
v -0.129249 1.518655 0.013623
v -0.116704 1.507646 0.013623
v -0.116072 1.518018 0.010925
v -0.127457 1.520280 0.010925
v -0.129813 1.530034 0.010925
v -0.131998 1.530034 0.013623
v -0.138215 1.530034 0.013623
v -0.134348 1.511670 0.013623
v -0.136416 1.509518 0.008488
v -0.096288 1.548592 0.013623
v -0.096288 1.550767 0.008488
v -0.096288 1.550768 -0.000449
v -0.096288 1.530034 -0.000348
v -0.096288 1.546129 -0.005587
v -0.096288 1.530034 -0.007381
v -0.101385 1.548577 -0.006035
v -0.096288 1.513940 -0.005587
v 0.095026 1.511477 0.013623
v 0.095026 1.530034 0.013623
v 0.100123 1.508654 0.013623
v 0.095026 1.509302 0.008488
v 0.095026 1.509301 -0.000449
v 0.095026 1.530034 0.008288
v 0.100123 1.505579 0.008438
v 0.115442 1.502954 0.008288
v 0.100123 1.505435 -0.000423
v 0.100123 1.511492 -0.006035
v 0.115442 1.502435 -0.000348
v 0.135154 1.509518 -0.000449
v 0.115442 1.510617 -0.007381
v 0.130142 1.514107 -0.005587
v 0.115442 1.530034 -0.011147
v 0.100123 1.530034 -0.008321
v 0.115442 1.549452 -0.007381
v 0.134008 1.530034 -0.007381
v 0.130142 1.545961 -0.005587
v 0.141959 1.530034 -0.000348
v 0.141460 1.530034 0.008288
v 0.135154 1.550551 -0.000449
v 0.135154 1.550551 0.008488
v 0.115442 1.557634 -0.000348
v 0.100123 1.554634 -0.000423
v 0.115442 1.557114 0.008288
v 0.100123 1.554490 0.008438
v 0.115442 1.552423 0.013623
v 0.133086 1.548399 0.013623
v 0.100123 1.551415 0.013623
v 0.114974 1.544000 0.013623
v 0.127986 1.541414 0.013623
v 0.101362 1.543496 0.013623
v 0.114810 1.542051 0.010925
v 0.115442 1.530034 0.010925
v 0.126195 1.539788 0.010925
v 0.103496 1.541680 0.010925
v 0.103496 1.530034 0.010925
v 0.103496 1.518389 0.010925
v 0.101362 1.530034 0.013623
v 0.101362 1.516572 0.013623
v 0.100123 1.530034 0.013623
v 0.114974 1.516069 0.013623
v 0.127986 1.518655 0.013623
v 0.115442 1.507646 0.013623
v 0.114810 1.518018 0.010925
v 0.126195 1.520280 0.010925
v 0.128551 1.530034 0.010925
v 0.130735 1.530034 0.013623
v 0.136953 1.530034 0.013623
v 0.133086 1.511670 0.013623
v 0.135154 1.509518 0.008488
v 0.095026 1.548592 0.013623
v 0.095026 1.550767 0.008488
v 0.095026 1.550768 -0.000449
v 0.095026 1.530034 -0.000348
v 0.095026 1.546129 -0.005587
v 0.095026 1.530034 -0.007381
v 0.100123 1.548577 -0.006035
v 0.095026 1.513940 -0.005587
vt 0.056631 0.884960
vt 0.054613 0.883625
vt 0.064066 0.880552
vt 0.064122 0.883607
vt 0.055425 0.886860
vt 0.064167 0.886114
vt 0.052736 0.886152
vt 0.050375 0.879695
vt 0.047872 0.883571
vt 0.063964 0.874937
vt 0.054755 0.893077
vt 0.051319 0.893382
vt 0.046048 0.893836
vt 0.042981 0.876730
vt 0.034426 0.894918
vt 0.050169 0.874082
vt 0.055419 0.901822
vt 0.051728 0.905897
vt 0.044469 0.913517
vt 0.044356 0.853811
vt 0.046753 0.838259
vt 0.063219 0.833826
vt 0.063553 0.852258
vt 0.046748 0.869548
vt 0.063802 0.865970
vt 0.082794 0.853114
vt 0.080974 0.868927
vt 0.079835 0.837659
vt 0.064799 0.920961
vt 0.064613 0.910672
vt 0.077316 0.905432
vt 0.084846 0.912785
vt 0.064513 0.905200
vt 0.073479 0.901495
vt 0.077271 0.892912
vt 0.082554 0.893174
vt 0.094208 0.893834
vt 0.080359 0.882982
vt 0.084999 0.875968
vt 0.075593 0.885738
vt 0.073825 0.892731
vt 0.072931 0.886543
vt 0.071649 0.899644
vt 0.070318 0.892525
vt 0.068954 0.897693
vt 0.069783 0.886908
vt 0.068911 0.892416
vt 0.067947 0.896664
vt 0.068655 0.888164
vt 0.064287 0.892697
vt 0.064202 0.888063
vt 0.064377 0.897665
vt 0.064176 0.886597
vt 0.059655 0.892584
vt 0.059756 0.888325
vt 0.058584 0.887111
vt 0.071657 0.884688
vt 0.058253 0.892744
vt 0.060772 0.896794
vt 0.059803 0.897859
vt 0.057181 0.899907
vt 0.064404 0.899146
vt 0.064449 0.901684
vt 0.073624 0.883280
vt 0.077717 0.879199
vt 0.063881 0.870352
vt 0.077720 0.873582
vt 0.484710 0.885571
vt 0.477196 0.884354
vt 0.477196 0.881298
vt 0.486703 0.884200
vt 0.485950 0.887449
vt 0.477196 0.886861
vt 0.488626 0.886692
vt 0.490869 0.880194
vt 0.493442 0.884023
vt 0.477196 0.875682
vt 0.490173 0.893896
vt 0.486732 0.893653
vt 0.495451 0.894254
vt 0.498208 0.877095
vt 0.507091 0.895125
vt 0.490974 0.874578
vt 0.486227 0.902409
vt 0.489991 0.906415
vt 0.497387 0.913904
vt 0.496419 0.854205
vt 0.477197 0.852999
vt 0.477197 0.834564
vt 0.493741 0.838698
vt 0.494312 0.869982
vt 0.477196 0.866714
vt 0.460081 0.869981
vt 0.457974 0.854203
vt 0.460654 0.838697
vt 0.477194 0.921714
vt 0.457003 0.913902
vt 0.464399 0.906414
vt 0.477195 0.911423
vt 0.477195 0.905950
vt 0.468163 0.902408
vt 0.458939 0.894253
vt 0.464217 0.893895
vt 0.447299 0.895123
vt 0.456184 0.877093
vt 0.460950 0.884022
vt 0.465765 0.886692
vt 0.468441 0.887448
vt 0.467659 0.893652
vt 0.469960 0.900525
vt 0.471162 0.893383
vt 0.472619 0.898525
vt 0.471595 0.887757
vt 0.472566 0.893248
vt 0.473607 0.897477
vt 0.472745 0.888992
vt 0.477196 0.893445
vt 0.477196 0.888811
vt 0.477195 0.898414
vt 0.477196 0.887344
vt 0.481825 0.893248
vt 0.481646 0.888992
vt 0.482796 0.887757
vt 0.469681 0.885570
vt 0.483229 0.893383
vt 0.480784 0.897478
vt 0.481771 0.898526
vt 0.484431 0.900525
vt 0.477195 0.899895
vt 0.477195 0.902433
vt 0.467689 0.884199
vt 0.463522 0.880193
vt 0.463418 0.874577
vt 0.477196 0.871097
vn 0.6842 -0.2755 0.6752
vn 0.8567 -0.4976 0.1355
vn 1.0000 0.0000 0.0000
vn 0.7071 0.0000 0.7071
vn 0.2015 -0.5102 0.8361
vn 0.0000 0.0000 1.0000
vn 0.3515 -0.8960 0.2713
vn 0.8284 -0.5014 -0.2495
vn 0.3513 -0.8655 -0.3569
vn -0.0427 -0.4862 0.8728
vn -0.0720 -0.9486 0.3081
vn -0.0704 -0.9242 -0.3753
vn 0.2337 -0.4465 -0.8637
vn -0.0409 -0.4368 -0.8986
vn 0.7381 -0.2434 -0.6293
vn -0.6770 -0.6637 0.3182
vn -0.6637 -0.6457 -0.3775
vn -0.3606 -0.3586 -0.8610
vn -0.4491 0.0000 -0.8935
vn -0.0215 0.0000 -0.9998
vn 0.1507 0.0000 -0.9886
vn -0.0409 0.4368 -0.8986
vn 0.2337 0.4465 -0.8637
vn -0.3606 0.3586 -0.8610
vn -0.9246 0.0000 -0.3808
vn -0.6637 0.6457 -0.3775
vn -0.9568 0.0000 0.2906
vn -0.6770 0.6637 0.3182
vn -0.0720 0.9486 0.3081
vn -0.0704 0.9242 -0.3753
vn 0.3513 0.8655 -0.3569
vn 0.3515 0.8960 0.2713
vn -0.0427 0.4862 0.8728
vn 0.2015 0.5102 0.8361
vn -0.3936 0.3805 0.8368
vn 0.0344 -0.4269 0.9037
vn 0.1906 -0.1939 0.9623
vn -0.1453 -0.1361 0.9800
vn 0.0385 -0.4799 0.8765
vn 0.3482 -0.3806 0.8567
vn -0.3510 -0.3643 0.8626
vn -0.4357 0.0000 0.9001
vn 0.4805 0.0000 0.8770
vn 0.0385 0.4799 0.8765
vn -0.3510 0.3643 0.8626
vn -0.1453 0.1361 0.9800
vn 0.6842 0.2755 0.6752
vn 0.0344 0.4269 0.9037
vn 0.3482 0.3806 0.8566
vn 0.1906 0.1939 0.9623
vn -0.3936 -0.3805 0.8368
vn 0.3748 0.0000 0.9271
vn -0.5136 0.0000 0.8580
vn 0.8567 0.4976 0.1355
vn 0.8284 0.5014 -0.2495
vn 0.7401 0.0000 -0.6724
vn 0.7381 0.2434 -0.6293
vn -0.6842 -0.2755 0.6752
vn -0.7071 0.0000 0.7071
vn -1.0000 0.0000 0.0000
vn -0.8567 -0.4976 0.1355
vn -0.2015 -0.5102 0.8361
vn -0.3515 -0.8960 0.2713
vn -0.8284 -0.5014 -0.2495
vn -0.3513 -0.8655 -0.3569
vn 0.0720 -0.9486 0.3081
vn 0.0427 -0.4862 0.8728
vn 0.0704 -0.9242 -0.3753
vn -0.2337 -0.4465 -0.8637
vn 0.0409 -0.4368 -0.8986
vn -0.7381 -0.2434 -0.6293
vn 0.6770 -0.6637 0.3182
vn 0.6637 -0.6457 -0.3775
vn 0.3606 -0.3586 -0.8610
vn 0.0215 0.0000 -0.9998
vn 0.4491 0.0000 -0.8935
vn -0.1507 0.0000 -0.9886
vn -0.2337 0.4465 -0.8637
vn 0.0409 0.4368 -0.8986
vn 0.3606 0.3586 -0.8610
vn 0.6637 0.6457 -0.3775
vn 0.9246 0.0000 -0.3808
vn 0.9568 0.0000 0.2906
vn 0.6770 0.6637 0.3182
vn 0.0704 0.9242 -0.3753
vn 0.0720 0.9486 0.3081
vn -0.3513 0.8655 -0.3569
vn -0.3515 0.8960 0.2713
vn -0.2015 0.5102 0.8361
vn 0.0427 0.4862 0.8728
vn 0.3936 0.3805 0.8368
vn -0.0344 -0.4269 0.9037
vn -0.1906 -0.1939 0.9623
vn 0.1453 -0.1361 0.9800
vn -0.0385 -0.4799 0.8765
vn -0.3482 -0.3806 0.8567
vn 0.3510 -0.3643 0.8625
vn 0.4357 0.0000 0.9001
vn -0.4805 0.0000 0.8770
vn -0.0385 0.4799 0.8765
vn 0.3510 0.3643 0.8626
vn 0.1453 0.1361 0.9800
vn -0.6842 0.2755 0.6752
vn -0.0344 0.4269 0.9037
vn -0.3482 0.3806 0.8566
vn -0.1906 0.1939 0.9623
vn 0.3936 -0.3805 0.8368
vn -0.3748 0.0000 0.9271
vn 0.5136 0.0000 0.8580
vn -0.8567 0.4976 0.1355
vn -0.8284 0.5014 -0.2495
vn -0.7381 0.2434 -0.6293
vn -0.7401 0.0000 -0.6724
usemtl Skin
s 1
f 2236/2703/2130 2239/2704/2131 2241/2705/2132 2237/2706/2133
f 2238/2707/2134 2236/2703/2130 2237/2706/2133 2277/2708/2135
f 2239/2704/2131 2236/2703/2130 2238/2707/2134 2242/2709/2136
f 2240/2710/2137 2239/2704/2131 2242/2709/2136 2244/2711/2138
f 2239/2704/2131 2240/2710/2137 2291/2712/2132 2241/2705/2132
f 2242/2709/2136 2238/2707/2134 2280/2713/2139 2243/2714/2140
f 2244/2711/2138 2242/2709/2136 2243/2714/2140 2246/2715/2141
f 2245/2716/2142 2244/2711/2138 2246/2715/2141 2248/2717/2143
f 2295/2718/2144 2240/2710/2137 2244/2711/2138 2245/2716/2142
f 2287/2719/2145 2247/2720/2146 2246/2715/2141 2243/2714/2140
f 2248/2717/2143 2246/2715/2141 2247/2720/2146 2249/2721/2147
f 2248/2722/2143 2249/2723/2147 2253/2724/2148 2250/2725/2149
f 2245/2726/2142 2248/2722/2143 2250/2725/2149 2251/2727/2150
f 2251/2727/2150 2250/2725/2149 2252/2728/2151 2294/2729/2152
f 2250/2725/2149 2253/2724/2148 2254/2730/2153 2252/2728/2151
f 2253/2731/2148 2255/2732/2154 2257/2733/2155 2254/2734/2153
f 2249/2721/2147 2247/2720/2146 2255/2732/2154 2253/2731/2148
f 2247/2720/2146 2287/2719/2145 2256/2735/2156 2255/2732/2154
f 2258/2736/2157 2257/2733/2155 2255/2732/2154 2256/2735/2156
f 2257/2733/2155 2258/2736/2157 2261/2737/2158 2259/2738/2159
f 2254/2734/2153 2257/2733/2155 2259/2738/2159 2252/2739/2151
f 2252/2739/2151 2259/2738/2159 2260/2740/2160 2294/2741/2152
f 2262/2742/2161 2260/2740/2160 2259/2738/2159 2261/2737/2158
f 2261/2737/2158 2263/2743/2162 2265/2744/2163 2262/2742/2161
f 2258/2736/2157 2264/2745/2164 2263/2743/2162 2261/2737/2158
f 2266/2746/2165 2263/2743/2162 2264/2745/2164 2267/2747/2166
f 2268/2748/2167 2265/2744/2163 2263/2743/2162 2266/2746/2165
f 2269/2749/2168 2266/2746/2165 2267/2747/2166 2271/2750/2169
f 2272/2751/2170 2268/2748/2167 2266/2746/2165 2269/2749/2168
f 2270/2752/2135 2273/2753/2171 2272/2751/2170 2269/2749/2168
f 2283/2754/2172 2270/2752/2135 2269/2749/2168 2271/2750/2169
f 2273/2753/2171 2275/2755/2171 2268/2748/2167 2272/2751/2170
f 2281/2756/2173 2274/2757/2174 2273/2753/2171 2270/2752/2135
f 2274/2757/2174 2276/2758/2175 2275/2755/2171 2273/2753/2171
f 2275/2755/2171 2277/2708/2135 2265/2744/2163 2268/2748/2167
f 2276/2758/2175 2238/2707/2134 2277/2708/2135 2275/2755/2171
f 2277/2708/2135 2237/2706/2133 2288/2759/2176 2265/2744/2163
f 2281/2756/2173 2278/2760/2177 2276/2758/2175 2274/2757/2174
f 2278/2760/2177 2280/2713/2139 2238/2707/2134 2276/2758/2175
f 2282/2761/2178 2279/2762/2179 2278/2760/2177 2281/2756/2173
f 2279/2762/2179 2286/2763/2180 2280/2713/2139 2278/2760/2177
f 2282/2761/2178 2281/2756/2173 2270/2752/2135 2283/2754/2172
f 2283/2754/2172 2284/2764/2181 2279/2762/2179 2282/2761/2178
f 2271/2750/2169 2267/2747/2166 2284/2764/2181 2283/2754/2172
f 2267/2747/2166 2264/2745/2164 2285/2765/2182 2284/2764/2181
f 2284/2764/2181 2285/2765/2182 2286/2763/2180 2279/2762/2179
f 2256/2735/2156 2285/2765/2182 2264/2745/2164 2258/2736/2157
f 2287/2719/2145 2286/2763/2180 2285/2765/2182 2256/2735/2156
f 2243/2714/2140 2280/2713/2139 2286/2763/2180 2287/2719/2145
f 2262/2742/2161 2265/2744/2163 2288/2759/2176 2289/2766/2183
f 2237/2706/2133 2241/2705/2132 2289/2766/2183 2288/2759/2176
f 2289/2766/2183 2290/2767/2184 2260/2740/2160 2262/2742/2161
f 2290/2767/2184 2289/2766/2183 2241/2705/2132 2291/2712/2132
f 2291/2712/2132 2293/2768/2185 2292/2769/2186 2290/2767/2184
f 2294/2741/2152 2260/2740/2160 2290/2767/2184 2292/2769/2186
f 2293/2768/2185 2251/2727/2150 2294/2729/2152 2292/2769/2186
f 2295/2718/2144 2245/2726/2142 2251/2727/2150 2293/2768/2185
f 2240/2710/2137 2295/2718/2144 2293/2768/2185 2291/2712/2132
f 2296/2770/2187 2297/2771/2188 2301/2772/2189 2299/2773/2190
f 2298/2774/2191 2337/2775/2135 2297/2771/2188 2296/2770/2187
f 2299/2773/2190 2302/2776/2192 2298/2774/2191 2296/2770/2187
f 2300/2777/2193 2304/2778/2194 2302/2776/2192 2299/2773/2190
f 2299/2773/2190 2301/2772/2189 2351/2779/2189 2300/2777/2193
f 2302/2776/2192 2303/2780/2195 2340/2781/2196 2298/2774/2191
f 2304/2778/2194 2306/2782/2197 2303/2780/2195 2302/2776/2192
f 2305/2783/2198 2308/2784/2199 2306/2782/2197 2304/2778/2194
f 2355/2785/2200 2305/2783/2198 2304/2778/2194 2300/2777/2193
f 2347/2786/2201 2303/2780/2195 2306/2782/2197 2307/2787/2202
f 2308/2784/2199 2309/2788/2203 2307/2787/2202 2306/2782/2197
f 2308/2789/2199 2310/2790/2204 2313/2791/2205 2309/2792/2203
f 2305/2793/2198 2311/2794/2206 2310/2790/2204 2308/2789/2199
f 2311/2794/2206 2354/2795/2207 2312/2796/2208 2310/2790/2204
f 2310/2790/2204 2312/2796/2208 2314/2797/2209 2313/2791/2205
f 2313/2798/2205 2314/2799/2209 2317/2800/2210 2315/2801/2211
f 2309/2788/2203 2313/2798/2205 2315/2801/2211 2307/2787/2202
f 2307/2787/2202 2315/2801/2211 2316/2802/2212 2347/2786/2201
f 2318/2803/2213 2316/2802/2212 2315/2801/2211 2317/2800/2210
f 2317/2800/2210 2319/2804/2214 2321/2805/2215 2318/2803/2213
f 2314/2799/2209 2312/2806/2208 2319/2804/2214 2317/2800/2210
f 2312/2806/2208 2354/2807/2207 2320/2808/2216 2319/2804/2214
f 2322/2809/2217 2321/2805/2215 2319/2804/2214 2320/2808/2216
f 2321/2805/2215 2322/2809/2217 2325/2810/2218 2323/2811/2219
f 2318/2803/2213 2321/2805/2215 2323/2811/2219 2324/2812/2220
f 2326/2813/2221 2327/2814/2222 2324/2812/2220 2323/2811/2219
f 2328/2815/2223 2326/2813/2221 2323/2811/2219 2325/2810/2218
f 2329/2816/2224 2331/2817/2225 2327/2814/2222 2326/2813/2221
f 2332/2818/2226 2329/2816/2224 2326/2813/2221 2328/2815/2223
f 2330/2819/2135 2329/2816/2224 2332/2818/2226 2333/2820/2227
f 2343/2821/2228 2331/2817/2225 2329/2816/2224 2330/2819/2135
f 2333/2820/2227 2332/2818/2226 2328/2815/2223 2335/2822/2227
f 2341/2823/2229 2330/2819/2135 2333/2820/2227 2334/2824/2230
f 2334/2824/2230 2333/2820/2227 2335/2822/2227 2336/2825/2231
f 2335/2822/2227 2328/2815/2223 2325/2810/2218 2337/2775/2135
f 2336/2825/2231 2335/2822/2227 2337/2775/2135 2298/2774/2191
f 2337/2775/2135 2325/2810/2218 2348/2826/2232 2297/2771/2188
f 2341/2823/2229 2334/2824/2230 2336/2825/2231 2338/2827/2233
f 2338/2827/2233 2336/2825/2231 2298/2774/2191 2340/2781/2196
f 2342/2828/2234 2341/2823/2229 2338/2827/2233 2339/2829/2235
f 2339/2829/2235 2338/2827/2233 2340/2781/2196 2346/2830/2236
f 2342/2828/2234 2343/2821/2228 2330/2819/2135 2341/2823/2229
f 2343/2821/2228 2342/2828/2234 2339/2829/2235 2344/2831/2237
f 2331/2817/2225 2343/2821/2228 2344/2831/2237 2327/2814/2222
f 2327/2814/2222 2344/2831/2237 2345/2832/2238 2324/2812/2220
f 2344/2831/2237 2339/2829/2235 2346/2830/2236 2345/2832/2238
f 2316/2802/2212 2318/2803/2213 2324/2812/2220 2345/2832/2238
f 2347/2786/2201 2316/2802/2212 2345/2832/2238 2346/2830/2236
f 2303/2780/2195 2347/2786/2201 2346/2830/2236 2340/2781/2196
f 2322/2809/2217 2349/2833/2239 2348/2826/2232 2325/2810/2218
f 2297/2771/2188 2348/2826/2232 2349/2833/2239 2301/2772/2189
f 2349/2833/2239 2322/2809/2217 2320/2808/2216 2350/2834/2240
f 2350/2834/2240 2351/2779/2189 2301/2772/2189 2349/2833/2239
f 2351/2779/2189 2350/2834/2240 2352/2835/2241 2353/2836/2242
f 2354/2807/2207 2352/2835/2241 2350/2834/2240 2320/2808/2216
f 2353/2836/2242 2352/2835/2241 2354/2795/2207 2311/2794/2206
f 2355/2785/2200 2353/2836/2242 2311/2794/2206 2305/2793/2198
f 2300/2777/2193 2351/2779/2189 2353/2836/2242 2355/2785/2200
o Char_Eye_L_Black_Cube.010
v 0.029206 1.536880 0.102451
v 0.030877 1.537937 0.103636
v 0.030201 1.530730 0.100277
v 0.022946 1.538309 0.103837
v 0.016637 1.536880 0.104979
v 0.022438 1.530870 0.101313
v 0.023369 1.540796 0.105939
v 0.015554 1.537937 0.106718
v 0.023485 1.537566 0.106518
v 0.017079 1.536271 0.107178
v 0.029648 1.536270 0.104650
v 0.023181 1.529847 0.105004
v 0.015418 1.529987 0.106040
v 0.022673 1.522409 0.102480
v 0.030740 1.529987 0.102958
v 0.028982 1.523838 0.101338
v 0.033361 1.530359 0.101036
v 0.030065 1.522780 0.099599
v 0.028540 1.524447 0.099139
v 0.022250 1.519922 0.100378
v 0.014742 1.522780 0.102681
v 0.022134 1.523152 0.099800
v 0.015971 1.524447 0.101667
v 0.014879 1.530730 0.103359
v 0.012258 1.530359 0.105281
v 0.016413 1.523838 0.103866
vt 0.419267 0.761836
vt 0.404453 0.768425
vt 0.404453 0.709242
vt 0.426178 0.717635
vt 0.456423 0.786398
vt 0.447996 0.808211
vt 0.475610 0.736731
vt 0.500440 0.793196
vt 0.525041 0.755828
vt 0.506977 0.808032
vt 0.419267 0.878842
vt 0.404453 0.872253
vt 0.447996 0.832468
vt 0.456422 0.854281
vt 0.506977 0.832647
vt 0.500440 0.847483
vt 0.525042 0.884852
vt 0.475610 0.903948
vt 0.426178 0.923044
vt 0.531952 0.929053
vt 0.494796 0.953613
vt 0.450778 0.960412
vt 0.404453 0.931437
vt 0.444242 0.975249
vt 0.444242 0.665429
vt 0.450778 0.680267
vt 0.503224 0.665251
vt 0.494797 0.687065
vt 0.503223 0.975427
vt 0.546766 0.935642
vt 0.546766 0.705037
vt 0.531952 0.711626
vt 0.546766 0.764220
vt 0.546766 0.876460
vn 0.0663 0.4753 -0.8773
vn 0.7303 0.6818 0.0421
vn 0.9803 0.0000 -0.1972
vn 0.1099 0.2503 -0.9619
vn -0.1664 0.5365 -0.8273
vn 0.0517 0.9650 0.2571
vn -0.1903 0.2622 -0.9460
vn -0.4003 0.4754 -0.7834
vn -0.4732 0.2503 -0.8446
vn -0.6572 0.6818 0.3212
vn 0.4248 -0.0187 0.9051
vn 0.1971 0.0356 0.9797
vn -0.0418 -0.0187 0.9989
vn -0.1098 -0.2503 0.9619
vn 0.1903 -0.2622 0.9460
vn 0.4732 -0.2503 0.8446
vn -0.0663 -0.4753 0.8773
vn 0.1664 -0.5365 0.8273
vn 0.4003 -0.4753 0.7834
vn 0.6572 -0.6818 -0.3212
vn 0.0418 0.0187 -0.9989
vn -0.0517 -0.9650 -0.2571
vn -0.1971 -0.0356 -0.9797
vn -0.7303 -0.6818 -0.0421
vn -0.4248 0.0187 -0.9051
vn -0.9803 0.0000 0.1972
usemtl Eye+Mouth
s 1
f 2356/2837/2243 2357/2838/2244 2372/2839/2245 2358/2840/2246
f 2357/2838/2244 2356/2837/2243 2359/2841/2247 2362/2842/2248
f 2359/2841/2247 2356/2837/2243 2358/2840/2246 2361/2843/2249
f 2360/2844/2250 2359/2841/2247 2361/2843/2249 2379/2845/2251
f 2362/2842/2248 2359/2841/2247 2360/2844/2250 2363/2846/2252
f 2366/2847/2253 2357/2848/2244 2362/2849/2248 2364/2850/2254
f 2364/2850/2254 2362/2849/2248 2363/2851/2252 2365/2852/2255
f 2364/2850/2254 2365/2852/2255 2368/2853/2256 2367/2854/2257
f 2366/2847/2253 2364/2850/2254 2367/2854/2257 2370/2855/2258
f 2367/2854/2257 2368/2853/2256 2381/2856/2259 2369/2857/2260
f 2370/2855/2258 2367/2854/2257 2369/2857/2260 2371/2858/2261
f 2372/2859/2245 2370/2855/2258 2371/2858/2261 2373/2860/2262
f 2357/2848/2244 2366/2847/2253 2370/2855/2258 2372/2859/2245
f 2358/2840/2246 2372/2839/2245 2373/2861/2262 2374/2862/2263
f 2375/2863/2264 2377/2864/2265 2374/2862/2263 2373/2861/2262
f 2369/2857/2260 2375/2865/2264 2373/2860/2262 2371/2858/2261
f 2381/2856/2259 2376/2866/2266 2375/2865/2264 2369/2857/2260
f 2376/2867/2266 2378/2868/2267 2377/2864/2265 2375/2863/2264
f 2379/2845/2251 2361/2843/2249 2377/2864/2265 2378/2868/2267
f 2361/2843/2249 2358/2840/2246 2374/2862/2263 2377/2864/2265
f 2380/2869/2268 2379/2845/2251 2378/2868/2267 2376/2867/2266
f 2363/2846/2252 2360/2844/2250 2379/2845/2251 2380/2869/2268
f 2365/2852/2255 2363/2851/2252 2380/2870/2268 2368/2853/2256
f 2368/2853/2256 2380/2870/2268 2376/2866/2266 2381/2856/2259
o Char_Eye_L_White_Cube.007
v 0.037832 1.545010 0.091324
v 0.041944 1.546400 0.095816
v 0.039338 1.533118 0.086406
v 0.025594 1.547958 0.094396
v 0.013519 1.545010 0.098057
v 0.023941 1.533705 0.088426
v 0.027530 1.551998 0.101387
v 0.012303 1.546400 0.104025
v 0.028654 1.544842 0.105445
v 0.016029 1.542455 0.107120
v 0.040342 1.542455 0.100387
v 0.028155 1.529415 0.103643
v 0.012757 1.530002 0.105663
v 0.026501 1.515162 0.097672
v 0.042398 1.530002 0.097454
v 0.038576 1.518110 0.094011
v 0.046458 1.531560 0.090382
v 0.039792 1.516720 0.088044
v 0.036066 1.520665 0.084949
v 0.024565 1.511122 0.090682
v 0.010151 1.516720 0.096252
v 0.023441 1.518278 0.086624
v 0.011753 1.520665 0.091682
v 0.009697 1.533118 0.094614
v 0.005637 1.531560 0.101687
v 0.014263 1.518110 0.100745
vt 0.597469 0.553763
vt 0.639672 0.535917
vt 0.710936 0.582759
vt 0.687317 0.640993
vt 0.597468 0.428539
vt 0.655703 0.452157
vt 0.748621 0.489843
vt 0.794696 0.598790
vt 0.812543 0.640993
vt 0.841537 0.527527
vt 0.468134 0.598789
vt 0.485983 0.640993
vt 0.360756 0.640994
vt 0.384374 0.582759
vt 0.270907 0.553765
vt 0.313110 0.535917
vt 0.329142 0.452157
vt 0.422060 0.489842
vt 0.514977 0.527526
vt 0.375985 0.380894
vt 0.459743 0.396926
vt 0.531007 0.443767
vt 0.573211 0.551145
vt 0.573211 0.425920
vt 0.684697 0.338690
vt 0.702545 0.380893
vt 0.809923 0.338690
vt 0.786306 0.396923
vt 0.483363 0.338690
vt 0.899772 0.425919
vt 0.857569 0.443767
vt 0.358135 0.338690
vt 0.899772 0.551145
vt 0.270907 0.428538
vn 0.7309 0.6824 -0.0100
vn 0.2026 0.6031 -0.7715
vn -0.1884 0.7083 -0.6803
vn 0.0700 0.9650 0.2527
vn 0.9637 0.0000 -0.2669
vn 0.2571 0.2273 -0.9392
vn -0.2575 0.2622 -0.9300
vn -0.5706 0.6031 -0.5574
vn -0.6319 0.6824 0.3674
vn -0.7036 0.2273 -0.6732
vn 0.6268 0.1712 0.7601
vn 0.2582 0.2537 0.9322
vn -0.1465 0.1712 0.9743
vn -0.2571 -0.2273 0.9392
vn 0.2575 -0.2622 0.9300
vn 0.7036 -0.2273 0.6732
vn -0.2026 -0.6031 0.7715
vn 0.1884 -0.7083 0.6803
vn 0.5706 -0.6031 0.5574
vn 0.6320 -0.6823 -0.3674
vn 0.1465 -0.1712 -0.9743
vn -0.0700 -0.9650 -0.2527
vn -0.2581 -0.2537 -0.9322
vn -0.7309 -0.6823 0.0100
vn -0.6268 -0.1712 -0.7601
vn -0.9637 0.0000 0.2669
usemtl Eye+Mouth
s 1
f 2383/2871/2269 2382/2872/2270 2385/2873/2271 2388/2874/2272
f 2382/2872/2270 2383/2871/2269 2398/2875/2273 2384/2876/2274
f 2385/2873/2271 2382/2872/2270 2384/2876/2274 2387/2877/2275
f 2388/2874/2272 2385/2873/2271 2386/2878/2276 2389/2879/2277
f 2386/2878/2276 2385/2873/2271 2387/2877/2275 2405/2880/2278
f 2392/2881/2279 2383/2882/2269 2388/2883/2272 2390/2884/2280
f 2390/2884/2280 2388/2883/2272 2389/2885/2277 2391/2886/2281
f 2390/2884/2280 2391/2886/2281 2394/2887/2282 2393/2888/2283
f 2392/2881/2279 2390/2884/2280 2393/2888/2283 2396/2889/2284
f 2393/2888/2283 2394/2887/2282 2407/2890/2285 2395/2891/2286
f 2396/2889/2284 2393/2888/2283 2395/2891/2286 2397/2892/2287
f 2398/2893/2273 2396/2889/2284 2397/2892/2287 2399/2894/2288
f 2383/2882/2269 2392/2881/2279 2396/2889/2284 2398/2893/2273
f 2384/2876/2274 2398/2875/2273 2399/2895/2288 2400/2896/2289
f 2401/2897/2290 2403/2898/2291 2400/2896/2289 2399/2895/2288
f 2395/2891/2286 2401/2899/2290 2399/2894/2288 2397/2892/2287
f 2402/2900/2292 2404/2901/2293 2403/2898/2291 2401/2897/2290
f 2407/2890/2285 2402/2902/2292 2401/2899/2290 2395/2891/2286
f 2405/2880/2278 2387/2877/2275 2403/2898/2291 2404/2901/2293
f 2387/2877/2275 2384/2876/2274 2400/2896/2289 2403/2898/2291
f 2406/2903/2294 2405/2880/2278 2404/2901/2293 2402/2900/2292
f 2389/2879/2277 2386/2878/2276 2405/2880/2278 2406/2903/2294
f 2391/2886/2281 2389/2885/2277 2406/2904/2294 2394/2887/2282
f 2394/2887/2282 2406/2904/2294 2402/2902/2292 2407/2890/2285
o Char_Eye_R_Black_Cube.006
v -0.029205 1.536880 0.102451
v -0.030876 1.537937 0.103636
v -0.030201 1.530730 0.100277
v -0.022945 1.538309 0.103837
v -0.016637 1.536880 0.104979
v -0.022438 1.530870 0.101313
v -0.023368 1.540796 0.105939
v -0.015554 1.537937 0.106718
v -0.023484 1.537566 0.106518
v -0.017079 1.536271 0.107178
v -0.029647 1.536270 0.104650
v -0.023180 1.529847 0.105004
v -0.015417 1.529987 0.106040
v -0.022672 1.522409 0.102480
v -0.030740 1.529987 0.102958
v -0.028981 1.523838 0.101338
v -0.033360 1.530359 0.101036
v -0.030064 1.522780 0.099599
v -0.028539 1.524447 0.099139
v -0.022250 1.519922 0.100378
v -0.014741 1.522780 0.102681
v -0.022133 1.523152 0.099800
v -0.015970 1.524447 0.101667
v -0.014878 1.530730 0.103359
v -0.012257 1.530359 0.105281
v -0.016413 1.523838 0.103866
vt 0.419267 0.761836
vt 0.426178 0.717635
vt 0.404453 0.709242
vt 0.404453 0.768425
vt 0.447996 0.808211
vt 0.456423 0.786398
vt 0.475610 0.736731
vt 0.500440 0.793196
vt 0.525041 0.755828
vt 0.506977 0.808032
vt 0.419267 0.878842
vt 0.456422 0.854281
vt 0.447996 0.832468
vt 0.404453 0.872253
vt 0.500440 0.847483
vt 0.506977 0.832647
vt 0.475610 0.903948
vt 0.525042 0.884852
vt 0.426178 0.923044
vt 0.494796 0.953613
vt 0.531952 0.929053
vt 0.450778 0.960412
vt 0.404453 0.931437
vt 0.444242 0.975249
vt 0.450778 0.680267
vt 0.444242 0.665429
vt 0.503224 0.665251
vt 0.494797 0.687065
vt 0.503223 0.975427
vt 0.546766 0.935642
vt 0.546766 0.705037
vt 0.531952 0.711626
vt 0.546766 0.764220
vt 0.546766 0.876460
vn -0.0663 0.4753 -0.8773
vn -0.1099 0.2503 -0.9619
vn -0.9803 0.0000 -0.1972
vn -0.7303 0.6818 0.0421
vn -0.0517 0.9650 0.2571
vn 0.1664 0.5365 -0.8273
vn 0.1903 0.2622 -0.9460
vn 0.4003 0.4754 -0.7834
vn 0.4732 0.2503 -0.8446
vn 0.6572 0.6818 0.3212
vn -0.4248 -0.0187 0.9051
vn -0.1971 0.0356 0.9797
vn 0.0418 -0.0187 0.9989
vn -0.1903 -0.2622 0.9460
vn 0.1098 -0.2503 0.9619
vn -0.4732 -0.2503 0.8446
vn -0.1664 -0.5365 0.8273
vn 0.0663 -0.4753 0.8773
vn -0.4003 -0.4753 0.7834
vn -0.6572 -0.6818 -0.3212
vn -0.0418 0.0187 -0.9989
vn 0.0517 -0.9650 -0.2571
vn 0.1971 -0.0356 -0.9797
vn 0.7303 -0.6818 -0.0421
vn 0.4248 0.0187 -0.9051
vn 0.9803 0.0000 0.1972
usemtl Eye+Mouth
s 1
f 2408/2905/2295 2410/2906/2296 2424/2907/2297 2409/2908/2298
f 2409/2908/2298 2414/2909/2299 2411/2910/2300 2408/2905/2295
f 2411/2910/2300 2413/2911/2301 2410/2906/2296 2408/2905/2295
f 2412/2912/2302 2431/2913/2303 2413/2911/2301 2411/2910/2300
f 2414/2909/2299 2415/2914/2304 2412/2912/2302 2411/2910/2300
f 2418/2915/2305 2416/2916/2306 2414/2917/2299 2409/2918/2298
f 2416/2916/2306 2417/2919/2307 2415/2920/2304 2414/2917/2299
f 2416/2916/2306 2419/2921/2308 2420/2922/2309 2417/2919/2307
f 2418/2915/2305 2422/2923/2310 2419/2921/2308 2416/2916/2306
f 2419/2921/2308 2421/2924/2311 2433/2925/2312 2420/2922/2309
f 2422/2923/2310 2423/2926/2313 2421/2924/2311 2419/2921/2308
f 2424/2927/2297 2425/2928/2314 2423/2926/2313 2422/2923/2310
f 2409/2918/2298 2424/2927/2297 2422/2923/2310 2418/2915/2305
f 2410/2906/2296 2426/2929/2315 2425/2930/2314 2424/2907/2297
f 2427/2931/2316 2425/2930/2314 2426/2929/2315 2429/2932/2317
f 2421/2924/2311 2423/2926/2313 2425/2928/2314 2427/2933/2316
f 2433/2925/2312 2421/2924/2311 2427/2933/2316 2428/2934/2318
f 2428/2935/2318 2427/2931/2316 2429/2932/2317 2430/2936/2319
f 2431/2913/2303 2430/2936/2319 2429/2932/2317 2413/2911/2301
f 2413/2911/2301 2429/2932/2317 2426/2929/2315 2410/2906/2296
f 2432/2937/2320 2428/2935/2318 2430/2936/2319 2431/2913/2303
f 2415/2914/2304 2432/2937/2320 2431/2913/2303 2412/2912/2302
f 2417/2919/2307 2420/2922/2309 2432/2938/2320 2415/2920/2304
f 2420/2922/2309 2433/2925/2312 2428/2934/2318 2432/2938/2320
o Char_Eye_R_White_Cube.004
v -0.037831 1.545010 0.091324
v -0.041943 1.546400 0.095816
v -0.039337 1.533118 0.086406
v -0.025593 1.547958 0.094396
v -0.013518 1.545010 0.098057
v -0.023940 1.533705 0.088426
v -0.027529 1.551998 0.101387
v -0.012303 1.546400 0.104025
v -0.028653 1.544842 0.105445
v -0.016028 1.542455 0.107120
v -0.040341 1.542455 0.100387
v -0.028154 1.529415 0.103643
v -0.012756 1.530002 0.105663
v -0.026500 1.515162 0.097672
v -0.042397 1.530002 0.097454
v -0.038575 1.518110 0.094011
v -0.046458 1.531560 0.090382
v -0.039791 1.516720 0.088044
v -0.036066 1.520665 0.084949
v -0.024565 1.511122 0.090682
v -0.010150 1.516720 0.096252
v -0.023441 1.518278 0.086624
v -0.011753 1.520665 0.091682
v -0.009697 1.533118 0.094614
v -0.005636 1.531560 0.101687
v -0.014262 1.518110 0.100745
vt 0.597469 0.553763
vt 0.687317 0.640993
vt 0.710936 0.582759
vt 0.639672 0.535917
vt 0.655703 0.452157
vt 0.597468 0.428539
vt 0.748621 0.489843
vt 0.812543 0.640993
vt 0.794696 0.598790
vt 0.841537 0.527527
vt 0.468134 0.598789
vt 0.384374 0.582759
vt 0.360756 0.640994
vt 0.485983 0.640993
vt 0.313110 0.535917
vt 0.270907 0.553765
vt 0.422060 0.489842
vt 0.329142 0.452157
vt 0.514977 0.527526
vt 0.459743 0.396926
vt 0.375985 0.380894
vt 0.531007 0.443767
vt 0.573211 0.551145
vt 0.573211 0.425920
vt 0.702545 0.380893
vt 0.684697 0.338690
vt 0.809923 0.338690
vt 0.786306 0.396923
vt 0.483363 0.338690
vt 0.899772 0.425919
vt 0.857569 0.443767
vt 0.358135 0.338690
vt 0.899772 0.551145
vt 0.270907 0.428538
vn -0.7309 0.6824 -0.0100
vn -0.0700 0.9650 0.2527
vn 0.1884 0.7083 -0.6803
vn -0.2026 0.6031 -0.7715
vn -0.2571 0.2273 -0.9392
vn -0.9637 0.0000 -0.2669
vn 0.2575 0.2622 -0.9300
vn 0.6319 0.6824 0.3674
vn 0.5706 0.6031 -0.5574
vn 0.7036 0.2273 -0.6732
vn -0.6268 0.1712 0.7601
vn -0.2582 0.2537 0.9322
vn 0.1465 0.1712 0.9743
vn -0.2575 -0.2622 0.9300
vn 0.2571 -0.2273 0.9392
vn -0.7036 -0.2273 0.6732
vn -0.1884 -0.7083 0.6803
vn 0.2026 -0.6031 0.7715
vn -0.5706 -0.6031 0.5574
vn -0.6320 -0.6823 -0.3674
vn -0.1465 -0.1712 -0.9743
vn 0.0700 -0.9650 -0.2527
vn 0.2581 -0.2537 -0.9322
vn 0.7309 -0.6823 0.0100
vn 0.6268 -0.1712 -0.7601
vn 0.9637 0.0000 0.2669
usemtl Eye+Mouth
s 1
f 2435/2939/2321 2440/2940/2322 2437/2941/2323 2434/2942/2324
f 2434/2942/2324 2436/2943/2325 2450/2944/2326 2435/2939/2321
f 2437/2941/2323 2439/2945/2327 2436/2943/2325 2434/2942/2324
f 2440/2940/2322 2441/2946/2328 2438/2947/2329 2437/2941/2323
f 2438/2947/2329 2457/2948/2330 2439/2945/2327 2437/2941/2323
f 2444/2949/2331 2442/2950/2332 2440/2951/2322 2435/2952/2321
f 2442/2950/2332 2443/2953/2333 2441/2954/2328 2440/2951/2322
f 2442/2950/2332 2445/2955/2334 2446/2956/2335 2443/2953/2333
f 2444/2949/2331 2448/2957/2336 2445/2955/2334 2442/2950/2332
f 2445/2955/2334 2447/2958/2337 2459/2959/2338 2446/2956/2335
f 2448/2957/2336 2449/2960/2339 2447/2958/2337 2445/2955/2334
f 2450/2961/2326 2451/2962/2340 2449/2960/2339 2448/2957/2336
f 2435/2952/2321 2450/2961/2326 2448/2957/2336 2444/2949/2331
f 2436/2943/2325 2452/2963/2341 2451/2964/2340 2450/2944/2326
f 2453/2965/2342 2451/2964/2340 2452/2963/2341 2455/2966/2343
f 2447/2958/2337 2449/2960/2339 2451/2962/2340 2453/2967/2342
f 2454/2968/2344 2453/2965/2342 2455/2966/2343 2456/2969/2345
f 2459/2959/2338 2447/2958/2337 2453/2967/2342 2454/2970/2344
f 2457/2948/2330 2456/2969/2345 2455/2966/2343 2439/2945/2327
f 2439/2945/2327 2455/2966/2343 2452/2963/2341 2436/2943/2325
f 2458/2971/2346 2454/2968/2344 2456/2969/2345 2457/2948/2330
f 2441/2946/2328 2458/2971/2346 2457/2948/2330 2438/2947/2329
f 2443/2953/2333 2446/2956/2335 2458/2972/2346 2441/2954/2328
f 2446/2956/2335 2459/2959/2338 2454/2970/2344 2458/2972/2346
o Char_Eyebrow_L_Cube.092
v 0.016682 1.554270 0.109516
v 0.016152 1.554270 0.104596
v 0.019408 1.555092 0.109993
v 0.014825 1.555062 0.109848
v 0.014937 1.558425 0.109828
v 0.019408 1.556940 0.111087
v 0.014299 1.555054 0.104928
v 0.014407 1.558424 0.104908
v 0.019408 1.556937 0.105145
v 0.019408 1.559775 0.105143
v 0.019408 1.555092 0.105073
v 0.024431 1.557678 0.105000
v 0.029693 1.557787 0.104326
v 0.024431 1.560512 0.105000
v 0.024431 1.555807 0.104999
v 0.029693 1.555926 0.104326
v 0.024431 1.555808 0.109919
v 0.029693 1.555927 0.109246
v 0.024431 1.557684 0.110944
v 0.029693 1.557794 0.110270
v 0.024431 1.560235 0.111069
v 0.029693 1.560342 0.110394
v 0.024431 1.562285 0.109919
v 0.019408 1.559491 0.111223
v 0.019408 1.561569 0.109993
v 0.016682 1.560109 0.109516
v 0.019408 1.561569 0.105073
v 0.016152 1.560109 0.104596
v 0.024431 1.562285 0.104999
v 0.029693 1.562404 0.104326
v 0.029693 1.562404 0.109246
v 0.035029 1.561960 0.103936
v 0.029693 1.560621 0.104326
v 0.035029 1.560365 0.103936
v 0.035029 1.557814 0.103936
v 0.040630 1.558256 0.103198
v 0.040630 1.556358 0.103196
v 0.046360 1.555218 0.101936
v 0.040630 1.559456 0.103250
v 0.045349 1.555975 0.102076
v 0.040630 1.559456 0.106960
v 0.045656 1.555975 0.104288
v 0.040630 1.558066 0.107766
v 0.035029 1.561960 0.108856
v 0.035029 1.560115 0.110004
v 0.035029 1.557819 0.109879
v 0.035029 1.556131 0.108856
v 0.040630 1.556360 0.107677
v 0.046731 1.553707 0.104138
v 0.040630 1.555125 0.106960
v 0.045656 1.553351 0.104288
v 0.040630 1.555125 0.103250
v 0.045349 1.553351 0.102076
v 0.035029 1.556130 0.103936
v 0.046423 1.553703 0.101928
v 0.046667 1.555218 0.104147
v -0.016681 1.554270 0.109516
v -0.016152 1.554270 0.104596
v -0.019407 1.555092 0.109993
v -0.014825 1.555062 0.109848
v -0.014936 1.558425 0.109828
v -0.019407 1.556940 0.111087
v -0.014299 1.555054 0.104928
v -0.014407 1.558424 0.104908
v -0.019407 1.556937 0.105145
v -0.019407 1.559775 0.105143
v -0.019407 1.555092 0.105073
v -0.024430 1.557678 0.105000
v -0.029692 1.557787 0.104326
v -0.024430 1.560512 0.105000
v -0.024430 1.555807 0.104999
v -0.029692 1.555926 0.104326
v -0.024430 1.555808 0.109919
v -0.029692 1.555927 0.109246
v -0.024430 1.557684 0.110944
v -0.029692 1.557794 0.110270
v -0.024430 1.560235 0.111069
v -0.029692 1.560342 0.110394
v -0.024430 1.562285 0.109919
v -0.019407 1.559491 0.111223
v -0.019407 1.561569 0.109993
v -0.016681 1.560109 0.109516
v -0.019407 1.561569 0.105073
v -0.016152 1.560109 0.104596
v -0.024430 1.562285 0.104999
v -0.029692 1.562404 0.104326
v -0.029692 1.562404 0.109246
v -0.035029 1.561960 0.103936
v -0.029692 1.560621 0.104326
v -0.035029 1.560365 0.103936
v -0.035029 1.557814 0.103936
v -0.040629 1.558256 0.103198
v -0.040629 1.556358 0.103196
v -0.046359 1.555218 0.101936
v -0.040629 1.559456 0.103250
v -0.045348 1.555975 0.102076
v -0.040629 1.559456 0.106960
v -0.045655 1.555975 0.104288
v -0.040629 1.558066 0.107766
v -0.035029 1.561960 0.108856
v -0.035029 1.560115 0.110004
v -0.035029 1.557819 0.109879
v -0.035029 1.556131 0.108856
v -0.040629 1.556360 0.107677
v -0.046731 1.553707 0.104138
v -0.040629 1.555125 0.106960
v -0.045655 1.553351 0.104288
v -0.040629 1.555125 0.103250
v -0.045348 1.553351 0.102076
v -0.035029 1.556130 0.103936
v -0.046422 1.553703 0.101928
v -0.046666 1.555218 0.104147
vt 0.915462 0.880836
vt 0.911748 0.881332
vt 0.911272 0.877005
vt 0.914832 0.876441
vt 0.915738 0.875096
vt 0.918698 0.875464
vt 0.918294 0.877231
vt 0.911286 0.875241
vt 0.915279 0.873418
vt 0.918583 0.872522
vt 0.910987 0.873141
vt 0.805277 0.877196
vt 0.809937 0.875733
vt 0.810085 0.878019
vt 0.805354 0.879917
vt 0.807340 0.880412
vt 0.810610 0.879474
vt 0.812426 0.875328
vt 0.812585 0.877609
vt 0.812693 0.879115
vt 0.814863 0.877362
vt 0.814968 0.878859
vt 0.814704 0.875081
vt 0.906859 0.881840
vt 0.906494 0.877421
vt 0.908996 0.877202
vt 0.909416 0.881597
vt 0.908734 0.875402
vt 0.906341 0.875567
vt 0.906165 0.873427
vt 0.908472 0.873281
vt 0.906007 0.871515
vt 0.908280 0.871389
vt 0.910356 0.871380
vt 0.913847 0.872186
vt 0.910601 0.867269
vt 0.914545 0.867758
vt 0.908233 0.867184
vt 0.807011 0.875712
vt 0.810245 0.874260
vt 0.812328 0.873901
vt 0.814603 0.873645
vt 0.905657 0.867274
vt 0.903744 0.871763
vt 0.903102 0.867607
vt 0.816892 0.873581
vt 0.816994 0.875008
vt 0.817154 0.877290
vt 0.819515 0.875063
vt 0.819686 0.877347
vt 0.819005 0.873647
vt 0.824333 0.875863
vt 0.824636 0.878568
vt 0.822410 0.874635
vt 0.896969 0.869208
vt 0.900779 0.868080
vt 0.901695 0.872095
vt 0.898383 0.873462
vt 0.897173 0.874912
vt 0.901361 0.873935
vt 0.903865 0.873661
vt 0.903954 0.875796
vt 0.901411 0.876056
vt 0.903991 0.877615
vt 0.901713 0.877793
vt 0.896995 0.876643
vt 0.898108 0.877820
vt 0.901953 0.882140
vt 0.898207 0.882259
vt 0.904297 0.882019
vt 0.819370 0.878861
vt 0.822738 0.879335
vt 0.817257 0.878796
vt 0.894823 0.879167
vt 0.894135 0.877490
vt 0.893767 0.874569
vt 0.894367 0.872078
vt 0.917582 0.870163
vt 0.915462 0.880836
vt 0.914832 0.876441
vt 0.911272 0.877005
vt 0.911748 0.881332
vt 0.918294 0.877231
vt 0.918698 0.875464
vt 0.915738 0.875096
vt 0.911286 0.875241
vt 0.915279 0.873418
vt 0.918583 0.872522
vt 0.910987 0.873141
vt 0.805277 0.877196
vt 0.805354 0.879917
vt 0.810085 0.878019
vt 0.809937 0.875733
vt 0.807340 0.880412
vt 0.810610 0.879474
vt 0.812585 0.877609
vt 0.812426 0.875328
vt 0.812693 0.879115
vt 0.814863 0.877362
vt 0.814968 0.878859
vt 0.814704 0.875081
vt 0.906859 0.881840
vt 0.909416 0.881597
vt 0.908996 0.877202
vt 0.906494 0.877421
vt 0.908734 0.875402
vt 0.906341 0.875567
vt 0.908472 0.873281
vt 0.906165 0.873427
vt 0.908280 0.871389
vt 0.906007 0.871515
vt 0.910356 0.871380
vt 0.913847 0.872186
vt 0.910601 0.867269
vt 0.914545 0.867758
vt 0.908233 0.867184
vt 0.810245 0.874260
vt 0.807011 0.875712
vt 0.812328 0.873901
vt 0.814603 0.873645
vt 0.905657 0.867274
vt 0.903102 0.867607
vt 0.903744 0.871763
vt 0.816994 0.875008
vt 0.816892 0.873581
vt 0.817154 0.877290
vt 0.819686 0.877347
vt 0.819515 0.875063
vt 0.819005 0.873647
vt 0.824636 0.878568
vt 0.824333 0.875863
vt 0.822410 0.874635
vt 0.896969 0.869208
vt 0.898383 0.873462
vt 0.901695 0.872095
vt 0.900779 0.868080
vt 0.897173 0.874912
vt 0.901361 0.873935
vt 0.903865 0.873661
vt 0.903954 0.875796
vt 0.901411 0.876056
vt 0.903991 0.877615
vt 0.901713 0.877793
vt 0.896995 0.876643
vt 0.898108 0.877820
vt 0.901953 0.882140
vt 0.898207 0.882259
vt 0.904297 0.882019
vt 0.819370 0.878861
vt 0.822738 0.879335
vt 0.817257 0.878796
vt 0.894823 0.879167
vt 0.894135 0.877490
vt 0.893767 0.874569
vt 0.894367 0.872078
vt 0.917582 0.870163
vn -0.0490 -0.6916 -0.7205
vn 0.1579 -0.6554 -0.7386
vn 0.1250 -0.8359 0.5344
vn -0.0397 -0.9022 0.4295
vn -0.6668 -0.4797 0.5703
vn -0.6979 -0.4389 -0.5658
vn -0.0610 -0.2481 0.9668
vn -0.7517 0.3269 0.5728
vn -0.7258 0.3248 -0.6063
vn -0.1715 0.2444 0.9544
vn 0.0400 -0.0581 -0.9975
vn 0.0061 0.0370 -0.9993
vn -0.0753 -0.0055 -0.9971
vn -0.0770 0.0043 -0.9970
vn 0.0042 -0.7024 -0.7117
vn -0.1000 0.0000 -0.9950
vn -0.0498 -0.7035 -0.7089
vn -0.0999 0.0000 -0.9950
vn 0.0732 -0.8657 0.4950
vn 0.1107 -0.8442 0.5244
vn 0.0953 -0.2640 0.9598
vn 0.1019 -0.2755 0.9559
vn 0.1030 0.2381 0.9657
vn 0.0530 0.2400 0.9693
vn 0.0708 0.8715 0.4852
vn -0.0314 0.8603 0.5089
vn -0.2733 0.8324 0.4820
vn -0.5266 0.7432 0.4126
vn -0.2056 0.6988 -0.6850
vn -0.3735 0.5464 -0.7496
vn -0.1100 0.7251 -0.6797
vn -0.0466 0.7133 -0.6992
vn 0.2852 0.8316 0.4765
vn 0.1327 0.7309 -0.6694
vn -0.0980 0.0059 -0.9951
vn -0.1017 -0.0038 -0.9948
vn -0.1808 -0.0067 -0.9835
vn -0.1734 -0.0015 -0.9848
vn 0.2713 0.6621 -0.6985
vn 0.5689 0.3777 -0.7306
vn 0.5449 -0.4702 -0.6942
vn 0.2529 0.5856 -0.7701
vn 0.5545 0.7402 0.3803
vn 0.6469 0.7145 0.2664
vn 0.8598 0.3447 0.3765
vn 0.5044 0.2299 0.8323
vn 0.2565 0.2456 0.9348
vn 0.1865 -0.2613 0.9471
vn 0.3512 -0.2600 0.8994
vn 0.0605 -0.8408 0.5380
vn 0.0208 -0.8498 0.5266
vn 0.7796 -0.4993 0.3779
vn 0.1034 -0.9080 0.4060
vn -0.3099 -0.6601 -0.6843
vn -0.1451 -0.7473 -0.6484
vn -0.1259 -0.6859 -0.7166
vn 0.0490 -0.6916 -0.7205
vn 0.0397 -0.9022 0.4295
vn -0.1250 -0.8359 0.5344
vn -0.1579 -0.6554 -0.7386
vn 0.6979 -0.4389 -0.5658
vn 0.6668 -0.4797 0.5703
vn 0.0610 -0.2481 0.9668
vn 0.7517 0.3269 0.5728
vn 0.7258 0.3248 -0.6063
vn 0.1715 0.2444 0.9544
vn -0.0061 0.0370 -0.9993
vn -0.0400 -0.0581 -0.9975
vn 0.0770 0.0043 -0.9970
vn 0.0753 -0.0055 -0.9971
vn -0.0042 -0.7024 -0.7117
vn 0.1000 0.0000 -0.9950
vn 0.0498 -0.7035 -0.7089
vn 0.0999 0.0000 -0.9950
vn -0.1107 -0.8442 0.5244
vn -0.0732 -0.8657 0.4950
vn -0.0953 -0.2640 0.9598
vn -0.1019 -0.2755 0.9559
vn -0.0530 0.2400 0.9693
vn -0.1030 0.2381 0.9657
vn 0.0314 0.8603 0.5089
vn -0.0708 0.8715 0.4852
vn 0.2733 0.8324 0.4820
vn 0.5266 0.7432 0.4126
vn 0.2056 0.6988 -0.6850
vn 0.3735 0.5464 -0.7496
vn 0.1100 0.7251 -0.6797
vn 0.0466 0.7133 -0.6992
vn -0.1327 0.7309 -0.6694
vn -0.2852 0.8316 0.4765
vn 0.0980 0.0059 -0.9951
vn 0.1017 -0.0038 -0.9948
vn 0.1734 -0.0015 -0.9848
vn 0.1808 -0.0067 -0.9835
vn -0.2713 0.6621 -0.6985
vn -0.5449 -0.4702 -0.6942
vn -0.5689 0.3777 -0.7306
vn -0.2529 0.5856 -0.7701
vn -0.6469 0.7145 0.2664
vn -0.5545 0.7402 0.3803
vn -0.8599 0.3447 0.3765
vn -0.5044 0.2299 0.8323
vn -0.2565 0.2456 0.9348
vn -0.1865 -0.2613 0.9471
vn -0.3512 -0.2600 0.8994
vn -0.0605 -0.8408 0.5380
vn -0.0208 -0.8498 0.5266
vn -0.7796 -0.4993 0.3779
vn -0.1034 -0.9080 0.4060
vn 0.3099 -0.6601 -0.6843
vn 0.1451 -0.7473 -0.6484
vn 0.1259 -0.6859 -0.7166
usemtl Hair+Eyebrow
s 1
f 2461/2973/2347 2470/2974/2348 2462/2975/2349 2460/2976/2350
f 2460/2976/2350 2463/2977/2351 2466/2978/2352 2461/2979/2347
f 2462/2975/2349 2465/2980/2353 2463/2977/2351 2460/2976/2350
f 2464/2981/2354 2467/2982/2355 2466/2978/2352 2463/2977/2351
f 2483/2983/2356 2464/2981/2354 2463/2977/2351 2465/2980/2353
f 2467/2984/2355 2469/2985/2357 2468/2986/2358 2466/2987/2352
f 2461/2988/2347 2466/2987/2352 2468/2986/2358 2470/2989/2348
f 2469/2985/2357 2473/2990/2359 2471/2991/2360 2468/2986/2358
f 2470/2989/2348 2468/2986/2358 2471/2991/2360 2474/2992/2361
f 2472/2993/2362 2475/2994/2363 2474/2992/2361 2471/2991/2360
f 2471/2991/2360 2473/2990/2359 2492/2995/2364 2472/2993/2362
f 2475/2996/2363 2477/2997/2365 2476/2998/2366 2474/2999/2361
f 2470/2974/2348 2474/2999/2361 2476/2998/2366 2462/2975/2349
f 2478/3000/2367 2476/2998/2366 2477/2997/2365 2479/3001/2368
f 2476/2998/2366 2478/3000/2367 2465/2980/2353 2462/2975/2349
f 2479/3001/2368 2481/3002/2369 2480/3003/2370 2478/3000/2367
f 2480/3003/2370 2483/2983/2356 2465/2980/2353 2478/3000/2367
f 2481/3002/2369 2490/3004/2371 2482/3005/2372 2480/3003/2370
f 2480/3003/2370 2482/3005/2372 2484/3006/2373 2483/2983/2356
f 2483/2983/2356 2484/3006/2373 2485/3007/2374 2464/2981/2354
f 2486/3008/2375 2487/3009/2376 2485/3007/2374 2484/3006/2373
f 2488/3010/2377 2486/3008/2375 2484/3006/2373 2482/3005/2372
f 2467/2984/2355 2487/3011/2376 2486/3012/2375 2469/2985/2357
f 2469/2985/2357 2486/3012/2375 2488/3013/2377 2473/2990/2359
f 2473/2990/2359 2488/3013/2377 2489/3014/2378 2492/2995/2364
f 2488/3010/2377 2482/3005/2372 2490/3004/2371 2489/3015/2378
f 2489/3015/2378 2490/3004/2371 2503/3016/2379 2491/3017/2380
f 2492/2995/2364 2489/3014/2378 2491/3018/2380 2493/3019/2381
f 2472/2993/2362 2492/2995/2364 2493/3019/2381 2494/3020/2382
f 2493/3019/2381 2495/3021/2383 2496/3022/2384 2494/3020/2382
f 2493/3019/2381 2491/3018/2380 2498/3023/2385 2495/3021/2383
f 2495/3021/2383 2497/3024/2386 2514/3025/2387 2496/3022/2384
f 2495/3021/2383 2498/3023/2385 2499/3026/2388 2497/3024/2386
f 2499/3027/2388 2498/3028/2385 2500/3029/2389 2501/3030/2390
f 2498/3028/2385 2491/3017/2380 2503/3016/2379 2500/3029/2389
f 2515/3031/2391 2501/3030/2390 2500/3029/2389 2502/3032/2392
f 2502/3032/2392 2500/3029/2389 2503/3016/2379 2504/3033/2393
f 2504/3033/2393 2503/3016/2379 2490/3004/2371 2481/3002/2369
f 2505/3034/2394 2504/3033/2393 2481/3002/2369 2479/3001/2368
f 2502/3032/2392 2504/3033/2393 2505/3034/2394 2507/3035/2395
f 2479/3001/2368 2477/2997/2365 2506/3036/2396 2505/3034/2394
f 2509/3037/2397 2507/3035/2395 2505/3034/2394 2506/3036/2396
f 2515/3031/2391 2502/3032/2392 2507/3035/2395 2508/3038/2398
f 2510/3039/2399 2508/3038/2398 2507/3035/2395 2509/3037/2397
f 2511/3040/2400 2512/3041/2401 2510/3039/2399 2509/3037/2397
f 2513/3042/2402 2511/3040/2400 2509/3037/2397 2506/3036/2396
f 2511/3043/2400 2496/3022/2384 2514/3025/2387 2512/3044/2401
f 2513/3045/2402 2494/3020/2382 2496/3022/2384 2511/3043/2400
f 2494/3020/2382 2513/3045/2402 2475/2994/2363 2472/2993/2362
f 2513/3042/2402 2506/3036/2396 2477/2997/2365 2475/2996/2363
f 2512/3046/2401 2514/3047/2387 2508/3038/2398 2510/3039/2399
f 2497/3048/2386 2515/3031/2391 2508/3038/2398 2514/3047/2387
f 2497/3048/2386 2499/3049/2388 2501/3030/2390 2515/3031/2391
f 2464/2981/2354 2485/3007/2374 2487/3050/2376 2467/2982/2355
f 2517/3051/2403 2516/3052/2404 2518/3053/2405 2526/3054/2406
f 2516/3052/2404 2517/3055/2403 2522/3056/2407 2519/3057/2408
f 2518/3053/2405 2516/3052/2404 2519/3057/2408 2521/3058/2409
f 2520/3059/2410 2519/3057/2408 2522/3056/2407 2523/3060/2411
f 2539/3061/2412 2521/3058/2409 2519/3057/2408 2520/3059/2410
f 2523/3062/2411 2522/3063/2407 2524/3064/2413 2525/3065/2414
f 2517/3066/2403 2526/3067/2406 2524/3064/2413 2522/3063/2407
f 2525/3065/2414 2524/3064/2413 2527/3068/2415 2529/3069/2416
f 2526/3067/2406 2530/3070/2417 2527/3068/2415 2524/3064/2413
f 2528/3071/2418 2527/3068/2415 2530/3070/2417 2531/3072/2419
f 2527/3068/2415 2528/3071/2418 2548/3073/2420 2529/3069/2416
f 2531/3074/2419 2530/3075/2417 2532/3076/2421 2533/3077/2422
f 2526/3054/2406 2518/3053/2405 2532/3076/2421 2530/3075/2417
f 2534/3078/2423 2535/3079/2424 2533/3077/2422 2532/3076/2421
f 2532/3076/2421 2518/3053/2405 2521/3058/2409 2534/3078/2423
f 2535/3079/2424 2534/3078/2423 2536/3080/2425 2537/3081/2426
f 2536/3080/2425 2534/3078/2423 2521/3058/2409 2539/3061/2412
f 2537/3081/2426 2536/3080/2425 2538/3082/2427 2546/3083/2428
f 2536/3080/2425 2539/3061/2412 2540/3084/2429 2538/3082/2427
f 2539/3061/2412 2520/3059/2410 2541/3085/2430 2540/3084/2429
f 2542/3086/2431 2540/3084/2429 2541/3085/2430 2543/3087/2432
f 2544/3088/2433 2538/3082/2427 2540/3084/2429 2542/3086/2431
f 2523/3062/2411 2525/3065/2414 2542/3089/2431 2543/3090/2432
f 2525/3065/2414 2529/3069/2416 2544/3091/2433 2542/3089/2431
f 2529/3069/2416 2548/3073/2420 2545/3092/2434 2544/3091/2433
f 2544/3088/2433 2545/3093/2434 2546/3083/2428 2538/3082/2427
f 2545/3093/2434 2547/3094/2435 2559/3095/2436 2546/3083/2428
f 2548/3073/2420 2549/3096/2437 2547/3097/2435 2545/3092/2434
f 2528/3071/2418 2550/3098/2438 2549/3096/2437 2548/3073/2420
f 2549/3096/2437 2550/3098/2438 2552/3099/2439 2551/3100/2440
f 2549/3096/2437 2551/3100/2440 2554/3101/2441 2547/3097/2435
f 2551/3100/2440 2552/3099/2439 2570/3102/2442 2553/3103/2443
f 2551/3100/2440 2553/3103/2443 2555/3104/2444 2554/3101/2441
f 2555/3105/2444 2557/3106/2445 2556/3107/2446 2554/3108/2441
f 2554/3108/2441 2556/3107/2446 2559/3095/2436 2547/3094/2435
f 2571/3109/2447 2558/3110/2448 2556/3107/2446 2557/3106/2445
f 2558/3110/2448 2560/3111/2449 2559/3095/2436 2556/3107/2446
f 2560/3111/2449 2537/3081/2426 2546/3083/2428 2559/3095/2436
f 2561/3112/2450 2535/3079/2424 2537/3081/2426 2560/3111/2449
f 2558/3110/2448 2563/3113/2451 2561/3112/2450 2560/3111/2449
f 2535/3079/2424 2561/3112/2450 2562/3114/2452 2533/3077/2422
f 2565/3115/2453 2562/3114/2452 2561/3112/2450 2563/3113/2451
f 2571/3109/2447 2564/3116/2454 2563/3113/2451 2558/3110/2448
f 2566/3117/2455 2565/3115/2453 2563/3113/2451 2564/3116/2454
f 2567/3118/2456 2565/3115/2453 2566/3117/2455 2568/3119/2457
f 2569/3120/2458 2562/3114/2452 2565/3115/2453 2567/3118/2456
f 2567/3121/2456 2568/3122/2457 2570/3102/2442 2552/3099/2439
f 2569/3123/2458 2567/3121/2456 2552/3099/2439 2550/3098/2438
f 2550/3098/2438 2528/3071/2418 2531/3072/2419 2569/3123/2458
f 2569/3120/2458 2531/3074/2419 2533/3077/2422 2562/3114/2452
f 2568/3124/2457 2566/3117/2455 2564/3116/2454 2570/3125/2442
f 2553/3126/2443 2570/3125/2442 2564/3116/2454 2571/3109/2447
f 2553/3126/2443 2571/3109/2447 2557/3106/2445 2555/3127/2444
f 2520/3059/2410 2523/3060/2411 2543/3128/2432 2541/3085/2430
o Char_Gum_Cube.079
v 0.015784 1.508515 0.100136
v 0.015267 1.504633 0.099265
v 0.006110 1.510256 0.100527
v 0.015167 1.508279 0.100097
v 0.012863 1.507395 0.099952
v 0.014669 1.504642 0.099247
v 0.005871 1.509902 0.100405
v 0.004979 1.508584 0.099949
v 0.000000 1.510090 0.100448
v 0.000000 1.510457 0.100572
v 0.000000 1.508721 0.099986
v -0.005870 1.509902 0.100405
v -0.004979 1.508584 0.099949
v -0.006109 1.510256 0.100527
v -0.015166 1.508264 0.100097
v -0.012862 1.507325 0.099952
v -0.015784 1.508515 0.100136
v -0.014669 1.504642 0.099247
v -0.015266 1.504633 0.099265
v -0.012440 1.504674 0.099179
v -0.011632 1.501205 0.098833
v -0.009865 1.502157 0.098871
v -0.012106 1.500950 0.098823
v -0.005377 1.498697 0.098175
v -0.004560 1.500322 0.098057
v -0.005596 1.498262 0.098207
v 0.000000 1.498755 0.098188
v 0.000000 1.498324 0.098220
v 0.000000 1.500364 0.098068
v 0.005377 1.498697 0.098175
v 0.004561 1.500322 0.098057
v 0.005596 1.498262 0.098207
v 0.011633 1.501205 0.098833
v 0.012106 1.500950 0.098823
v 0.009866 1.502157 0.098871
v 0.010265 1.501969 0.096477
v 0.012441 1.504674 0.099179
v 0.012945 1.504980 0.096619
v 0.013384 1.508466 0.097641
v 0.015227 1.505204 0.095850
v 0.014192 1.505738 0.090277
v 0.015744 1.509847 0.097233
v 0.012075 1.501337 0.095832
v 0.011255 1.501502 0.090548
v 0.005582 1.498517 0.092678
v 0.005203 1.498412 0.085875
v 0.004745 1.499773 0.094554
v 0.000000 1.498581 0.092690
v 0.000000 1.499822 0.094565
v 0.000000 1.498482 0.085886
v -0.005581 1.498517 0.092678
v -0.005202 1.498412 0.085875
v -0.004744 1.499773 0.094554
v -0.012074 1.501337 0.095832
v -0.011254 1.501502 0.090548
v -0.010264 1.501969 0.096477
v -0.015227 1.505204 0.095850
v -0.012944 1.504980 0.096619
v -0.014192 1.505738 0.090277
v -0.015743 1.509279 0.097233
v -0.014673 1.510202 0.091916
v -0.013383 1.508153 0.097641
v -0.006094 1.511674 0.094999
v -0.005680 1.513120 0.088043
v -0.005180 1.509889 0.096525
v 0.000000 1.511885 0.095041
v 0.000000 1.510053 0.096561
v 0.000000 1.513351 0.088079
v 0.006094 1.511674 0.094999
v 0.005181 1.509889 0.096525
v 0.005680 1.513120 0.088043
v 0.014674 1.511119 0.091916
v 0.005554 1.505845 0.086106
v 0.000000 1.505952 0.086123
v -0.005553 1.505845 0.086106
vt 0.323663 0.937746
vt 0.288728 0.942400
vt 0.290818 0.936969
vt 0.323605 0.932498
vt 0.272842 0.857552
vt 0.276117 0.855444
vt 0.298616 0.916727
vt 0.323404 0.912931
vt 0.288324 0.847573
vt 0.270907 0.803936
vt 0.274304 0.803933
vt 0.286982 0.803918
vt 0.272739 0.750332
vt 0.276023 0.752437
vt 0.288239 0.760291
vt 0.290733 0.670687
vt 0.299074 0.691002
vt 0.288500 0.665251
vt 0.323486 0.675032
vt 0.323352 0.694560
vt 0.323533 0.669774
vt 0.356137 0.697540
vt 0.353894 0.701704
vt 0.345491 0.717289
vt 0.376381 0.756817
vt 0.362225 0.764098
vt 0.380196 0.754862
vt 0.376101 0.803855
vt 0.361949 0.803860
vt 0.379881 0.803855
vt 0.380196 0.852800
vt 0.376386 0.850851
vt 0.362237 0.843583
vt 0.353985 0.905831
vt 0.345620 0.890313
vt 0.356226 0.909989
vt 0.220659 0.492660
vt 0.246650 0.509291
vt 0.237934 0.529376
vt 0.207820 0.510237
vt 0.181752 0.462147
vt 0.159064 0.482336
vt 0.246650 0.097967
vt 0.223120 0.109126
vt 0.207678 0.089910
vt 0.239166 0.075248
vt 0.198503 0.072503
vt 0.229585 0.057623
vt 0.240714 0.551729
vt 0.206591 0.527280
vt 0.168146 0.042855
vt 0.207676 0.012129
vt 0.204392 0.590848
vt 0.170857 0.555477
vt 0.147682 0.498967
vt 0.099182 0.533982
vt 0.118879 0.461345
vt 0.071503 0.497723
vt 0.134059 0.449688
vt 0.108973 0.417102
vt 0.089968 0.423805
vt 0.043618 0.461620
vt 0.077822 0.359583
vt 0.041356 0.386827
vt 0.094606 0.362797
vt 0.063012 0.320305
vt 0.015842 0.345297
vt 0.083889 0.328762
vt 0.082653 0.297153
vt 0.063824 0.328366
vt 0.063924 0.298084
vt 0.012129 0.328108
vt 0.023901 0.286335
vt 0.088380 0.219548
vt 0.031750 0.185091
vt 0.108802 0.223262
vt 0.113533 0.174122
vt 0.058379 0.140735
vt 0.130926 0.184708
vt 0.155001 0.147333
vt 0.142360 0.130699
vt 0.085345 0.096640
vt 0.115977 0.803411
vt 0.113774 0.753387
vt 0.180770 0.753387
vt 0.181730 0.801596
vt 0.126311 0.890937
vt 0.175759 0.885179
vt 0.246650 0.799174
vt 0.217308 0.865990
vt 0.246152 0.753387
vt 0.181730 0.705178
vt 0.246650 0.707600
vt 0.115976 0.703363
vt 0.175759 0.621594
vt 0.217308 0.640784
vt 0.134110 0.615105
vt 0.179443 0.165242
vt 0.157416 0.200832
vt 0.135919 0.236738
vt 0.106103 0.301624
vt 0.105544 0.325525
vt 0.114901 0.354931
vt 0.134335 0.400396
vt 0.158107 0.431222
vn -0.0129 -0.1789 0.9838
vn -0.0056 -0.2324 0.9726
vn -0.0066 -0.2397 0.9708
vn -0.0158 -0.1650 0.9861
vn -0.0070 -0.2759 0.9611
vn -0.0099 -0.2818 0.9594
vn -0.4122 -0.4986 0.7625
vn -0.6543 0.2025 0.7286
vn -0.0618 -0.8961 0.4395
vn 0.0000 -0.3224 0.9466
vn 0.0000 -0.9023 0.4310
vn 0.0066 -0.2729 0.9620
vn 0.0098 -0.2792 0.9602
vn 0.0706 -0.8908 0.4488
vn 0.0048 -0.2380 0.9713
vn 0.3982 -0.5000 0.7691
vn 0.0035 -0.2316 0.9728
vn 0.0141 -0.1662 0.9860
vn 0.6547 0.2071 0.7270
vn 0.0110 -0.1794 0.9837
vn 0.0468 -0.0785 0.9958
vn 0.0578 -0.0738 0.9956
vn 0.4387 0.5287 0.7266
vn 0.0437 0.0071 0.9990
vn 0.1473 0.7336 0.6634
vn 0.0466 0.0001 0.9989
vn 0.0000 0.0740 0.9973
vn 0.0000 0.7841 0.6206
vn -0.0466 0.0001 0.9989
vn -0.0437 0.0071 0.9990
vn -0.1473 0.7336 0.6634
vn -0.0578 -0.0738 0.9956
vn -0.4387 0.5287 0.7266
vn -0.0468 -0.0785 0.9958
vn -0.6234 0.4009 -0.6713
vn -0.3592 0.7935 -0.4912
vn -0.0735 0.9067 -0.4152
vn -0.3877 -0.3388 -0.8572
vn -0.7085 -0.4332 -0.5571
vn -0.8440 0.3855 -0.3729
vn -0.5266 0.7142 -0.4611
vn -0.6858 -0.6458 0.3354
vn -0.7844 0.1492 0.6020
vn -0.6529 0.6206 0.4342
vn -0.1707 0.9516 -0.2556
vn -0.2633 0.6814 0.6829
vn 0.0000 0.9548 -0.2971
vn 0.0000 0.6987 0.7154
vn 0.0000 0.9326 -0.3609
vn 0.0735 0.9067 -0.4152
vn 0.1707 0.9516 -0.2556
vn 0.2634 0.6814 0.6829
vn 0.5266 0.7142 -0.4611
vn 0.6529 0.6206 0.4342
vn 0.3592 0.7935 -0.4912
vn 0.8418 0.3976 -0.3651
vn 0.7828 0.1440 0.6054
vn 0.6169 0.4122 -0.6704
vn 0.4201 -0.3353 -0.8432
vn 0.7226 -0.4039 -0.5611
vn 0.7226 -0.5987 0.3456
vn 0.0820 -0.8643 -0.4962
vn 0.2208 -0.8105 0.5425
vn 0.0451 -0.7885 -0.6134
vn 0.0000 -0.8587 -0.5125
vn 0.0000 -0.8569 0.5155
vn 0.0000 -0.8114 -0.5844
vn -0.0322 -0.7839 -0.6200
vn -0.0436 -0.8583 -0.5112
vn -0.2027 -0.8103 0.5499
vn 0.0000 -0.1463 0.9892
vn -0.2516 -0.0906 0.9636
vn 0.2544 -0.0942 0.9625
usemtl Eye+Mouth
s 1
f 2573/3129/2459 2572/3130/2460 2575/3131/2461 2577/3132/2462
f 2572/3130/2460 2574/3133/2463 2578/3134/2464 2575/3131/2461
f 2577/3132/2462 2575/3131/2461 2576/3135/2465 2608/3136/2466
f 2575/3131/2461 2578/3134/2464 2579/3137/2467 2576/3135/2465
f 2574/3133/2463 2581/3138/2468 2580/3139/2468 2578/3134/2464
f 2578/3134/2464 2580/3139/2468 2582/3140/2469 2579/3137/2467
f 2581/3138/2468 2585/3141/2470 2583/3142/2471 2580/3139/2468
f 2580/3139/2468 2583/3142/2471 2584/3143/2472 2582/3140/2469
f 2583/3142/2471 2586/3144/2473 2587/3145/2474 2584/3143/2472
f 2585/3141/2470 2588/3146/2475 2586/3144/2473 2583/3142/2471
f 2586/3144/2473 2589/3147/2476 2591/3148/2477 2587/3145/2474
f 2588/3146/2475 2590/3149/2478 2589/3147/2476 2586/3144/2473
f 2590/3149/2478 2594/3150/2479 2592/3151/2480 2589/3147/2476
f 2589/3147/2476 2592/3151/2480 2593/3152/2481 2591/3148/2477
f 2592/3151/2480 2595/3153/2482 2596/3154/2483 2593/3152/2481
f 2594/3150/2479 2597/3155/2484 2595/3153/2482 2592/3151/2480
f 2595/3153/2482 2598/3156/2485 2600/3157/2486 2596/3154/2483
f 2597/3155/2484 2599/3158/2485 2598/3156/2485 2595/3153/2482
f 2599/3158/2485 2603/3159/2487 2601/3160/2488 2598/3156/2485
f 2598/3156/2485 2601/3160/2488 2602/3161/2489 2600/3157/2486
f 2601/3160/2488 2604/3162/2490 2606/3163/2491 2602/3161/2489
f 2603/3159/2487 2605/3164/2492 2604/3162/2490 2601/3160/2488
f 2605/3164/2492 2573/3129/2459 2577/3132/2462 2604/3162/2490
f 2604/3162/2490 2577/3132/2462 2608/3136/2466 2606/3163/2491
f 2606/3165/2491 2608/3166/2466 2609/3167/2493 2607/3168/2494
f 2602/3169/2489 2606/3165/2491 2607/3168/2494 2618/3170/2495
f 2608/3171/2466 2576/3172/2465 2610/3173/2496 2609/3174/2493
f 2609/3174/2493 2610/3173/2496 2613/3175/2497 2611/3176/2498
f 2607/3168/2494 2609/3167/2493 2611/3177/2498 2614/3178/2499
f 2611/3176/2498 2613/3175/2497 2643/3179/2500 2612/3180/2501
f 2614/3178/2499 2611/3177/2498 2612/3181/2501 2615/3182/2502
f 2618/3170/2495 2607/3168/2494 2614/3178/2499 2616/3183/2503
f 2616/3183/2503 2614/3178/2499 2615/3182/2502 2617/3184/2504
f 2619/3185/2505 2616/3183/2503 2617/3184/2504 2621/3186/2506
f 2620/3187/2507 2618/3170/2495 2616/3183/2503 2619/3185/2505
f 2624/3188/2508 2620/3187/2507 2619/3185/2505 2622/3189/2509
f 2622/3189/2509 2619/3185/2505 2621/3186/2506 2623/3190/2510
f 2625/3191/2511 2622/3189/2509 2623/3190/2510 2626/3192/2512
f 2627/3193/2513 2624/3188/2508 2622/3189/2509 2625/3191/2511
f 2628/3194/2514 2625/3191/2511 2626/3192/2512 2630/3195/2515
f 2629/3196/2516 2627/3193/2513 2625/3191/2511 2628/3194/2514
f 2633/3197/2517 2629/3196/2516 2628/3198/2514 2631/3199/2518
f 2631/3199/2518 2628/3198/2514 2630/3200/2515 2632/3201/2519
f 2634/3202/2520 2631/3199/2518 2632/3201/2519 2635/3203/2521
f 2636/3204/2522 2633/3197/2517 2631/3199/2518 2634/3202/2520
f 2637/3205/2523 2634/3202/2520 2635/3203/2521 2639/3206/2524
f 2638/3207/2525 2636/3204/2522 2634/3202/2520 2637/3205/2523
f 2641/3208/2526 2638/3207/2525 2637/3205/2523 2640/3209/2527
f 2640/3209/2527 2637/3205/2523 2639/3206/2524 2642/3210/2528
f 2610/3173/2496 2641/3208/2526 2640/3209/2527 2613/3175/2497
f 2613/3175/2497 2640/3209/2527 2642/3210/2528 2643/3179/2500
f 2642/3211/2528 2639/3212/2524 2645/3213/2529 2644/3214/2530
f 2643/3215/2500 2642/3211/2528 2644/3214/2530 2612/3216/2501
f 2612/3216/2501 2644/3214/2530 2617/3217/2504 2615/3218/2502
f 2644/3214/2530 2645/3213/2529 2621/3219/2506 2617/3217/2504
f 2646/3220/2531 2623/3221/2510 2621/3219/2506 2645/3213/2529
f 2635/3222/2521 2646/3220/2531 2645/3213/2529 2639/3212/2524
f 2630/3223/2515 2626/3224/2512 2623/3221/2510 2646/3220/2531
f 2632/3225/2519 2630/3223/2515 2646/3220/2531 2635/3222/2521
f 2579/3226/2467 2582/3227/2469 2638/3207/2525 2641/3208/2526
f 2576/3172/2465 2579/3226/2467 2641/3208/2526 2610/3173/2496
f 2582/3227/2469 2584/3228/2472 2636/3204/2522 2638/3207/2525
f 2584/3228/2472 2587/3229/2474 2633/3197/2517 2636/3204/2522
f 2587/3229/2474 2591/3230/2477 2629/3196/2516 2633/3197/2517
f 2591/3230/2477 2593/3231/2481 2627/3193/2513 2629/3196/2516
f 2593/3231/2481 2596/3232/2483 2624/3188/2508 2627/3193/2513
f 2596/3232/2483 2600/3233/2486 2620/3187/2507 2624/3188/2508
f 2600/3233/2486 2602/3169/2489 2618/3170/2495 2620/3187/2507
o Char_Head_Cube.077
v 0.085546 1.474392 0.029169
v 0.083980 1.474238 -0.003118
v 0.062996 1.461753 0.042529
v 0.094876 1.492468 0.040472
v 0.101744 1.532252 0.044535
v 0.101887 1.499919 -0.003118
v 0.072457 1.484832 0.071829
v 0.089857 1.531645 0.070552
v 0.036300 1.475667 0.080437
v 0.060349 1.500651 0.086242
v 0.050227 1.514437 0.093811
v 0.070163 1.530075 0.085845
v 0.036829 1.495719 0.093586
v 0.033941 1.509461 0.099119
v 0.025326 1.501081 0.098948
v 0.016947 1.503368 0.100352
v 0.022779 1.509170 0.100876
v 0.022172 1.490528 0.093615
v 0.011215 1.496060 0.098029
v 0.008259 1.485191 0.091822
v 0.000005 1.484957 0.091828
v 0.005216 1.494079 0.097376
v 0.011994 1.470459 0.080976
v 0.011947 1.452774 0.052958
v 0.000005 1.470250 0.081356
v 0.000005 1.452472 0.053230
v -0.011983 1.470459 0.080976
v -0.011937 1.452774 0.052958
v -0.036289 1.475667 0.080437
v -0.008249 1.485191 0.091822
v -0.022161 1.490528 0.093615
v -0.005205 1.494079 0.097376
v 0.000005 1.493979 0.097492
v -0.011205 1.496060 0.098029
v -0.004781 1.500459 0.099393
v 0.000005 1.500501 0.099405
v -0.010349 1.502299 0.099921
v -0.005033 1.499709 0.094611
v 0.000005 1.499762 0.094623
v -0.010895 1.502042 0.096653
v -0.005922 1.498376 0.092619
v -0.005519 1.498265 0.085395
v 0.000005 1.498444 0.092632
v -0.012817 1.501371 0.095968
v -0.011945 1.501546 0.090358
v -0.016164 1.505477 0.095988
v -0.013740 1.505239 0.096804
v -0.015065 1.506044 0.090069
v -0.016712 1.509804 0.097456
v -0.015576 1.510784 0.091810
v -0.014206 1.508608 0.097889
v -0.006466 1.512347 0.095084
v -0.006026 1.513883 0.087697
v -0.005496 1.510451 0.096704
v 0.000005 1.512571 0.095128
v 0.000005 1.510626 0.096743
v 0.000005 1.514128 0.087736
v 0.006476 1.512347 0.095084
v 0.005506 1.510451 0.096704
v 0.006037 1.513883 0.087697
v 0.016722 1.510407 0.097456
v 0.014216 1.508941 0.097889
v 0.015586 1.511758 0.091810
v 0.016174 1.505477 0.095988
v 0.015075 1.506044 0.090069
v 0.013750 1.505239 0.096804
v 0.012827 1.501371 0.095968
v 0.010905 1.502042 0.096653
v 0.011956 1.501546 0.090358
v 0.005932 1.498376 0.092619
v 0.005529 1.498265 0.085395
v 0.005044 1.499709 0.094611
v 0.004792 1.500459 0.099393
v 0.010360 1.502299 0.099921
v 0.013063 1.504821 0.100299
v 0.013505 1.507479 0.101044
v 0.016770 1.508445 0.101554
v 0.005231 1.508670 0.101378
v 0.000005 1.508808 0.101417
v 0.005937 1.512803 0.102264
v 0.000005 1.512724 0.102242
v 0.007890 1.519048 0.103690
v 0.006565 1.530215 0.105500
v 0.011067 1.522019 0.103377
v 0.000005 1.518688 0.103948
v 0.000005 1.530109 0.106048
v -0.007880 1.519048 0.103690
v -0.006554 1.530215 0.105500
v -0.010896 1.521923 0.103425
v -0.022768 1.508196 0.100876
v -0.005927 1.512803 0.102264
v -0.016759 1.507186 0.101554
v -0.005221 1.508670 0.101378
v -0.013495 1.507479 0.101044
v -0.013052 1.504821 0.100299
v -0.016937 1.503368 0.100352
v -0.025315 1.501081 0.098948
v -0.036819 1.495719 0.093586
v -0.033930 1.509461 0.099119
v -0.060339 1.500651 0.086242
v -0.050216 1.514437 0.093811
v -0.072387 1.484832 0.071829
v -0.070152 1.530075 0.085845
v -0.089787 1.531645 0.070552
v -0.056903 1.531378 0.094392
v -0.067435 1.559078 0.092165
v -0.086337 1.577798 0.077412
v -0.052948 1.547249 0.101438
v -0.049111 1.582205 0.101741
v -0.036852 1.563315 0.106526
v -0.052154 1.608009 0.095962
v -0.016953 1.581814 0.107399
v -0.016288 1.608807 0.101417
v -0.017619 1.562443 0.109223
v 0.000005 1.581133 0.108101
v 0.000005 1.561257 0.110071
v 0.000005 1.608631 0.101975
v 0.016964 1.581814 0.107399
v 0.016298 1.608807 0.101417
v 0.017630 1.562443 0.109223
v 0.049121 1.582205 0.101741
v 0.036862 1.563315 0.106526
v 0.052165 1.608009 0.095962
v 0.067445 1.559078 0.092165
v 0.086407 1.577798 0.077412
v 0.052959 1.547249 0.101438
v 0.046705 1.542260 0.101698
v 0.056914 1.531378 0.094392
v 0.048971 1.531154 0.097494
v 0.042830 1.531101 0.097979
v 0.043837 1.520874 0.097332
v 0.036273 1.522106 0.097738
v 0.029489 1.516247 0.099391
v 0.028458 1.517560 0.098807
v 0.019385 1.516593 0.101095
v 0.019223 1.517405 0.099624
v 0.018606 1.517410 0.098574
v 0.011804 1.521393 0.101846
v 0.011153 1.530313 0.104334
v 0.011795 1.521395 0.100946
v 0.011135 1.530314 0.103386
v 0.011777 1.521400 0.099033
v 0.011773 1.521402 0.098632
v 0.011097 1.530314 0.101368
v 0.017294 1.518678 0.096341
v 0.017019 1.518680 0.095873
v 0.028458 1.517583 0.094952
v 0.028458 1.517587 0.094403
v 0.028458 1.517568 0.097574
v 0.036315 1.522068 0.094900
v 0.036321 1.522063 0.094495
v 0.036287 1.522094 0.096830
v 0.042819 1.531083 0.094997
v 0.042817 1.531080 0.094572
v 0.042826 1.531096 0.097025
v 0.040237 1.541138 0.098785
v 0.040230 1.541124 0.100704
v 0.040239 1.541141 0.098383
v 0.030885 1.546985 0.102598
v 0.030885 1.546991 0.102169
v 0.030885 1.546957 0.104643
v 0.022156 1.544971 0.103931
v 0.022158 1.544963 0.105914
v 0.022155 1.544973 0.103515
v 0.015724 1.539715 0.103771
v 0.015723 1.539712 0.103369
v 0.015727 1.539727 0.105691
v 0.015729 1.539733 0.106595
v 0.012652 1.541695 0.106855
v 0.022158 1.544959 0.106846
v 0.021306 1.548095 0.107419
v 0.030885 1.546943 0.105606
v 0.040227 1.541117 0.101607
v 0.032009 1.549870 0.105904
v 0.007752 1.543417 0.107743
v 0.010185 1.530295 0.104693
v 0.000005 1.543848 0.108297
v -0.007742 1.543417 0.107743
v -0.012315 1.541800 0.106897
v -0.015718 1.539733 0.106595
v -0.021110 1.548779 0.107544
v -0.009963 1.530291 0.104030
v -0.011142 1.530313 0.104334
v -0.011793 1.521393 0.101846
v -0.011131 1.530313 0.103721
v -0.011788 1.521394 0.101265
v -0.015717 1.539729 0.106011
v -0.011087 1.530314 0.101386
v -0.011079 1.530314 0.100945
v -0.015713 1.539715 0.103788
v -0.011766 1.521400 0.099050
v -0.011762 1.521402 0.098632
v -0.017296 1.518538 0.096361
v -0.018814 1.518527 0.098946
v -0.017009 1.518541 0.095873
v -0.028447 1.518556 0.094976
v -0.028447 1.518560 0.094403
v -0.028447 1.518538 0.098010
v -0.036304 1.521923 0.094917
v -0.036310 1.521917 0.094495
v -0.036271 1.520979 0.097151
v -0.042805 1.531083 0.095015
v -0.042803 1.531080 0.094572
v -0.042813 1.531098 0.097362
v -0.040223 1.541137 0.098802
v -0.040215 1.541121 0.101023
v -0.040225 1.541141 0.098383
v -0.030874 1.546985 0.102616
v -0.030874 1.546991 0.102169
v -0.030874 1.546952 0.104984
v -0.022145 1.544971 0.103948
v -0.022147 1.544962 0.106244
v -0.022145 1.544973 0.103515
v -0.015712 1.539712 0.103369
v -0.022148 1.544959 0.106846
v -0.030874 1.546943 0.105606
v -0.040213 1.541117 0.101607
v -0.032244 1.550508 0.105969
v -0.047281 1.542533 0.101720
v -0.049607 1.531165 0.097388
v -0.042816 1.531101 0.097979
v -0.044399 1.519486 0.097244
v -0.036263 1.520987 0.097738
v -0.029704 1.515960 0.099370
v -0.028447 1.518534 0.098807
v -0.019409 1.517535 0.101133
v -0.019213 1.518524 0.099624
v 0.011089 1.530314 0.100945
v 0.102302 1.577356 0.045057
v 0.075185 1.627394 0.064601
v 0.090971 1.624032 0.037881
v 0.067623 1.651536 0.043711
v 0.047858 1.633982 0.076022
v 0.043030 1.659877 0.049079
v 0.016401 1.638659 0.080708
v 0.015847 1.662751 0.050166
v 0.000005 1.638659 0.081095
v 0.000005 1.663045 0.050431
v -0.016390 1.638659 0.080708
v -0.015837 1.662751 0.050166
v -0.047848 1.633982 0.076022
v -0.075115 1.627394 0.064601
v -0.043019 1.659877 0.049079
v -0.067554 1.651536 0.043711
v -0.037601 1.672736 -0.003118
v -0.061537 1.661586 -0.003118
v -0.035700 1.658466 -0.064976
v -0.015802 1.677843 -0.003118
v -0.015329 1.661610 -0.068914
v 0.000005 1.678110 -0.003118
v 0.000005 1.661904 -0.069179
v 0.015812 1.677843 -0.003118
v 0.015339 1.661610 -0.068914
v 0.037612 1.672736 -0.003118
v 0.061607 1.661586 -0.003118
v 0.035710 1.658466 -0.064976
v 0.058898 1.650124 -0.058603
v 0.038584 1.620335 -0.103989
v 0.065019 1.620335 -0.093158
v 0.038801 1.578028 -0.116952
v 0.015444 1.620335 -0.108362
v 0.015635 1.578118 -0.122861
v 0.000005 1.620335 -0.108749
v 0.000005 1.578150 -0.123419
v -0.015433 1.620335 -0.108362
v -0.015624 1.578118 -0.122861
v -0.038574 1.620335 -0.103989
v -0.064949 1.620335 -0.093158
v -0.038791 1.578028 -0.116952
v -0.067455 1.577741 -0.104622
v -0.040336 1.530607 -0.115335
v -0.067059 1.531645 -0.103246
v -0.033663 1.493310 -0.102838
v -0.014315 1.530215 -0.121083
v -0.015387 1.492671 -0.104438
v 0.000005 1.530109 -0.121632
v 0.000005 1.492492 -0.104854
v 0.014326 1.530215 -0.121083
v 0.015397 1.492671 -0.104438
v 0.040350 1.530607 -0.115335
v 0.067129 1.531645 -0.103246
v 0.033673 1.493310 -0.102838
v 0.062274 1.495693 -0.092182
v 0.031901 1.460784 -0.068859
v 0.049830 1.465933 -0.062454
v 0.032307 1.448862 -0.003118
v 0.015335 1.459546 -0.069961
v 0.012114 1.446443 -0.003118
v 0.000005 1.459244 -0.070233
v 0.000005 1.446175 -0.003118
v -0.015325 1.459546 -0.069961
v -0.012104 1.446443 -0.003118
v -0.031891 1.460784 -0.068859
v -0.051664 1.465933 -0.062454
v -0.032297 1.448862 -0.003118
v -0.058316 1.456785 -0.003118
v -0.033706 1.456604 0.049895
v -0.062926 1.461753 0.042529
v -0.085476 1.474392 0.029169
v -0.083910 1.474238 -0.003118
v -0.094806 1.492468 0.040472
v -0.101674 1.532252 0.044535
v -0.101817 1.499919 -0.003118
v -0.086881 1.498259 -0.069328
v -0.115399 1.531753 -0.003118
v -0.115904 1.577724 -0.003118
v -0.097758 1.532252 -0.070268
v -0.098295 1.577356 -0.070790
v -0.087400 1.620335 -0.066640
v -0.077927 1.641312 -0.046588
v -0.102359 1.620335 -0.003118
v -0.083854 1.643363 -0.003118
v -0.090901 1.624032 0.037881
v -0.102232 1.577356 0.045057
v -0.081049 1.642723 0.022321
v -0.058828 1.650124 -0.058603
v -0.062204 1.495693 -0.092182
v -0.077888 1.479686 -0.046153
v 0.058386 1.456785 -0.003118
v 0.033716 1.456604 0.049895
v 0.077958 1.479686 -0.046153
v 0.086951 1.498259 -0.069328
v 0.097828 1.532252 -0.070268
v 0.098365 1.577356 -0.070790
v 0.115469 1.531753 -0.003118
v 0.115974 1.577724 -0.003118
v 0.102429 1.620335 -0.003118
v 0.083924 1.643363 -0.003118
v 0.087470 1.620335 -0.066640
v 0.077997 1.641312 -0.046588
v 0.081118 1.642723 0.022321
v 0.067525 1.577741 -0.104622
v 0.000005 1.498339 0.085406
v 0.005902 1.506158 0.085640
v 0.000005 1.506271 0.085658
v -0.005892 1.506158 0.085640
vt 0.309431 0.833740
vt 0.315474 0.842576
vt 0.302720 0.847430
vt 0.301681 0.840739
vt 0.301463 0.824119
vt 0.293259 0.838637
vt 0.292579 0.849461
vt 0.320508 0.852674
vt 0.306818 0.858125
vt 0.299203 0.860570
vt 0.292620 0.861677
vt 0.288964 0.854558
vt 0.282830 0.847766
vt 0.283909 0.837010
vt 0.282619 0.854050
vt 0.286398 0.858633
vt 0.281946 0.857811
vt 0.288565 0.862861
vt 0.279547 0.855867
vt 0.278805 0.852745
vt 0.278989 0.858027
vt 0.277298 0.856611
vt 0.275882 0.854420
vt 0.277372 0.858100
vt 0.275250 0.851279
vt 0.274471 0.853819
vt 0.276248 0.846456
vt 0.273162 0.851285
vt 0.272930 0.846571
vt 0.273284 0.853812
vt 0.276544 0.836437
vt 0.272422 0.836460
vt 0.269617 0.846787
vt 0.271085 0.851481
vt 0.268320 0.836852
vt 0.263207 0.848747
vt 0.261057 0.838166
vt 0.267704 0.853284
vt 0.272102 0.853932
vt 0.270754 0.854662
vt 0.272391 0.855375
vt 0.273352 0.855230
vt 0.271360 0.856249
vt 0.273389 0.855968
vt 0.272762 0.856160
vt 0.271932 0.856639
vt 0.273402 0.856236
vt 0.272845 0.856431
vt 0.272073 0.856881
vt 0.273435 0.856843
vt 0.273136 0.856880
vt 0.272602 0.857017
vt 0.272049 0.857417
vt 0.272508 0.857361
vt 0.271755 0.857297
vt 0.271872 0.857957
vt 0.272140 0.857747
vt 0.272469 0.857647
vt 0.272861 0.858441
vt 0.273106 0.857789
vt 0.272832 0.858737
vt 0.273533 0.858537
vt 0.273492 0.857809
vt 0.273549 0.858827
vt 0.274247 0.858656
vt 0.274188 0.858364
vt 0.273874 0.857742
vt 0.275091 0.857789
vt 0.274786 0.857622
vt 0.274464 0.857565
vt 0.275130 0.857107
vt 0.274860 0.857256
vt 0.274404 0.857253
vt 0.274778 0.856737
vt 0.274276 0.856926
vt 0.274892 0.856485
vt 0.274030 0.856096
vt 0.273975 0.856372
vt 0.273736 0.856847
vt 0.274320 0.855284
vt 0.275413 0.856060
vt 0.276065 0.856944
vt 0.276374 0.857971
vt 0.274530 0.859364
vt 0.274861 0.860118
vt 0.273586 0.859532
vt 0.273623 0.860286
vt 0.275673 0.861555
vt 0.273686 0.861698
vt 0.276671 0.862165
vt 0.276449 0.864529
vt 0.275523 0.864589
vt 0.273831 0.864672
vt 0.278459 0.860201
vt 0.271689 0.861736
vt 0.272140 0.864753
vt 0.272388 0.860221
vt 0.271219 0.864755
vt 0.270783 0.862415
vt 0.268774 0.860802
vt 0.268075 0.858243
vt 0.269673 0.858026
vt 0.272634 0.859458
vt 0.270682 0.858225
vt 0.270737 0.857195
vt 0.269557 0.856962
vt 0.267293 0.856440
vt 0.265125 0.858629
vt 0.264053 0.854967
vt 0.253697 0.851410
vt 0.257781 0.856128
vt 0.260731 0.859960
vt 0.259000 0.864317
vt 0.254858 0.863539
vt 0.248217 0.863085
vt 0.255462 0.871421
vt 0.248394 0.875810
vt 0.260265 0.868706
vt 0.260441 0.878265
vt 0.258345 0.885608
vt 0.264256 0.873347
vt 0.269475 0.873298
vt 0.269584 0.878680
vt 0.269527 0.887204
vt 0.274493 0.878390
vt 0.274914 0.887077
vt 0.274223 0.872848
vt 0.278992 0.872836
vt 0.279407 0.878204
vt 0.280290 0.886685
vt 0.288478 0.876905
vt 0.291280 0.884017
vt 0.284196 0.872379
vt 0.287725 0.867354
vt 0.292780 0.869594
vt 0.300265 0.873278
vt 0.285956 0.866307
vt 0.286291 0.863155
vt 0.282463 0.869026
vt 0.284736 0.860565
vt 0.282978 0.860987
vt 0.284564 0.863288
vt 0.284335 0.866194
vt 0.281070 0.859583
vt 0.280898 0.859975
vt 0.278653 0.860582
vt 0.277131 0.862060
vt 0.280903 0.860264
vt 0.278706 0.860862
vt 0.277360 0.862122
vt 0.276941 0.864416
vt 0.276708 0.864508
vt 0.278793 0.861438
vt 0.277785 0.862246
vt 0.277407 0.864246
vt 0.278823 0.861549
vt 0.277871 0.862267
vt 0.277501 0.864212
vt 0.280914 0.860826
vt 0.280914 0.860934
vt 0.282497 0.861614
vt 0.282561 0.861538
vt 0.282837 0.861173
vt 0.283749 0.863351
vt 0.283844 0.863341
vt 0.284320 0.863301
vt 0.283738 0.865650
vt 0.283813 0.865712
vt 0.284172 0.866032
vt 0.281979 0.867570
vt 0.282057 0.868076
vt 0.281959 0.867469
vt 0.280019 0.867436
vt 0.279984 0.867525
vt 0.279806 0.867968
vt 0.278439 0.866448
vt 0.278118 0.866802
vt 0.278504 0.866378
vt 0.277968 0.866972
vt 0.279719 0.868179
vt 0.277224 0.867507
vt 0.279580 0.868993
vt 0.282088 0.868328
vt 0.275989 0.868063
vt 0.274002 0.868285
vt 0.272004 0.868254
vt 0.270806 0.867844
vt 0.268561 0.869705
vt 0.270922 0.864793
vt 0.269915 0.867362
vt 0.268294 0.868736
vt 0.270278 0.862378
vt 0.270767 0.864748
vt 0.269808 0.867262
vt 0.270133 0.862435
vt 0.269642 0.862631
vt 0.270208 0.864599
vt 0.269397 0.866888
vt 0.269554 0.862664
vt 0.270108 0.864574
vt 0.269322 0.866822
vt 0.268529 0.862105
vt 0.268543 0.861992
vt 0.268620 0.861401
vt 0.266427 0.861685
vt 0.266415 0.861027
vt 0.266435 0.861797
vt 0.264867 0.862445
vt 0.264794 0.862367
vt 0.264525 0.861819
vt 0.263820 0.864348
vt 0.263722 0.864349
vt 0.263148 0.864357
vt 0.264058 0.866619
vt 0.263987 0.866690
vt 0.263612 0.867103
vt 0.265987 0.868354
vt 0.265959 0.868950
vt 0.265997 0.868248
vt 0.267921 0.868024
vt 0.267966 0.868112
vt 0.268224 0.868604
vt 0.265955 0.869115
vt 0.265587 0.870006
vt 0.263517 0.867219
vt 0.261766 0.867563
vt 0.261108 0.864418
vt 0.262993 0.864367
vt 0.262428 0.861374
vt 0.264427 0.861695
vt 0.266158 0.860216
vt 0.266414 0.860843
vt 0.268629 0.861220
vt 0.310624 0.870902
vt 0.314449 0.886121
vt 0.304312 0.888977
vt 0.294878 0.894761
vt 0.320094 0.894171
vt 0.310641 0.899464
vt 0.303295 0.909872
vt 0.282826 0.900318
vt 0.290285 0.923389
vt 0.275599 0.901284
vt 0.277106 0.933055
vt 0.268314 0.901012
vt 0.263082 0.924672
vt 0.255799 0.896634
vt 0.248874 0.912453
vt 0.245886 0.891802
vt 0.240602 0.902830
vt 0.220951 0.912670
vt 0.222186 0.928566
vt 0.224183 0.945896
vt 0.191343 0.906812
vt 0.181211 0.920030
vt 0.170559 0.933323
vt 0.162147 0.945638
vt 0.226594 0.961969
vt 0.393212 0.934843
vt 0.330221 0.957247
vt 0.331119 0.940947
vt 0.383609 0.923303
vt 0.371664 0.911004
vt 0.331476 0.923438
vt 0.360226 0.898721
vt 0.331195 0.907407
vt 0.391418 0.878556
vt 0.373245 0.876624
vt 0.410288 0.882099
vt 0.392276 0.847255
vt 0.372981 0.852274
vt 0.410980 0.842493
vt 0.426199 0.838939
vt 0.425156 0.886101
vt 0.140313 0.895128
vt 0.126027 0.900492
vt 0.120510 0.854122
vt 0.135834 0.856144
vt 0.154726 0.859008
vt 0.158598 0.889826
vt 0.176338 0.886177
vt 0.174224 0.862053
vt 0.167613 0.828755
vt 0.183134 0.838669
vt 0.149454 0.816184
vt 0.185015 0.807393
vt 0.195740 0.822774
vt 0.178298 0.794152
vt 0.138374 0.808048
vt 0.171742 0.780797
vt 0.403598 0.794301
vt 0.393268 0.803636
vt 0.367094 0.770311
vt 0.361917 0.784396
vt 0.376300 0.818176
vt 0.356551 0.798360
vt 0.361694 0.829834
vt 0.347466 0.815438
vt 0.325023 0.794002
vt 0.325436 0.806243
vt 0.322516 0.781784
vt 0.290893 0.814483
vt 0.279522 0.806840
vt 0.270667 0.801884
vt 0.319357 0.767864
vt 0.217013 0.787281
vt 0.218674 0.773127
vt 0.262365 0.807725
vt 0.251847 0.816491
vt 0.215805 0.799647
vt 0.216978 0.813013
vt 0.242359 0.827152
vt 0.251945 0.840720
vt 0.243795 0.843645
vt 0.243427 0.850389
vt 0.235416 0.837473
vt 0.230291 0.846827
vt 0.240412 0.861403
vt 0.226284 0.857331
vt 0.207499 0.834049
vt 0.202387 0.848182
vt 0.219911 0.829540
vt 0.237875 0.874456
vt 0.222414 0.871539
vt 0.196193 0.866281
vt 0.193745 0.885738
vt 0.220456 0.887190
vt 0.220274 0.898656
vt 0.200741 0.897829
vt 0.235542 0.889940
vt 0.230708 0.898474
vt 0.324153 0.824260
vt 0.336961 0.827630
vt 0.343451 0.841219
vt 0.351431 0.858676
vt 0.325763 0.866483
vt 0.355784 0.877881
vt 0.329239 0.881918
vt 0.330527 0.893349
vt 0.349961 0.890643
vt 0.273814 0.857262
vt 0.273461 0.857302
vt 0.273105 0.857303
vn 0.6954 -0.7134 -0.0868
vn 0.9025 -0.4285 -0.0426
vn 0.8513 -0.4378 0.2890
vn 0.7042 -0.6977 0.1312
vn 0.4075 -0.9112 -0.0609
vn 0.4347 -0.8578 0.2743
vn 0.5829 -0.5336 0.6128
vn 0.9864 -0.1641 -0.0014
vn 0.9271 -0.1378 0.3486
vn 0.7868 -0.1368 0.6019
vn 0.5865 -0.1544 0.7951
vn 0.4620 -0.3167 0.8284
vn 0.2504 -0.6874 0.6817
vn 0.2298 -0.9162 0.3283
vn 0.2781 -0.4177 0.8649
vn 0.3801 -0.1865 0.9059
vn 0.2599 -0.1538 0.9533
vn 0.4586 -0.1943 0.8672
vn 0.1722 -0.3546 0.9190
vn 0.1372 -0.5198 0.8432
vn 0.1583 -0.1116 0.9810
vn 0.0428 -0.2920 0.9554
vn 0.0496 -0.4018 0.9143
vn 0.0293 -0.1991 0.9795
vn 0.0684 -0.5537 0.8299
vn 0.0310 -0.4218 0.9061
vn 0.1054 -0.7306 0.6746
vn 0.0000 -0.5569 0.8305
vn 0.0000 -0.7272 0.6864
vn 0.0000 -0.4138 0.9104
vn 0.1060 -0.9368 0.3335
vn 0.0000 -0.9429 0.3330
vn -0.1054 -0.7306 0.6746
vn -0.0684 -0.5537 0.8299
vn -0.1060 -0.9368 0.3335
vn -0.2506 -0.6875 0.6815
vn -0.2300 -0.9161 0.3283
vn -0.1372 -0.5198 0.8432
vn -0.0310 -0.4218 0.9061
vn -0.0496 -0.4018 0.9143
vn 0.1325 0.5980 0.7904
vn 0.0000 0.6576 0.7534
vn 0.4389 0.4400 0.7833
vn 0.0000 0.9326 -0.3609
vn 0.0730 0.9068 -0.4152
vn 0.3563 0.7953 -0.4905
vn 0.0000 0.9548 -0.2971
vn 0.1707 0.9516 -0.2557
vn 0.5266 0.7142 -0.4611
vn 0.0000 0.6987 0.7154
vn 0.2633 0.6813 0.6829
vn 0.6529 0.6206 0.4342
vn 0.8418 0.3976 -0.3650
vn 0.7828 0.1440 0.6054
vn 0.6153 0.4148 -0.6702
vn 0.4202 -0.3348 -0.8433
vn 0.7226 -0.4039 -0.5611
vn 0.7226 -0.5987 0.3456
vn 0.0820 -0.8643 -0.4962
vn 0.2208 -0.8105 0.5425
vn 0.0450 -0.7884 -0.6134
vn 0.0000 -0.8587 -0.5125
vn 0.0000 -0.8569 0.5155
vn 0.0000 -0.8114 -0.5844
vn -0.0332 -0.7838 -0.6201
vn -0.0436 -0.8583 -0.5112
vn -0.2027 -0.8103 0.5499
vn -0.3889 -0.3377 -0.8571
vn -0.7085 -0.4332 -0.5571
vn -0.6858 -0.6458 0.3354
vn -0.6218 0.4039 -0.6710
vn -0.8440 0.3855 -0.3729
vn -0.7844 0.1492 0.6020
vn -0.5266 0.7142 -0.4611
vn -0.6529 0.6206 0.4342
vn -0.3563 0.7953 -0.4905
vn -0.0730 0.9068 -0.4152
vn -0.1707 0.9516 -0.2557
vn -0.2633 0.6814 0.6829
vn -0.1325 0.5980 0.7905
vn -0.4389 0.4400 0.7833
vn -0.6825 0.1268 0.7198
vn -0.4461 -0.4997 0.7425
vn -0.0647 -0.8762 0.4776
vn 0.0156 -0.2175 0.9759
vn 0.0000 -0.8748 0.4845
vn 0.0000 -0.2299 0.9732
vn 0.1099 -0.1395 0.9841
vn 0.0000 -0.2109 0.9775
vn 0.4615 0.0338 0.8865
vn 0.2884 -0.1662 0.9430
vn 0.1223 -0.1660 0.9785
vn 0.0000 -0.1673 0.9859
vn 0.2945 0.4212 0.8578
vn -0.1208 -0.1302 0.9841
vn -0.1588 -0.1642 0.9735
vn -0.0085 -0.2217 0.9751
vn -0.2514 -0.1589 0.9547
vn -0.3799 0.0417 0.9241
vn -0.2780 0.3797 0.8823
vn -0.1586 -0.1318 0.9785
vn -0.0060 -0.2203 0.9754
vn 0.0829 -0.8766 0.4740
vn 0.4601 -0.5338 0.7094
vn 0.6975 0.1150 0.7073
vn -0.0331 -0.3117 0.9496
vn -0.1759 -0.3638 0.9147
vn -0.2617 -0.1583 0.9521
vn -0.2793 -0.4189 0.8640
vn -0.5831 -0.5337 0.6124
vn -0.4626 -0.3169 0.8280
vn -0.3870 -0.1910 0.9020
vn -0.4669 -0.1937 0.8628
vn -0.5871 -0.1544 0.7946
vn -0.7872 -0.1368 0.6013
vn -0.5614 -0.0179 0.8273
vn -0.7549 0.1436 0.6399
vn -0.4041 -0.1219 0.9065
vn -0.3627 0.1259 0.9234
vn -0.3890 0.3693 0.8440
vn -0.2393 0.0137 0.9708
vn -0.0982 0.0036 0.9951
vn -0.0963 0.1616 0.9821
vn -0.0953 0.4041 0.9097
vn 0.0000 0.1556 0.9878
vn 0.0000 0.3987 0.9171
vn 0.0000 -0.0081 0.9999
vn 0.0985 0.0029 0.9951
vn 0.0963 0.1616 0.9821
vn 0.0953 0.4041 0.9097
vn 0.3624 0.1258 0.9235
vn 0.3886 0.3693 0.8442
vn 0.2391 0.0121 0.9709
vn 0.4012 -0.1247 0.9074
vn 0.5609 -0.0180 0.8277
vn 0.7546 0.1435 0.6403
vn 0.1951 -0.2625 0.9450
vn 0.2325 -0.2292 0.9452
vn 0.1593 -0.1693 0.9726
vn 0.2113 -0.0764 0.9744
vn -0.3990 0.5867 0.7046
vn -0.5894 -0.0641 0.8053
vn -0.3544 -0.6260 0.6946
vn 0.1418 0.1906 0.9713
vn -0.0852 0.8502 0.5195
vn 0.2682 0.9441 0.1916
vn 0.8002 0.5818 0.1454
vn -0.2459 0.9670 0.0657
vn 0.2600 0.9637 0.0598
vn 0.8394 0.5425 -0.0320
vn 0.9824 -0.1863 -0.0114
vn 0.7926 -0.2346 0.5628
vn 0.2841 0.9581 0.0370
vn 0.8373 0.5467 0.0016
vn 0.9823 -0.1867 -0.0115
vn 0.2734 0.9584 -0.0816
vn 0.7360 0.6705 -0.0931
vn 0.9893 -0.1451 -0.0120
vn -0.2179 0.9747 0.0493
vn -0.2227 0.9748 -0.0126
vn -0.6677 0.7444 -0.0076
vn -0.6687 0.7435 -0.0077
vn -0.6693 0.7430 -0.0077
vn -0.9692 0.2463 -0.0063
vn -0.9825 0.1859 -0.0056
vn -0.9824 0.1864 -0.0055
vn -0.8552 -0.5183 -0.0043
vn -0.8079 -0.5893 -0.0054
vn -0.8073 -0.5900 -0.0054
vn -0.1677 -0.9858 -0.0103
vn -0.1681 -0.9857 -0.0103
vn -0.2259 -0.9741 -0.0103
vn 0.4314 -0.9021 -0.0046
vn 0.4393 -0.8983 -0.0045
vn 0.4381 -0.8989 -0.0046
vn 0.7836 -0.6212 -0.0041
vn 0.7839 -0.6208 -0.0042
vn 0.7937 -0.6083 -0.0043
vn 0.4866 -0.4999 0.7164
vn 0.3312 -0.6193 0.7119
vn 0.0827 -0.1653 0.9828
vn 0.1076 -0.1234 0.9865
vn 0.0604 -0.6965 0.7150
vn 0.0839 -0.1448 0.9859
vn 0.0000 -0.1348 0.9908
vn -0.0993 -0.1516 0.9834
vn -0.0778 -0.1736 0.9817
vn -0.1072 -0.1232 0.9865
vn -0.7005 -0.2564 0.6659
vn -0.4517 -0.5084 0.7331
vn -0.3315 -0.6204 0.7107
vn -0.7371 0.6315 0.2405
vn -0.9824 -0.1863 -0.0114
vn -0.7840 -0.6207 -0.0042
vn -0.7993 0.5964 -0.0733
vn -0.8103 0.5806 -0.0791
vn -0.9823 -0.1867 -0.0114
vn -0.7836 -0.6212 -0.0042
vn -0.7440 0.6612 -0.0959
vn -0.9893 -0.1451 -0.0119
vn -0.7937 -0.6083 -0.0045
vn -0.2455 0.9665 -0.0746
vn -0.2003 0.9779 -0.0599
vn -0.1797 0.9823 -0.0533
vn 0.1858 0.9816 0.0445
vn 0.1605 0.9862 0.0413
vn 0.2091 0.9779 0.0002
vn 0.6271 0.7788 -0.0075
vn 0.6392 0.7660 0.0674
vn 0.5894 0.8045 0.0726
vn 0.9703 0.2418 -0.0063
vn 0.9842 0.1750 0.0273
vn 0.9861 0.1639 0.0264
vn 0.8552 -0.5183 -0.0042
vn 0.8079 -0.5893 -0.0054
vn 0.8073 -0.5901 -0.0054
vn 0.1678 -0.9857 -0.0102
vn 0.1683 -0.9857 -0.0103
vn 0.2260 -0.9741 -0.0102
vn -0.4314 -0.9021 -0.0047
vn -0.4392 -0.8983 -0.0046
vn -0.4380 -0.8990 -0.0046
vn -0.0616 -0.6930 0.7182
vn -0.1606 -0.1632 0.9734
vn 0.3519 -0.6218 0.6996
vn -0.2037 -0.2582 0.9443
vn -0.2479 -0.2278 0.9416
vn 0.5973 -0.0766 0.7983
vn -0.2285 -0.0857 0.9698
vn 0.3081 0.5938 0.7432
vn -0.1605 0.1499 0.9756
vn 0.0012 0.8217 0.5699
vn -0.2435 0.9351 0.2575
vn 0.9244 0.1377 0.3556
vn 0.8472 0.4347 0.3053
vn 0.6677 0.4982 0.5531
vn 0.3327 0.6259 0.7053
vn 0.7259 0.6682 0.1629
vn 0.5518 0.7565 0.3510
vn 0.2788 0.8561 0.4351
vn 0.0924 0.6820 0.7255
vn 0.0913 0.8862 0.4542
vn 0.0000 0.6835 0.7299
vn 0.0000 0.8901 0.4557
vn -0.0924 0.6820 0.7255
vn -0.0913 0.8862 0.4542
vn -0.3331 0.6259 0.7052
vn -0.2792 0.8560 0.4350
vn -0.6681 0.4981 0.5528
vn -0.5522 0.7563 0.3508
vn -0.4963 0.8677 -0.0277
vn -0.2887 0.9574 -0.0058
vn -0.1040 0.9945 0.0119
vn -0.4692 0.7925 -0.3897
vn -0.2836 0.8446 -0.4540
vn -0.1100 0.8593 -0.4994
vn 0.0000 0.8648 -0.5022
vn 0.0000 0.9998 0.0168
vn 0.1040 0.9945 0.0119
vn 0.1100 0.8593 -0.4994
vn 0.2833 0.8447 -0.4541
vn 0.2883 0.9575 -0.0058
vn 0.4688 0.7927 -0.3898
vn 0.4959 0.8679 -0.0276
vn 0.2831 0.5039 -0.8160
vn 0.5261 0.4806 -0.7015
vn 0.1127 0.5130 -0.8509
vn 0.3053 0.1299 -0.9433
vn 0.5727 0.1155 -0.8115
vn 0.1281 0.1409 -0.9817
vn 0.0000 0.1467 -0.9892
vn 0.0000 0.5189 -0.8548
vn -0.1127 0.5130 -0.8509
vn -0.1281 0.1409 -0.9817
vn -0.3057 0.1299 -0.9432
vn -0.2835 0.5039 -0.8159
vn -0.5265 0.4805 -0.7013
vn -0.5730 0.1155 -0.8113
vn -0.3019 -0.1932 -0.9335
vn -0.5661 -0.1646 -0.8077
vn -0.1155 -0.2144 -0.9699
vn -0.2400 -0.5441 -0.8039
vn -0.5095 -0.5136 -0.6903
vn -0.0804 -0.5652 -0.8210
vn 0.0000 -0.2257 -0.9742
vn 0.0000 -0.5737 -0.8190
vn 0.1155 -0.2144 -0.9699
vn 0.0804 -0.5652 -0.8210
vn 0.3016 -0.1932 -0.9337
vn 0.2423 -0.5453 -0.8025
vn 0.5658 -0.1646 -0.8079
vn 0.5097 -0.5177 -0.6872
vn 0.2134 -0.8686 -0.4472
vn 0.4195 -0.8262 -0.3759
vn 0.0638 -0.8861 -0.4589
vn 0.2021 -0.9788 -0.0321
vn 0.0763 -0.9965 -0.0347
vn 0.0000 -0.9992 -0.0402
vn 0.0000 -0.8870 -0.4618
vn -0.0638 -0.8861 -0.4589
vn -0.0763 -0.9965 -0.0347
vn -0.1994 -0.9794 -0.0309
vn -0.2086 -0.8695 -0.4476
vn -0.4230 -0.8238 -0.3774
vn -0.4073 -0.9115 -0.0574
vn -0.4349 -0.8577 0.2742
vn -0.7042 -0.6977 0.1312
vn -0.8513 -0.4378 0.2890
vn -0.6980 -0.7111 -0.0844
vn -0.9025 -0.4285 -0.0426
vn -0.9271 -0.1378 0.3486
vn -0.9864 -0.1641 -0.0014
vn -0.7577 -0.4852 -0.4365
vn -0.8690 -0.1659 -0.4661
vn -0.6625 -0.7053 -0.2523
vn -0.9244 0.1377 0.3556
vn -0.9907 0.1355 0.0103
vn -0.8757 0.1204 -0.4675
vn -0.7819 0.4567 -0.4243
vn -0.9015 0.4327 0.0013
vn -0.7164 0.6973 -0.0242
vn -0.6673 0.7006 -0.2526
vn -0.8472 0.4347 0.3053
vn -0.7259 0.6682 0.1629
vn 0.6542 -0.7116 -0.2560
vn 0.7539 -0.4904 -0.4371
vn 0.8690 -0.1659 -0.4661
vn 0.8757 0.1204 -0.4675
vn 0.9907 0.1355 0.0103
vn 0.7819 0.4567 -0.4243
vn 0.9015 0.4327 0.0013
vn 0.7164 0.6973 -0.0242
vn 0.6673 0.7006 -0.2526
vn -0.2516 -0.0906 0.9636
vn 0.0000 -0.1463 0.9892
vn 0.2544 -0.0942 0.9625
usemtl Skin
s 1
f 2648/3234/2532 2652/3235/2533 2650/3236/2534 2647/3237/2535
f 2965/3238/2536 2648/3234/2532 2647/3237/2535 2649/3239/2537
f 2647/3237/2535 2650/3236/2534 2653/3240/2538 2649/3239/2537
f 2652/3235/2533 2971/3241/2539 2651/3242/2540 2650/3236/2534
f 2650/3236/2534 2651/3242/2540 2654/3243/2541 2653/3240/2538
f 2658/3244/2542 2656/3245/2543 2653/3240/2538 2654/3243/2541
f 2649/3239/2537 2653/3240/2538 2655/3246/2544 2966/3247/2545
f 2653/3240/2538 2656/3245/2543 2659/3248/2546 2655/3246/2544
f 2659/3248/2546 2656/3245/2543 2657/3249/2547 2660/3250/2548
f 2774/3251/2549 2657/3249/2547 2656/3245/2543 2658/3244/2542
f 2659/3248/2546 2661/3252/2550 2664/3253/2551 2655/3246/2544
f 2660/3250/2548 2663/3254/2552 2661/3252/2550 2659/3248/2546
f 2664/3253/2551 2661/3252/2550 2662/3255/2553 2665/3256/2554
f 2661/3252/2550 2663/3254/2552 2723/3257/2555 2662/3255/2553
f 2666/3258/2556 2664/3253/2551 2665/3256/2554 2668/3259/2557
f 2669/3260/2558 2655/3246/2544 2664/3253/2551 2666/3258/2556
f 2669/3260/2558 2666/3258/2556 2667/3261/2559 2671/3262/2560
f 2667/3261/2559 2666/3258/2556 2668/3259/2557 2679/3263/2561
f 2655/3246/2544 2669/3260/2558 2670/3264/2562 2966/3247/2545
f 2670/3264/2562 2669/3260/2558 2671/3262/2560 2672/3265/2563
f 2673/3266/2564 2671/3262/2560 2667/3261/2559 2676/3267/2565
f 2674/3268/2566 2672/3265/2563 2671/3262/2560 2673/3266/2564
f 2675/3269/2567 2943/3270/2568 2674/3268/2566 2673/3266/2564
f 2673/3266/2564 2676/3267/2565 2677/3271/2569 2675/3269/2567
f 2667/3261/2559 2679/3263/2561 2678/3272/2570 2676/3267/2565
f 2676/3267/2565 2678/3272/2570 2680/3273/2571 2677/3271/2569
f 2681/3274/2572 2678/3272/2570 2679/3263/2561 2682/3275/2573
f 2683/3276/2574 2680/3273/2571 2678/3272/2570 2681/3274/2572
f 2681/3274/2572 2682/3275/2573 2685/3277/2575 2684/3278/2576
f 2683/3276/2574 2681/3274/2572 2684/3278/2576 2686/3279/2577
f 2684/3278/2576 2685/3277/2575 2689/3280/2578 2687/3281/2579
f 2686/3279/2577 2684/3278/2576 2687/3281/2579 2690/3282/2580
f 2687/3281/2579 2689/3280/2578 2979/3283/2581 2688/3284/2582
f 2690/3282/2580 2687/3281/2579 2688/3284/2582 2691/3285/2583
f 2692/3286/2584 2690/3282/2580 2691/3285/2583 2694/3287/2585
f 2693/3288/2586 2686/3279/2577 2690/3282/2580 2692/3286/2584
f 2697/3289/2587 2693/3288/2586 2692/3286/2584 2695/3290/2588
f 2695/3290/2588 2692/3286/2584 2694/3287/2585 2696/3291/2589
f 2698/3292/2590 2695/3290/2588 2696/3291/2589 2699/3293/2591
f 2700/3294/2592 2697/3289/2587 2695/3290/2588 2698/3292/2590
f 2701/3295/2593 2698/3292/2590 2699/3293/2591 2703/3296/2594
f 2702/3297/2595 2700/3294/2592 2698/3292/2590 2701/3295/2593
f 2705/3298/2596 2702/3297/2595 2701/3295/2593 2704/3299/2597
f 2704/3299/2597 2701/3295/2593 2703/3296/2594 2706/3300/2598
f 2708/3301/2599 2705/3298/2596 2704/3299/2597 2707/3302/2600
f 2707/3302/2600 2704/3299/2597 2706/3300/2598 2709/3303/2601
f 2712/3304/2602 2708/3301/2599 2707/3302/2600 2710/3305/2603
f 2710/3305/2603 2707/3302/2600 2709/3303/2601 2711/3306/2604
f 2713/3307/2605 2710/3305/2603 2711/3306/2604 2715/3308/2606
f 2714/3309/2607 2712/3304/2602 2710/3305/2603 2713/3307/2605
f 2718/3310/2608 2714/3309/2607 2713/3307/2605 2716/3311/2609
f 2716/3311/2609 2713/3307/2605 2715/3308/2606 2717/3312/2610
f 2689/3280/2578 2716/3311/2609 2717/3312/2610 2979/3283/2581
f 2685/3277/2575 2718/3310/2608 2716/3311/2609 2689/3280/2578
f 2682/3275/2573 2719/3313/2611 2718/3310/2608 2685/3277/2575
f 2719/3313/2611 2720/3314/2612 2714/3309/2607 2718/3310/2608
f 2719/3313/2611 2682/3275/2573 2679/3263/2561 2668/3259/2557
f 2720/3314/2612 2719/3313/2611 2668/3259/2557 2665/3256/2554
f 2720/3314/2612 2721/3315/2613 2712/3304/2602 2714/3309/2607
f 2721/3315/2613 2720/3314/2612 2665/3256/2554 2662/3255/2553
f 2721/3315/2613 2722/3316/2614 2708/3301/2599 2712/3304/2602
f 2722/3316/2614 2721/3315/2613 2662/3255/2553 2723/3257/2555
f 2724/3317/2615 2722/3316/2614 2723/3257/2555 2726/3318/2616
f 2722/3316/2614 2724/3317/2615 2705/3298/2596 2708/3301/2599
f 2724/3317/2615 2725/3319/2617 2702/3297/2595 2705/3298/2596
f 2725/3319/2617 2724/3317/2615 2726/3318/2616 2727/3320/2618
f 2726/3318/2616 2728/3321/2619 2731/3322/2620 2727/3320/2618
f 2728/3321/2619 2726/3318/2616 2723/3257/2555 2663/3254/2552
f 2728/3321/2619 2730/3323/2621 2822/3324/2622 2729/3325/2623
f 2728/3321/2619 2729/3325/2623 2732/3326/2624 2731/3322/2620
f 2728/3321/2619 2663/3254/2552 2781/3327/2625 2730/3323/2621
f 2733/3328/2626 2731/3322/2620 2732/3326/2624 2734/3329/2627
f 2737/3330/2628 2727/3320/2618 2731/3322/2620 2733/3328/2626
f 2733/3328/2626 2734/3329/2627 2828/3331/2629 2735/3332/2630
f 2733/3328/2626 2735/3332/2630 2872/3333/2631 2736/3334/2632
f 2733/3328/2626 2736/3334/2632 2738/3335/2633 2737/3330/2628
f 2725/3319/2617 2727/3320/2618 2737/3330/2628 2739/3336/2634
f 2739/3336/2634 2737/3330/2628 2738/3335/2633 2740/3337/2635
f 2725/3319/2617 2739/3336/2634 2700/3294/2592 2702/3297/2595
f 2739/3336/2634 2740/3337/2635 2697/3289/2587 2700/3294/2592
f 2740/3337/2635 2741/3338/2636 2693/3288/2586 2697/3289/2587
f 2740/3337/2635 2738/3335/2633 2742/3339/2637 2741/3338/2636
f 2741/3338/2636 2683/3276/2574 2686/3279/2577 2693/3288/2586
f 2741/3338/2636 2742/3339/2637 2680/3273/2571 2683/3276/2574
f 2743/3340/2638 2742/3339/2637 2738/3335/2633 2736/3334/2632
f 2677/3271/2569 2680/3273/2571 2742/3339/2637 2743/3340/2638
f 2745/3341/2639 2744/3342/2640 2743/3340/2638 2736/3334/2632
f 2744/3342/2640 2675/3269/2567 2677/3271/2569 2743/3340/2638
f 2748/3343/2641 2675/3269/2567 2744/3342/2640 2746/3344/2642
f 2744/3342/2640 2745/3341/2639 2747/3345/2643 2746/3344/2642
f 2751/3346/2644 2749/3347/2645 2746/3344/2642 2747/3345/2643
f 2749/3347/2645 2750/3348/2646 2748/3343/2641 2746/3344/2642
f 2750/3348/2646 2749/3347/2645 2752/3349/2647 2753/3350/2648
f 2749/3347/2645 2751/3346/2644 2754/3351/2649 2752/3349/2647
f 2755/3352/2650 2757/3353/2651 2753/3350/2648 2752/3349/2647
f 2756/3354/2652 2755/3352/2650 2752/3349/2647 2754/3351/2649
f 2760/3355/2653 2758/3356/2654 2755/3352/2650 2756/3354/2652
f 2758/3356/2654 2759/3357/2655 2757/3353/2651 2755/3352/2650
f 2758/3356/2654 2761/3358/2656 2763/3359/2657 2759/3357/2655
f 2760/3355/2653 2762/3360/2658 2761/3358/2656 2758/3356/2654
f 2766/3361/2659 2764/3362/2660 2761/3358/2656 2762/3360/2658
f 2764/3362/2660 2765/3363/2661 2763/3359/2657 2761/3358/2656
f 2764/3362/2660 2767/3364/2662 2769/3365/2663 2765/3363/2661
f 2766/3361/2659 2768/3366/2664 2767/3364/2662 2764/3362/2660
f 2768/3366/2664 2772/3367/2665 2770/3368/2666 2767/3364/2662
f 2767/3364/2662 2770/3368/2666 2771/3369/2667 2769/3365/2663
f 2654/3243/2541 2771/3369/2667 2770/3368/2666 2658/3244/2542
f 2658/3244/2542 2770/3368/2666 2772/3367/2665 2774/3251/2549
f 2774/3251/2549 2772/3367/2665 2773/3370/2668 2775/3371/2669
f 2773/3370/2668 2772/3367/2665 2768/3366/2664 2820/3372/2670
f 2777/3373/2671 2657/3249/2547 2774/3251/2549 2775/3371/2669
f 2778/3374/2672 2777/3373/2671 2775/3371/2669 2776/3375/2673
f 2775/3371/2669 2773/3370/2668 2819/3376/2674 2776/3375/2673
f 2660/3250/2548 2657/3249/2547 2777/3373/2671 2779/3377/2675
f 2779/3377/2675 2777/3373/2671 2778/3374/2672 2780/3378/2676
f 2781/3327/2625 2663/3254/2552 2660/3250/2548 2779/3377/2675
f 2782/3379/2677 2781/3327/2625 2779/3377/2675 2780/3378/2676
f 2730/3323/2621 2781/3327/2625 2782/3379/2677 2784/3380/2678
f 2795/3381/2679 2783/3382/2680 2782/3379/2677 2780/3378/2676
f 2783/3382/2680 2786/3383/2681 2784/3380/2678 2782/3379/2677
f 2786/3383/2681 2787/3384/2682 2785/3385/2683 2784/3380/2678
f 2730/3323/2621 2784/3380/2678 2785/3385/2683 2822/3324/2622
f 2791/3386/2684 2788/3387/2685 2786/3383/2681 2783/3382/2680
f 2788/3387/2685 2790/3388/2686 2787/3384/2682 2786/3383/2681
f 2792/3389/2687 2789/3390/2688 2788/3387/2685 2791/3386/2684
f 2789/3390/2688 2874/3391/2689 2790/3388/2686 2788/3387/2685
f 2793/3392/2690 2791/3386/2684 2783/3382/2680 2795/3381/2679
f 2794/3393/2691 2792/3389/2687 2791/3386/2684 2793/3392/2690
f 2797/3394/2692 2794/3393/2691 2793/3392/2690 2796/3395/2693
f 2796/3395/2693 2793/3392/2690 2795/3381/2679 2798/3396/2694
f 2800/3397/2695 2797/3394/2692 2796/3395/2693 2799/3398/2696
f 2799/3398/2696 2796/3395/2693 2798/3396/2694 2801/3399/2697
f 2804/3400/2698 2800/3397/2695 2799/3398/2696 2802/3401/2699
f 2802/3401/2699 2799/3398/2696 2801/3399/2697 2803/3402/2700
f 2805/3403/2701 2802/3401/2699 2803/3402/2700 2807/3404/2702
f 2806/3405/2703 2804/3400/2698 2802/3401/2699 2805/3403/2701
f 2810/3406/2704 2806/3405/2703 2805/3403/2701 2808/3407/2705
f 2808/3407/2705 2805/3403/2701 2807/3404/2702 2809/3408/2706
f 2811/3409/2707 2808/3407/2705 2809/3408/2706 2813/3410/2708
f 2812/3411/2709 2810/3406/2704 2808/3407/2705 2811/3409/2707
f 2874/3391/2689 2812/3411/2709 2811/3409/2707 2790/3388/2686
f 2790/3388/2686 2811/3409/2707 2813/3410/2708 2787/3384/2682
f 2787/3384/2682 2813/3410/2708 2814/3412/2710 2785/3385/2683
f 2813/3410/2708 2809/3408/2706 2816/3413/2711 2814/3412/2710
f 2785/3385/2683 2814/3412/2710 2815/3414/2712 2822/3324/2622
f 2817/3415/2713 2815/3414/2712 2814/3412/2710 2816/3413/2711
f 2820/3372/2670 2817/3415/2713 2816/3413/2711 2818/3416/2714
f 2809/3408/2706 2807/3404/2702 2818/3416/2714 2816/3413/2711
f 2819/3376/2674 2773/3370/2668 2820/3372/2670 2818/3416/2714
f 2807/3404/2702 2803/3402/2700 2819/3376/2674 2818/3416/2714
f 2768/3366/2664 2766/3361/2659 2817/3415/2713 2820/3372/2670
f 2803/3402/2700 2801/3399/2697 2776/3375/2673 2819/3376/2674
f 2766/3361/2659 2821/3417/2715 2815/3414/2712 2817/3415/2713
f 2822/3324/2622 2815/3414/2712 2821/3417/2715 2729/3325/2623
f 2729/3325/2623 2821/3417/2715 2823/3418/2716 2732/3326/2624
f 2821/3417/2715 2766/3361/2659 2762/3360/2658 2823/3418/2716
f 2734/3329/2627 2732/3326/2624 2823/3418/2716 2824/3419/2717
f 2824/3419/2717 2823/3418/2716 2762/3360/2658 2760/3355/2653
f 2828/3331/2629 2734/3329/2627 2824/3419/2717 2825/3420/2718
f 2760/3355/2653 2827/3421/2719 2825/3420/2718 2824/3419/2717
f 2829/3422/2720 2828/3331/2629 2825/3420/2718 2826/3423/2721
f 2827/3421/2719 2861/3424/2722 2826/3423/2721 2825/3420/2718
f 2735/3332/2630 2828/3331/2629 2829/3422/2720 2830/3425/2723
f 2831/3426/2724 2829/3422/2720 2826/3423/2721 2833/3427/2725
f 2832/3428/2726 2830/3425/2723 2829/3422/2720 2831/3426/2724
f 2837/3429/2727 2832/3428/2726 2831/3426/2724 2834/3430/2728
f 2834/3430/2728 2831/3426/2724 2833/3427/2725 2836/3431/2729
f 2838/3432/2730 2837/3429/2727 2834/3430/2728 2835/3433/2731
f 2835/3433/2731 2834/3430/2728 2836/3431/2729 2860/3434/2732
f 2841/3435/2733 2839/3436/2734 2837/3429/2727 2838/3432/2730
f 2839/3436/2734 2840/3437/2735 2832/3428/2726 2837/3429/2727
f 2842/3438/2736 2844/3439/2737 2840/3437/2735 2839/3436/2734
f 2843/3440/2738 2842/3438/2736 2839/3436/2734 2841/3435/2733
f 2846/3441/2739 2845/3442/2740 2842/3438/2736 2843/3440/2738
f 2845/3442/2740 2847/3443/2741 2844/3439/2737 2842/3438/2736
f 2849/3444/2742 2848/3445/2743 2845/3442/2740 2846/3441/2739
f 2848/3445/2743 2850/3446/2744 2847/3443/2741 2845/3442/2740
f 2853/3447/2745 2851/3448/2746 2848/3445/2743 2849/3444/2742
f 2851/3448/2746 2852/3449/2747 2850/3446/2744 2848/3445/2743
f 2854/3450/2748 2856/3451/2749 2852/3449/2747 2851/3448/2746
f 2855/3452/2750 2854/3450/2748 2851/3448/2746 2853/3447/2745
f 2859/3453/2751 2857/3454/2752 2854/3450/2748 2855/3452/2750
f 2857/3454/2752 2858/3455/2753 2856/3451/2749 2854/3450/2748
f 2836/3431/2729 2833/3427/2725 2858/3455/2753 2857/3454/2752
f 2860/3434/2732 2836/3431/2729 2857/3454/2752 2859/3453/2751
f 2858/3455/2753 2861/3424/2722 2862/3456/2754 2856/3451/2749
f 2833/3427/2725 2826/3423/2721 2861/3424/2722 2858/3455/2753
f 2864/3457/2755 2862/3456/2754 2861/3424/2722 2827/3421/2719
f 2863/3458/2756 2862/3456/2754 2864/3457/2755 2865/3459/2757
f 2856/3451/2749 2862/3456/2754 2863/3458/2756 2852/3449/2747
f 2756/3354/2652 2864/3457/2755 2827/3421/2719 2760/3355/2653
f 2865/3459/2757 2864/3457/2755 2756/3354/2652 2754/3351/2649
f 2751/3346/2644 2866/3460/2758 2865/3459/2757 2754/3351/2649
f 2866/3460/2758 2867/3461/2759 2863/3458/2756 2865/3459/2757
f 2868/3462/2760 2866/3460/2758 2751/3346/2644 2747/3345/2643
f 2869/3463/2761 2867/3461/2759 2866/3460/2758 2868/3462/2760
f 2745/3341/2639 2870/3464/2762 2868/3462/2760 2747/3345/2643
f 2870/3464/2762 2871/3465/2763 2869/3463/2761 2868/3462/2760
f 2872/3333/2631 2870/3464/2762 2745/3341/2639 2736/3334/2632
f 2873/3466/2764 2871/3465/2763 2870/3464/2762 2872/3333/2631
f 2735/3332/2630 2830/3425/2723 2873/3466/2764 2872/3333/2631
f 2844/3439/2737 2871/3465/2763 2873/3466/2764 2840/3437/2735
f 2840/3437/2735 2873/3466/2764 2830/3425/2723 2832/3428/2726
f 2847/3443/2741 2869/3463/2761 2871/3465/2763 2844/3439/2737
f 2850/3446/2744 2867/3461/2759 2869/3463/2761 2847/3443/2741
f 2852/3449/2747 2863/3458/2756 2867/3461/2759 2850/3446/2744
f 2801/3399/2697 2798/3396/2694 2778/3374/2672 2776/3375/2673
f 2798/3396/2694 2795/3381/2679 2780/3378/2676 2778/3374/2672
f 2651/3242/2540 2875/3467/2765 2771/3369/2667 2654/3243/2541
f 2875/3467/2765 2877/3468/2766 2876/3469/2767 2771/3369/2667
f 2771/3369/2667 2876/3469/2767 2879/3470/2768 2769/3365/2663
f 2877/3468/2766 2977/3471/2769 2878/3472/2770 2876/3469/2767
f 2876/3469/2767 2878/3472/2770 2880/3473/2771 2879/3470/2768
f 2769/3365/2663 2879/3470/2768 2881/3474/2772 2765/3363/2661
f 2879/3470/2768 2880/3473/2771 2882/3475/2773 2881/3474/2772
f 2883/3476/2774 2763/3359/2657 2765/3363/2661 2881/3474/2772
f 2884/3477/2775 2883/3476/2774 2881/3474/2772 2882/3475/2773
f 2883/3476/2774 2885/3478/2776 2759/3357/2655 2763/3359/2657
f 2884/3477/2775 2886/3479/2777 2885/3478/2776 2883/3476/2774
f 2757/3353/2651 2759/3357/2655 2885/3478/2776 2887/3480/2778
f 2887/3480/2778 2885/3478/2776 2886/3479/2777 2889/3481/2779
f 2888/3482/2780 2887/3480/2778 2889/3481/2779 2890/3483/2781
f 2753/3350/2648 2757/3353/2651 2887/3480/2778 2888/3482/2780
f 2892/3484/2782 2890/3483/2781 2889/3481/2779 2891/3485/2783
f 2891/3485/2783 2889/3481/2779 2886/3479/2777 2894/3486/2784
f 2962/3487/2785 2892/3484/2782 2891/3485/2783 2893/3488/2786
f 2893/3488/2786 2891/3485/2783 2894/3486/2784 2895/3489/2787
f 2897/3490/2788 2895/3489/2787 2894/3486/2784 2896/3491/2789
f 2886/3479/2777 2884/3477/2775 2896/3491/2789 2894/3486/2784
f 2897/3492/2788 2896/3493/2789 2898/3494/2790 2899/3495/2791
f 2882/3475/2773 2898/3494/2790 2896/3493/2789 2884/3477/2775
f 2902/3496/2792 2899/3495/2791 2898/3494/2790 2900/3497/2793
f 2900/3497/2793 2898/3494/2790 2882/3475/2773 2880/3473/2771
f 2903/3498/2794 2902/3496/2792 2900/3497/2793 2901/3499/2795
f 2901/3499/2795 2900/3497/2793 2880/3473/2771 2878/3472/2770
f 2904/3500/2796 2902/3496/2792 2903/3498/2794 2905/3501/2797
f 2907/3502/2798 2899/3495/2791 2902/3496/2792 2904/3500/2796
f 2906/3503/2799 2904/3500/2796 2905/3501/2797 2978/3504/2800
f 2908/3505/2801 2907/3502/2798 2904/3500/2796 2906/3503/2799
f 2907/3502/2798 2908/3505/2801 2910/3506/2802 2909/3507/2803
f 2899/3495/2791 2907/3502/2798 2909/3507/2803 2897/3492/2788
f 2911/3508/2804 2909/3509/2803 2910/3510/2802 2912/3511/2805
f 2895/3489/2787 2897/3490/2788 2909/3509/2803 2911/3508/2804
f 2912/3511/2805 2915/3512/2806 2913/3513/2807 2911/3508/2804
f 2911/3508/2804 2913/3513/2807 2893/3488/2786 2895/3489/2787
f 2913/3513/2807 2914/3514/2808 2962/3487/2785 2893/3488/2786
f 2915/3512/2806 2916/3515/2809 2914/3514/2808 2913/3513/2807
f 2917/3516/2810 2918/3517/2811 2916/3515/2809 2915/3512/2806
f 2920/3518/2812 2917/3516/2810 2915/3512/2806 2912/3511/2805
f 2919/3519/2813 2963/3520/2814 2918/3517/2811 2917/3516/2810
f 2921/3521/2815 2919/3519/2813 2917/3516/2810 2920/3518/2812
f 2922/3522/2816 2920/3518/2812 2912/3511/2805 2910/3510/2802
f 2923/3523/2817 2921/3521/2815 2920/3518/2812 2922/3522/2816
f 2922/3524/2816 2910/3506/2802 2908/3505/2801 2924/3525/2818
f 2923/3526/2817 2922/3524/2816 2924/3525/2818 2925/3527/2819
f 2924/3525/2818 2908/3505/2801 2906/3503/2799 2926/3528/2820
f 2925/3527/2819 2924/3525/2818 2926/3528/2820 2928/3529/2821
f 2928/3529/2821 2926/3528/2820 2927/3530/2822 2929/3531/2823
f 2926/3528/2820 2906/3503/2799 2978/3504/2800 2927/3530/2822
f 2930/3532/2824 2928/3529/2821 2929/3531/2823 2931/3533/2825
f 2933/3534/2826 2925/3527/2819 2928/3529/2821 2930/3532/2824
f 2930/3532/2824 2931/3533/2825 2965/3238/2536 2932/3535/2827
f 2933/3534/2826 2930/3532/2824 2932/3535/2827 2934/3536/2828
f 2933/3534/2826 2934/3536/2828 2936/3537/2829 2935/3538/2830
f 2935/3538/2830 2923/3526/2817 2925/3527/2819 2933/3534/2826
f 2937/3539/2831 2935/3540/2830 2936/3537/2829 2938/3541/2832
f 2935/3540/2830 2937/3539/2831 2921/3521/2815 2923/3523/2817
f 2937/3539/2831 2938/3541/2832 2941/3542/2833 2939/3543/2834
f 2937/3539/2831 2939/3543/2834 2919/3519/2813 2921/3521/2815
f 2939/3543/2834 2940/3544/2835 2963/3520/2814 2919/3519/2813
f 2939/3543/2834 2941/3542/2833 2942/3545/2836 2940/3544/2835
f 2941/3542/2833 2943/3270/2568 2944/3546/2837 2942/3545/2836
f 2938/3541/2832 2674/3268/2566 2943/3270/2568 2941/3542/2833
f 2944/3546/2837 2943/3270/2568 2675/3269/2567 2748/3343/2641
f 2945/3547/2838 2944/3546/2837 2748/3343/2641 2947/3548/2839
f 2942/3545/2836 2944/3546/2837 2945/3547/2838 2946/3549/2840
f 2946/3549/2840 2945/3547/2838 2947/3548/2839 2949/3550/2841
f 2949/3550/2841 2947/3548/2839 2948/3551/2842 2951/3552/2843
f 2947/3548/2839 2748/3343/2641 2750/3348/2646 2948/3551/2842
f 2950/3553/2844 2949/3550/2841 2951/3552/2843 2953/3554/2845
f 2964/3555/2846 2946/3549/2840 2949/3550/2841 2950/3553/2844
f 2951/3552/2843 2948/3551/2842 2960/3556/2847 2952/3557/2848
f 2953/3554/2845 2951/3552/2843 2952/3557/2848 2954/3558/2849
f 2963/3520/2814 2950/3553/2844 2953/3554/2845 2918/3517/2811
f 2918/3517/2811 2953/3554/2845 2954/3558/2849 2916/3515/2809
f 2916/3515/2809 2954/3558/2849 2955/3559/2850 2914/3514/2808
f 2954/3558/2849 2952/3557/2848 2957/3560/2851 2955/3559/2850
f 2955/3559/2850 2957/3560/2851 2958/3561/2852 2956/3562/2853
f 2914/3514/2808 2955/3559/2850 2956/3562/2853 2962/3487/2785
f 2952/3557/2848 2960/3556/2847 2959/3563/2854 2957/3560/2851
f 2957/3560/2851 2959/3563/2854 2961/3564/2855 2958/3561/2852
f 2960/3556/2847 2753/3350/2648 2888/3482/2780 2959/3563/2854
f 2959/3563/2854 2888/3482/2780 2890/3483/2781 2961/3564/2855
f 2958/3561/2852 2961/3564/2855 2890/3483/2781 2892/3484/2782
f 2948/3551/2842 2750/3348/2646 2753/3350/2648 2960/3556/2847
f 2956/3562/2853 2958/3561/2852 2892/3484/2782 2962/3487/2785
f 2940/3544/2835 2964/3555/2846 2950/3553/2844 2963/3520/2814
f 2940/3544/2835 2942/3545/2836 2946/3549/2840 2964/3555/2846
f 2672/3265/2563 2674/3268/2566 2938/3541/2832 2936/3537/2829
f 2672/3265/2563 2936/3537/2829 2934/3536/2828 2670/3264/2562
f 2934/3536/2828 2932/3535/2827 2966/3247/2545 2670/3264/2562
f 2932/3535/2827 2965/3238/2536 2649/3239/2537 2966/3247/2545
f 2931/3533/2825 2967/3565/2856 2648/3234/2532 2965/3238/2536
f 2931/3533/2825 2929/3531/2823 2968/3566/2857 2967/3565/2856
f 2967/3565/2856 2968/3566/2857 2652/3235/2533 2648/3234/2532
f 2929/3531/2823 2927/3530/2822 2969/3567/2858 2968/3566/2857
f 2968/3566/2857 2969/3567/2858 2971/3241/2539 2652/3235/2533
f 2969/3567/2858 2970/3568/2859 2972/3569/2860 2971/3241/2539
f 2927/3530/2822 2978/3504/2800 2970/3568/2859 2969/3567/2858
f 2971/3241/2539 2972/3569/2860 2875/3467/2765 2651/3242/2540
f 2970/3568/2859 2975/3570/2861 2973/3571/2862 2972/3569/2860
f 2972/3569/2860 2973/3571/2862 2877/3468/2766 2875/3467/2765
f 2973/3571/2862 2974/3572/2863 2977/3471/2769 2877/3468/2766
f 2975/3570/2861 2976/3573/2864 2974/3572/2863 2973/3571/2862
f 2978/3504/2800 2905/3501/2797 2975/3570/2861 2970/3568/2859
f 2905/3501/2797 2903/3498/2794 2976/3573/2864 2975/3570/2861
f 2976/3573/2864 2903/3498/2794 2901/3499/2795 2974/3572/2863
f 2974/3572/2863 2901/3499/2795 2878/3472/2770 2977/3471/2769
f 2980/3574/2865 2981/3575/2866 2979/3283/2581 2717/3312/2610
f 2711/3306/2604 2980/3574/2865 2717/3312/2610 2715/3308/2606
f 2709/3303/2601 2706/3300/2598 2980/3574/2865 2711/3306/2604
f 2706/3300/2598 2703/3296/2594 2981/3575/2866 2980/3574/2865
f 2982/3576/2867 2688/3284/2582 2979/3283/2581 2981/3575/2866
f 2699/3293/2591 2982/3576/2867 2981/3575/2866 2703/3296/2594
f 2694/3287/2585 2691/3285/2583 2688/3284/2582 2982/3576/2867
f 2696/3291/2589 2694/3287/2585 2982/3576/2867 2699/3293/2591
o Char_Nose_Cube.078
v -0.004936 1.521141 0.109555
v -0.006017 1.519920 0.104957
v -0.006017 1.526713 0.110188
v 0.000000 1.519920 0.110188
v 0.004936 1.521141 0.109555
v 0.000000 1.526713 0.111517
v 0.000000 1.517358 0.104957
v 0.000000 1.520076 0.098180
v 0.006018 1.519920 0.104957
v 0.004936 1.521145 0.098988
v 0.008288 1.526713 0.104957
v 0.006018 1.526760 0.099207
v 0.003785 1.537094 0.104957
v 0.006018 1.526713 0.110188
v 0.003104 1.535873 0.107847
v 0.000000 1.537094 0.108481
v -0.003104 1.535873 0.107847
v 0.000000 1.539656 0.104957
v 0.000000 1.536976 0.100775
v -0.003784 1.537094 0.104957
v -0.003104 1.535642 0.101214
v -0.008287 1.526713 0.104957
v -0.006017 1.526760 0.099207
v -0.004936 1.521145 0.098988
v 0.000000 1.527038 0.097899
v 0.003104 1.535642 0.101214
vt 0.875969 0.945126
vt 0.872385 0.949592
vt 0.870352 0.945695
vt 0.872639 0.943952
vt 0.871630 0.940891
vt 0.875521 0.938933
vt 0.868650 0.942433
vt 0.866672 0.949977
vt 0.867614 0.946574
vt 0.865681 0.943995
vt 0.853147 0.945463
vt 0.855605 0.946158
vt 0.857067 0.950219
vt 0.851084 0.950299
vt 0.850944 0.944171
vt 0.847001 0.945926
vt 0.861848 0.946066
vt 0.857447 0.943757
vt 0.861841 0.945789
vt 0.858417 0.938248
vt 0.861041 0.936395
vt 0.861934 0.937067
vt 0.864129 0.938282
vt 0.865687 0.936754
vt 0.864225 0.933952
vt 0.868091 0.933855
vt 0.867832 0.936350
vt 0.856853 0.936771
vt 0.854705 0.936665
vt 0.854226 0.933489
vt 0.858297 0.933386
vt 0.846892 0.939415
vt 0.851401 0.941179
vt 0.854498 0.942293
vn -0.7285 -0.6843 0.0306
vn 0.0000 -0.9994 0.0338
vn 0.0000 -0.6440 0.7650
vn -0.5506 -0.5017 0.6672
vn -0.6617 0.0580 0.7475
vn -0.9979 0.0600 0.0239
vn 0.0000 0.0619 0.9981
vn 0.7285 -0.6843 0.0306
vn 0.5506 -0.5017 0.6672
vn 0.6617 0.0580 0.7475
vn 0.0000 -0.6077 -0.7941
vn 0.5688 -0.4751 -0.6714
vn -0.5688 -0.4751 -0.6714
vn 0.9979 0.0600 0.0239
vn 0.6888 0.0942 -0.7188
vn 0.5735 0.4987 -0.6498
vn 0.7379 0.6744 0.0231
vn 0.5650 0.4955 0.6597
vn 0.0000 0.6259 0.7799
vn 0.0000 0.9997 0.0241
vn -0.7379 0.6744 0.0231
vn -0.5650 0.4955 0.6597
vn 0.0000 0.6543 -0.7562
vn -0.5735 0.4988 -0.6498
vn -0.6888 0.0942 -0.7188
vn 0.0000 0.1345 -0.9909
usemtl Skin
s 1
f 2984/3577/2868 2989/3578/2869 2986/3579/2870 2983/3580/2871
f 2983/3580/2871 2985/3581/2872 3004/3582/2873 2984/3577/2868
f 2986/3579/2870 2988/3583/2874 2985/3581/2872 2983/3580/2871
f 2989/3578/2869 2991/3584/2875 2987/3585/2876 2986/3579/2870
f 2987/3585/2876 2996/3586/2877 2988/3583/2874 2986/3579/2870
f 2990/3587/2878 2992/3588/2879 2991/3589/2875 2989/3590/2869
f 3006/3591/2880 2990/3587/2878 2989/3590/2869 2984/3592/2868
f 2991/3584/2875 2993/3593/2881 2996/3586/2877 2987/3585/2876
f 2992/3588/2879 2994/3594/2882 2993/3595/2881 2991/3589/2875
f 2994/3594/2882 3008/3596/2883 2995/3597/2884 2993/3595/2881
f 2993/3593/2881 2995/3598/2884 2997/3599/2885 2996/3586/2877
f 2996/3586/2877 2997/3599/2885 2998/3600/2886 2988/3583/2874
f 2995/3598/2884 3000/3601/2887 2998/3600/2886 2997/3599/2885
f 3000/3601/2887 3002/3602/2888 2999/3603/2889 2998/3600/2886
f 2988/3583/2874 2998/3600/2886 2999/3603/2889 2985/3581/2872
f 3001/3604/2890 3003/3605/2891 3002/3606/2888 3000/3607/2887
f 3008/3596/2883 3001/3604/2890 3000/3607/2887 2995/3597/2884
f 2985/3581/2872 2999/3603/2889 3002/3602/2888 3004/3582/2873
f 3004/3608/2873 3002/3606/2888 3003/3605/2891 3005/3609/2892
f 2984/3592/2868 3004/3608/2873 3005/3609/2892 3006/3591/2880
f 3005/3609/2892 3003/3605/2891 3001/3604/2890 3007/3610/2893
f 3006/3591/2880 3005/3609/2892 3007/3610/2893 2990/3587/2878
f 3007/3610/2893 3001/3604/2890 3008/3596/2883 2994/3594/2882
f 2990/3587/2878 3007/3610/2893 2994/3594/2882 2992/3588/2879
o Char_Sneakers__L_Cube.095
v 0.025656 0.000009 0.000247
v 0.026914 0.000009 0.091529
v 0.014105 0.000009 0.000889
v 0.014380 0.000009 0.100089
v 0.010605 0.000009 0.103244
v 0.025655 0.000009 0.143065
v 0.023041 0.000009 0.146700
v 0.031733 0.000009 0.112560
v 0.063866 0.000009 0.154733
v 0.063866 0.000009 0.158380
v 0.063866 0.000009 0.129030
v 0.102077 0.000009 0.143065
v 0.095998 0.000009 0.112560
v 0.104690 0.000009 0.146700
v 0.113351 0.000009 0.100089
v 0.100818 0.000009 0.092722
v 0.117127 0.000009 0.103244
v 0.113628 0.000009 0.000889
v 0.102077 0.000009 0.000247
v 0.118594 0.000009 0.001165
v 0.098507 0.000009 -0.051132
v 0.091886 0.000009 -0.042246
v 0.101354 0.000009 -0.054953
v 0.063866 0.000009 -0.060991
v 0.063866 0.000009 -0.049473
v 0.063866 0.000009 -0.065943
v 0.029225 0.000009 -0.051132
v 0.035846 0.000009 -0.042246
v 0.026378 0.000009 -0.054953
v 0.023348 0.001899 -0.057045
v 0.009138 0.000009 0.001165
v 0.004611 0.001898 0.000663
v 0.004727 0.011342 0.001169
v 0.006145 0.001900 0.104260
v 0.006135 0.011345 0.105102
v 0.019733 0.001901 0.148411
v 0.019977 0.011347 0.147951
v 0.063866 0.001902 0.160893
v 0.063866 0.011349 0.161904
v 0.107999 0.001901 0.148411
v 0.107755 0.011347 0.147951
v 0.121587 0.001900 0.104260
v 0.121596 0.011345 0.105102
v 0.123122 0.001898 0.000663
v 0.123006 0.011342 0.001169
v 0.104384 0.001899 -0.057045
v 0.104141 0.011344 -0.057463
v 0.063866 0.001899 -0.068297
v 0.063866 0.011345 -0.068975
v 0.063866 0.012241 -0.068114
v 0.023591 0.011344 -0.057463
v 0.026793 0.012239 -0.056648
v 0.009337 0.012238 0.002091
v 0.030340 0.012910 -0.048260
v 0.030365 0.013408 -0.048256
v 0.014482 0.012900 0.005992
v 0.063866 0.012914 -0.058591
v 0.097392 0.012910 -0.048260
v 0.063866 0.013407 -0.058580
v 0.097367 0.013408 -0.048256
v 0.063866 0.014088 -0.068401
v 0.063866 0.018447 -0.068260
v 0.100972 0.014087 -0.056935
v 0.026760 0.014087 -0.056935
v 0.009288 0.014086 0.002091
v 0.026729 0.018446 -0.056795
v 0.026570 0.040005 -0.057948
v 0.009242 0.018443 0.002091
v 0.009007 0.040002 0.002091
v 0.010712 0.018428 0.105193
v 0.011017 0.039936 0.105745
v 0.010652 0.014083 0.105086
v 0.023715 0.018414 0.147589
v 0.023591 0.014080 0.147431
v 0.024354 0.039880 0.147472
v 0.063866 0.017992 0.161373
v 0.063866 0.013829 0.161496
v 0.063866 0.039702 0.159804
v 0.104017 0.018414 0.147589
v 0.103378 0.039880 0.147472
v 0.104140 0.014080 0.147431
v 0.117020 0.018428 0.105193
v 0.117080 0.014083 0.105086
v 0.116715 0.039936 0.105745
v 0.118491 0.018443 0.002091
v 0.118445 0.014086 0.002091
v 0.118726 0.040002 0.002091
v 0.101002 0.018446 -0.056795
v 0.101161 0.040005 -0.057948
v 0.063866 0.040005 -0.069413
v 0.097296 0.069797 -0.047184
v 0.063866 0.069797 -0.056900
v 0.111007 0.069797 0.002091
v 0.091413 0.089689 -0.034397
v 0.104709 0.089689 0.002508
v 0.090577 0.103283 -0.031528
v 0.063861 0.089689 -0.041746
v 0.063861 0.103283 -0.038878
v 0.035811 0.089689 -0.031498
v 0.036998 0.103283 -0.029690
v 0.022841 0.089689 0.002504
v 0.030436 0.069797 -0.046906
v 0.016726 0.069797 0.002091
v 0.020838 0.063326 0.109659
v 0.034658 0.089689 0.043948
v 0.035913 0.103283 0.044263
v 0.063861 0.089689 0.052480
v 0.063861 0.103283 0.052358
v 0.093006 0.089689 0.043817
v 0.091791 0.103283 0.044225
v 0.106894 0.063326 0.109659
v 0.096499 0.058334 0.135056
v 0.063866 0.069927 0.122528
v 0.063866 0.062633 0.146595
v 0.031232 0.058334 0.135056
v 0.105499 0.142013 0.059287
v 0.103582 0.103283 0.002527
v 0.120582 0.142040 0.001737
v 0.103870 0.142051 -0.045694
v 0.119288 0.154547 0.001859
v 0.114013 0.158424 0.002140
v 0.105412 0.154547 0.058394
v 0.103262 0.154547 -0.044680
v 0.099546 0.158424 -0.039423
v 0.063867 0.154547 -0.055685
v 0.063867 0.158424 -0.049363
v 0.028606 0.154547 -0.044090
v 0.063867 0.142091 -0.055810
v 0.027997 0.142081 -0.044238
v 0.011287 0.142058 0.001737
v 0.024090 0.103283 0.002525
v 0.026368 0.142020 0.054289
v 0.012580 0.154547 0.001859
v 0.017855 0.158424 0.002140
v 0.026455 0.154547 0.053401
v 0.031088 0.158424 0.046690
v 0.063867 0.154547 0.068362
v 0.063867 0.158424 0.060262
v 0.063867 0.141910 0.069635
v 0.100780 0.158424 0.051683
v 0.063867 0.158424 0.052497
v 0.038225 0.158424 0.040871
v 0.093642 0.158424 0.045863
v 0.063861 0.103283 0.036452
v 0.042885 0.103283 0.030735
v 0.084836 0.103283 0.030735
v 0.063866 0.071090 0.041932
v 0.063866 0.069108 0.040820
v 0.042782 0.071090 0.034113
v 0.084950 0.071090 0.034113
v 0.093815 0.071090 0.001938
v 0.090907 0.069108 0.033163
v 0.102277 0.069108 0.001963
v 0.089847 0.069108 -0.031849
v 0.084124 0.071090 -0.032679
v 0.063866 0.069108 -0.040720
v 0.063866 0.071090 -0.041738
v 0.037885 0.069108 -0.031849
v 0.025456 0.069108 0.001963
v 0.043608 0.071090 -0.032679
v 0.043708 0.103283 -0.023123
v 0.033918 0.071090 0.001938
v 0.034067 0.103283 0.002553
v 0.027994 0.158424 0.002140
v 0.039179 0.158424 -0.033637
v 0.063867 0.158424 -0.041323
v 0.032322 0.158424 -0.039423
v 0.063861 0.103283 -0.030032
v 0.092688 0.158424 -0.033637
v 0.103875 0.158424 0.002140
v 0.084014 0.103283 -0.023123
v 0.093655 0.103283 0.002553
v 0.036825 0.069108 0.033163
v 0.113228 0.013417 0.006020
v 0.113251 0.012900 0.005992
v 0.112100 0.013426 0.100858
v 0.112132 0.012894 0.100781
v 0.100390 0.013424 0.140821
v 0.100422 0.012899 0.140761
v 0.063866 0.013277 0.153686
v 0.063866 0.012825 0.153641
v 0.027342 0.013424 0.140821
v 0.027310 0.012899 0.140761
v 0.015632 0.013426 0.100858
v 0.015600 0.012894 0.100781
v 0.014505 0.013417 0.006020
v 0.010589 0.012241 0.104783
v 0.023458 0.012243 0.147262
v 0.063866 0.012245 0.161629
v 0.104273 0.012243 0.147262
v 0.117143 0.012241 0.104783
v 0.118396 0.012238 0.002091
v 0.100939 0.012239 -0.056648
v 0.063866 0.000009 -0.000111
v 0.063866 0.000009 0.093954
v 0.095918 0.123482 0.043094
v 0.107205 0.123391 0.002608
v 0.064015 0.123493 -0.035131
v 0.037012 0.123416 -0.026434
v 0.024549 0.123379 0.002608
v 0.064015 0.123477 0.050849
v 0.035842 0.123483 0.038914
v 0.094714 0.123458 -0.027707
v 0.026939 0.000009 0.086913
v 0.026715 0.000009 0.054821
v 0.063866 0.000009 0.054821
v 0.063866 0.000009 0.086913
v 0.015061 0.000009 0.086913
v 0.015481 0.000009 0.054821
v 0.010856 0.000009 0.086913
v 0.010650 0.000009 0.054822
v 0.112251 0.000009 0.054821
v 0.112670 0.000009 0.086913
v 0.100788 0.000009 0.086913
v 0.101017 0.000009 0.054821
v 0.117082 0.000009 0.054822
v 0.116876 0.000009 0.086913
v 0.006447 0.001899 0.087339
v 0.006246 0.001898 0.054818
v 0.006508 0.011344 0.087338
v 0.006355 0.011343 0.054819
v 0.121486 0.001898 0.054818
v 0.121285 0.001899 0.087339
v 0.121377 0.011343 0.054819
v 0.121224 0.011344 0.087338
v 0.010744 0.018442 0.054824
v 0.010972 0.018435 0.086906
v 0.010993 0.039966 0.086905
v 0.010514 0.039994 0.054824
v 0.010789 0.014086 0.054823
v 0.010967 0.014085 0.086907
v 0.116759 0.018435 0.086906
v 0.116988 0.018442 0.054824
v 0.117218 0.039994 0.054824
v 0.116739 0.039966 0.086905
v 0.116764 0.014085 0.086907
v 0.116943 0.014086 0.054823
v 0.021525 0.073108 0.055317
v 0.019414 0.066073 0.086835
v 0.063866 0.072423 0.086923
v 0.063862 0.080514 0.056386
v 0.108318 0.066073 0.086835
v 0.106207 0.073059 0.055311
v 0.111934 0.013423 0.054823
v 0.111825 0.013426 0.086908
v 0.111855 0.012894 0.086910
v 0.111960 0.012895 0.054823
v 0.015907 0.013426 0.086908
v 0.015798 0.013423 0.054823
v 0.015772 0.012895 0.054823
v 0.015877 0.012894 0.086910
v 0.010837 0.012239 0.054823
v 0.010960 0.012240 0.086910
v 0.116772 0.012240 0.086910
v 0.116895 0.012239 0.054823
v 0.063867 0.158424 0.054454
v 0.025438 0.158424 0.002140
v 0.037451 0.158424 -0.035095
v 0.063867 0.158424 -0.043349
v 0.094417 0.158424 -0.035095
v 0.106430 0.158424 0.002140
v 0.095441 0.158424 0.047330
v 0.036426 0.158424 0.042338
v 0.118165 0.155372 0.001919
v 0.102471 0.155372 -0.043561
v 0.063867 0.155372 -0.054339
v 0.013703 0.155372 0.001919
v 0.027442 0.155372 0.051972
v 0.063867 0.155372 0.066638
v 0.029397 0.155372 -0.043096
v 0.104426 0.155372 0.056965
v 0.104295 0.139577 0.056955
v 0.029136 0.139619 -0.041509
v 0.027571 0.139584 0.052028
v 0.102722 0.139603 -0.042956
v 0.118884 0.139580 0.001832
v 0.063867 0.139643 -0.052710
v 0.012982 0.139592 0.001832
v 0.063867 0.139493 0.066967
v 0.113343 0.136528 0.002142
v 0.063866 0.136629 -0.042591
v 0.018513 0.136520 0.002141
v 0.063866 0.136580 0.058258
v 0.100364 0.136604 0.049344
v 0.032856 0.136558 -0.032600
v 0.031498 0.136606 0.044648
v 0.098976 0.136590 -0.034017
vt 0.346094 0.861422
vt 0.328296 0.860998
vt 0.329155 0.835531
vt 0.346462 0.835781
vt 0.363880 0.821048
vt 0.346677 0.820801
vt 0.346724 0.817514
vt 0.363923 0.818894
vt 0.369413 0.821128
vt 0.369819 0.814982
vt 0.363769 0.836030
vt 0.369003 0.836105
vt 0.369283 0.861288
vt 0.363898 0.861511
vt 0.052358 0.674571
vt 0.054149 0.675830
vt 0.040586 0.696213
vt 0.038743 0.695043
vt 0.371372 0.821156
vt 0.371599 0.813535
vt 0.364854 0.794846
vt 0.366096 0.793167
vt 0.361818 0.809045
vt 0.347131 0.789144
vt 0.347155 0.787442
vt 0.346959 0.801141
vt 0.329251 0.794334
vt 0.328058 0.792620
vt 0.331879 0.808614
vt 0.329501 0.817842
vt 0.323711 0.814319
vt 0.321974 0.812821
vt 0.322919 0.860621
vt 0.323921 0.835456
vt 0.320607 0.860459
vt 0.321671 0.835424
vt 0.167512 0.627934
vt 0.167420 0.630152
vt 0.142604 0.629665
vt 0.142592 0.627447
vt 0.329476 0.820553
vt 0.323940 0.820473
vt 0.332759 0.880901
vt 0.329615 0.885005
vt 0.328263 0.886769
vt 0.345764 0.884463
vt 0.345687 0.889839
vt 0.345654 0.892150
vt 0.358866 0.881277
vt 0.361891 0.885469
vt 0.363192 0.887272
vt 0.371599 0.861193
vt 0.025830 0.717696
vt 0.024175 0.717035
vt 0.014569 0.733703
vt 0.013574 0.732638
vt 0.062419 0.663670
vt 0.060627 0.662538
vt 0.065290 0.657155
vt 0.066813 0.658273
vt 0.065774 0.666167
vt 0.069955 0.660393
vt 0.044454 0.698576
vt 0.028938 0.720238
vt 0.321981 0.820445
vt 0.057833 0.678317
vt 0.059589 0.679428
vt 0.046457 0.699774
vt 0.077423 0.646909
vt 0.079614 0.649136
vt 0.076916 0.645576
vt 0.090124 0.637261
vt 0.091914 0.640692
vt 0.089608 0.636274
vt 0.105309 0.632319
vt 0.105885 0.635401
vt 0.104502 0.631138
vt 0.120712 0.628169
vt 0.120762 0.630070
vt 0.120707 0.633888
vt 0.167147 0.634754
vt 0.142540 0.634167
vt 0.127843 0.627391
vt 0.127751 0.629528
vt 0.166984 0.637123
vt 0.142446 0.636271
vt 0.194338 0.628496
vt 0.193931 0.630268
vt 0.194253 0.634346
vt 0.213542 0.628651
vt 0.213857 0.630103
vt 0.213639 0.635632
vt 0.019150 0.736614
vt 0.029294 0.721636
vt 0.019693 0.736812
vt 0.213490 0.636202
vt 0.195216 0.635457
vt 0.033415 0.721921
vt 0.023943 0.737667
vt 0.049283 0.699844
vt 0.033714 0.722136
vt 0.024175 0.737806
vt 0.049628 0.700051
vt 0.193063 0.639075
vt 0.211744 0.640262
vt 0.211725 0.640537
vt 0.193069 0.639450
vt 0.212772 0.645436
vt 0.195329 0.643332
vt 0.035574 0.726129
vt 0.027546 0.741383
vt 0.037348 0.727092
vt 0.029546 0.742414
vt 0.212477 0.647713
vt 0.195104 0.645379
vt 0.052550 0.703579
vt 0.050862 0.702507
vt 0.061212 0.709103
vt 0.045289 0.732205
vt 0.037946 0.747005
vt 0.090801 0.678663
vt 0.080074 0.674958
vt 0.082934 0.668527
vt 0.091567 0.669972
vt 0.070905 0.669795
vt 0.074873 0.663805
vt 0.076274 0.664757
vt 0.072467 0.670770
vt 0.065315 0.683008
vt 0.063585 0.681960
vt 0.085244 0.653525
vt 0.089660 0.657633
vt 0.084251 0.652527
vt 0.095134 0.646872
vt 0.094587 0.645821
vt 0.097660 0.651727
vt 0.106262 0.642558
vt 0.106013 0.641167
vt 0.107094 0.648553
vt 0.119928 0.649295
vt 0.120668 0.641622
vt 0.120691 0.639917
vt 0.126881 0.650661
vt 0.123698 0.661658
vt 0.116118 0.657242
vt 0.166614 0.644419
vt 0.142099 0.643105
vt 0.142233 0.641059
vt 0.166703 0.642387
vt 0.127828 0.641949
vt 0.127925 0.640092
vt 0.166161 0.654866
vt 0.140921 0.653385
vt 0.194764 0.655043
vt 0.211498 0.657415
vt 0.191908 0.668857
vt 0.166496 0.671281
vt 0.207656 0.671568
vt 0.203896 0.682492
vt 0.189643 0.680703
vt 0.167367 0.682617
vt 0.189191 0.688264
vt 0.168406 0.690445
vt 0.203091 0.688602
vt 0.062388 0.754495
vt 0.069771 0.741564
vt 0.075766 0.745832
vt 0.067724 0.757378
vt 0.051503 0.751659
vt 0.057967 0.737511
vt 0.082848 0.725850
vt 0.088657 0.731182
vt 0.074235 0.718701
vt 0.119914 0.695104
vt 0.101846 0.705614
vt 0.091594 0.694888
vt 0.117250 0.689794
vt 0.061700 0.680758
vt 0.109917 0.675425
vt 0.103633 0.663243
vt 0.139444 0.686760
vt 0.136610 0.671799
vt 0.074289 0.687880
vt 0.107729 0.712444
vt 0.123906 0.703141
vt 0.141633 0.695716
vt 0.142343 0.638508
vt 0.165402 0.639523
vt 0.165373 0.639930
vt 0.142328 0.638796
vt 0.108531 0.654203
vt 0.100549 0.657292
vt 0.093445 0.662044
vt 0.134894 0.724269
vt 0.149127 0.718130
vt 0.149271 0.719424
vt 0.135653 0.725563
vt 0.171672 0.711299
vt 0.171904 0.712532
vt 0.190828 0.710025
vt 0.191308 0.711337
vt 0.191363 0.715393
vt 0.173016 0.718480
vt 0.151224 0.723276
vt 0.191297 0.715972
vt 0.173113 0.718998
vt 0.151588 0.723853
vt 0.206859 0.717978
vt 0.207081 0.717382
vt 0.207404 0.710659
vt 0.096284 0.765581
vt 0.089265 0.778767
vt 0.088613 0.778618
vt 0.095783 0.765285
vt 0.082764 0.774732
vt 0.092545 0.762474
vt 0.206909 0.708814
vt 0.081600 0.773116
vt 0.091730 0.761233
vt 0.103914 0.746213
vt 0.104808 0.747146
vt 0.108981 0.751506
vt 0.121752 0.732251
vt 0.122824 0.733156
vt 0.125180 0.737419
vt 0.125425 0.738086
vt 0.109363 0.751898
vt 0.138382 0.731070
vt 0.138085 0.730410
vt 0.140489 0.735886
vt 0.128099 0.742981
vt 0.126312 0.740623
vt 0.139565 0.733613
vt 0.153497 0.728546
vt 0.152959 0.725930
vt 0.128730 0.743812
vt 0.140789 0.736623
vt 0.156092 0.764572
vt 0.145587 0.770707
vt 0.153673 0.729488
vt 0.167337 0.759521
vt 0.163374 0.778841
vt 0.154732 0.787046
vt 0.175225 0.776734
vt 0.178476 0.777447
vt 0.163848 0.779783
vt 0.153387 0.790049
vt 0.189558 0.768467
vt 0.191198 0.772067
vt 0.182769 0.753151
vt 0.205969 0.762442
vt 0.205023 0.765195
vt 0.213296 0.754682
vt 0.213857 0.755446
vt 0.115684 0.803862
vt 0.125702 0.802782
vt 0.128339 0.803648
vt 0.115937 0.804721
vt 0.139844 0.793575
vt 0.141696 0.796953
vt 0.113513 0.792145
vt 0.120611 0.787382
vt 0.131685 0.779546
vt 0.113682 0.756716
vt 0.100774 0.769098
vt 0.113002 0.755920
vt 0.100074 0.768443
vt 0.098097 0.766625
vt 0.110864 0.753438
vt 0.095502 0.779868
vt 0.094686 0.779748
vt 0.091930 0.779342
vt 0.191618 0.721484
vt 0.204487 0.723518
vt 0.204804 0.745293
vt 0.195872 0.748570
vt 0.204811 0.722807
vt 0.191452 0.720586
vt 0.191026 0.718058
vt 0.205915 0.720400
vt 0.174563 0.725124
vt 0.174308 0.724145
vt 0.173504 0.721053
vt 0.121998 0.637908
vt 0.128012 0.638019
vt 0.122030 0.637674
vt 0.128019 0.637785
vt 0.106517 0.638520
vt 0.106532 0.638763
vt 0.093224 0.643204
vt 0.093323 0.643394
vt 0.081803 0.651430
vt 0.081993 0.651581
vt 0.072495 0.663728
vt 0.072288 0.663622
vt 0.061458 0.680608
vt 0.067257 0.667412
vt 0.071439 0.661406
vt 0.068978 0.668564
vt 0.069172 0.668690
vt 0.127885 0.633747
vt 0.080763 0.649246
vt 0.092057 0.640966
vt 0.105318 0.636410
vt 0.120690 0.635697
vt 0.128061 0.635694
vt 0.371253 0.836137
vt 0.129261 0.714013
vt 0.113681 0.724115
vt 0.097045 0.739221
vt 0.084797 0.752270
vt 0.075048 0.762732
vt 0.203079 0.697621
vt 0.187578 0.699474
vt 0.170047 0.702028
vt 0.147287 0.707133
vt 0.118613 0.730415
vt 0.132723 0.720753
vt 0.102112 0.744338
vt 0.090121 0.757543
vt 0.079022 0.768432
vt 0.188944 0.706726
vt 0.205068 0.704056
vt 0.171222 0.708836
vt 0.149320 0.714770
vn 0.0000 -1.0000 0.0000
vn -0.1987 -0.9800 0.0035
vn -0.8356 -0.5491 0.0149
vn -0.8490 -0.5134 -0.1245
vn -0.2246 -0.9738 -0.0336
vn -0.1995 -0.9799 -0.0009
vn -0.2210 -0.9748 0.0296
vn -0.1845 -0.9470 0.2629
vn 0.0000 -0.9334 0.3587
vn 0.1845 -0.9470 0.2629
vn 0.2210 -0.9748 0.0296
vn 0.2246 -0.9738 -0.0336
vn 0.1987 -0.9800 0.0035
vn 0.8490 -0.5134 -0.1245
vn 0.8356 -0.5491 0.0149
vn 0.1885 -0.9492 -0.2520
vn 0.0000 -0.9360 -0.3520
vn -0.1885 -0.9492 -0.2520
vn -0.6191 -0.4697 -0.6293
vn 0.0000 -0.4544 -0.8908
vn -0.8351 -0.5500 -0.0056
vn -0.8458 -0.5204 0.1175
vn -0.7695 0.6386 -0.0057
vn -0.7899 0.6013 0.1198
vn -0.7886 0.6050 -0.1096
vn -0.5911 0.5129 -0.6225
vn 0.1995 -0.9799 -0.0009
vn -0.7676 0.6407 0.0136
vn -0.1631 0.9866 0.0026
vn -0.1627 0.9864 -0.0247
vn -0.6217 -0.4744 0.6232
vn -0.6114 0.5038 0.6102
vn 0.0000 -0.4329 0.9014
vn 0.0000 0.4072 0.9133
vn 0.6217 -0.4744 0.6232
vn 0.6114 0.5038 0.6102
vn 0.8458 -0.5204 0.1175
vn 0.7899 0.6013 0.1198
vn 0.7886 0.6050 -0.1096
vn 0.7676 0.6407 0.0136
vn 0.8351 -0.5500 -0.0056
vn 0.1627 0.9864 -0.0247
vn 0.1631 0.9866 0.0026
vn 0.6191 -0.4697 -0.6293
vn 0.5911 0.5129 -0.6225
vn 0.0000 0.4193 -0.9078
vn -0.1409 0.9518 -0.2722
vn 0.0000 0.9296 -0.3686
vn 0.1409 0.9518 -0.2722
vn -0.4326 0.8077 -0.4005
vn 0.0000 0.7592 -0.6508
vn -0.6943 0.7143 -0.0880
vn -0.4477 -0.7849 -0.4283
vn 0.0000 -0.7454 -0.6665
vn -0.7297 -0.6783 -0.0864
vn 0.4326 0.8077 -0.4005
vn 0.4477 -0.7849 -0.4283
vn 0.0000 -0.6120 -0.7909
vn 0.5686 -0.5866 -0.5767
vn -0.5686 -0.5866 -0.5767
vn -0.7177 -0.0121 -0.6962
vn 0.0000 -0.0117 -0.9999
vn 0.7177 -0.0121 -0.6962
vn -0.9916 -0.0104 -0.1291
vn -0.7647 -0.6360 -0.1033
vn -0.9851 0.1237 -0.1196
vn -0.6864 0.1480 -0.7120
vn -0.0007 0.1611 -0.9869
vn -0.6633 0.7406 0.1076
vn -0.9859 0.1665 0.0178
vn -0.9669 0.1935 0.1661
vn -0.6347 0.7453 0.2041
vn -0.7508 -0.6605 -0.0038
vn -0.7693 -0.6292 0.1106
vn -0.9895 0.0112 0.1440
vn -1.0000 0.0014 -0.0012
vn -0.9998 -0.0076 0.0186
vn -0.7473 -0.6643 0.0129
vn -0.7127 0.0201 0.7011
vn -0.6698 0.2649 0.6937
vn -0.5883 -0.5878 0.5553
vn 0.0000 0.0221 0.9997
vn 0.0000 -0.6186 0.7856
vn 0.0000 0.3001 0.9539
vn 0.7127 0.0201 0.7011
vn 0.5883 -0.5878 0.5553
vn 0.6698 0.2649 0.6937
vn 0.9669 0.1935 0.1661
vn 0.9895 0.0112 0.1440
vn 0.7693 -0.6292 0.1106
vn 0.9859 0.1665 0.0178
vn 0.6632 0.7407 0.1073
vn 0.6347 0.7453 0.2041
vn 0.9916 -0.0104 -0.1291
vn 0.9998 -0.0076 0.0186
vn 0.7473 -0.6643 0.0129
vn 0.7647 -0.6360 -0.1033
vn 1.0000 0.0014 -0.0012
vn 0.7508 -0.6605 -0.0037
vn 0.9851 0.1234 -0.1194
vn 0.9888 0.1471 0.0249
vn 0.6865 0.1467 -0.7121
vn 0.6489 0.4248 -0.6312
vn 0.9328 0.3475 -0.0955
vn -0.0075 0.4918 -0.8706
vn -0.0272 0.4353 -0.8998
vn 0.6580 0.3715 -0.6550
vn 0.9576 0.2822 -0.0580
vn 0.6476 0.1045 -0.7547
vn 0.9982 -0.0370 -0.0472
vn -0.0367 0.1827 -0.9825
vn -0.6900 0.3612 -0.6271
vn -0.6763 0.1366 -0.7238
vn -0.6460 0.4357 -0.6267
vn -0.9564 0.2852 -0.0634
vn -0.9959 0.0747 -0.0504
vn -0.9325 0.3478 -0.0970
vn 0.0013 0.3175 0.9482
vn -0.6724 0.3765 0.6372
vn -0.7398 0.6294 0.2378
vn 0.0007 0.8163 0.5775
vn -0.7700 -0.6379 0.0115
vn 0.0001 0.9865 0.1637
vn 0.0000 0.9785 0.2060
vn 0.6745 0.3760 0.6353
vn 0.7392 0.6304 0.2368
vn -0.9888 0.1470 0.0249
vn -0.6876 0.0849 0.7211
vn -0.0195 0.0529 0.9984
vn 0.6752 -0.0124 0.7375
vn 0.7377 0.6750 0.0110
vn 0.6943 0.7143 -0.0880
vn 0.7297 -0.6782 -0.0864
vn 0.7700 -0.6379 0.0116
vn 0.5092 0.7060 0.4922
vn 0.0000 0.7836 0.6212
vn -0.5092 0.7060 0.4922
vn -0.0425 -0.8444 0.5339
vn 0.4475 -0.8060 0.3874
vn 0.6506 -0.3095 0.6934
vn -0.0637 -0.3392 0.9385
vn 0.6646 -0.7467 -0.0260
vn 0.9635 -0.2644 -0.0411
vn 0.4145 -0.8254 -0.3833
vn 0.6232 -0.3347 -0.7068
vn 0.5997 0.4700 -0.6476
vn 0.8834 0.4668 -0.0406
vn 0.6152 0.4978 0.6113
vn 0.3699 0.8519 -0.3706
vn 0.5686 0.8221 -0.0290
vn 0.3412 0.8914 0.2983
vn -0.0137 0.8478 -0.5300
vn -0.0230 0.4663 -0.8843
vn -0.0256 -0.3900 -0.9205
vn -0.3864 0.8415 -0.3774
vn -0.6160 0.4545 -0.6434
vn -0.6439 -0.3428 -0.6840
vn -0.0174 -0.8719 -0.4892
vn -0.4269 -0.8210 -0.3789
vn -0.6650 -0.7465 -0.0216
vn -0.9630 -0.2673 -0.0345
vn -0.8858 0.4627 -0.0345
vn -0.4751 -0.7964 0.3741
vn -0.6919 -0.3058 0.6539
vn -0.6479 0.4978 0.5765
vn -0.3675 0.8832 0.2912
vn -0.5694 0.8217 -0.0247
vn -0.0324 0.9024 0.4296
vn -0.0590 0.5283 0.8469
vn 0.0000 1.0000 0.0000
vn -0.2507 0.9510 0.1809
vn -0.0237 0.9652 0.2604
vn 0.2401 0.9509 0.1953
vn 0.3589 0.8670 -0.3457
vn 0.0284 0.8566 -0.5151
vn 0.0303 0.0691 -0.9971
vn 0.7396 0.0596 -0.6703
vn -0.2946 0.9027 -0.3135
vn -0.7221 0.1024 -0.6842
vn 0.0000 -0.0536 -0.9985
vn 0.5353 -0.2194 -0.8157
vn -0.5353 -0.2195 -0.8156
vn -0.3089 -0.9217 -0.2346
vn 0.0000 0.0368 -0.9993
vn 0.3089 -0.9217 -0.2346
vn -0.7403 -0.6721 0.0098
vn -0.2721 -0.9622 0.0009
vn -0.9960 0.0862 0.0213
vn -0.5364 -0.3312 0.7762
vn -0.3192 -0.9156 0.2444
vn 0.0000 -0.2071 0.9783
vn 0.0000 -0.0932 0.9956
vn 0.5364 -0.3311 0.7762
vn 0.3192 -0.9156 0.2444
vn 0.7405 -0.6720 0.0099
vn 0.2721 -0.9622 0.0009
vn 0.0065 -0.0542 0.9985
vn 0.7454 -0.0016 0.6666
vn 0.9988 0.0459 0.0164
vn 0.5827 0.8125 0.0149
vn 0.3412 0.8686 0.3591
vn -0.2582 0.9350 -0.2431
vn -0.3492 0.9369 -0.0125
vn 0.0066 0.8360 0.5487
vn -0.0085 0.9469 -0.3213
vn -0.3261 0.8814 0.3416
vn -0.7355 0.0228 0.6771
vn 0.2522 0.9378 -0.2383
vn -0.5567 0.8305 0.0190
vn 0.3466 0.9379 -0.0162
vn 0.7254 -0.6809 0.1009
vn 0.7725 -0.6349 -0.0062
vn 0.6994 0.7103 0.0793
vn 0.7356 0.6774 -0.0061
vn 0.4748 0.7795 0.4085
vn 0.4302 -0.8010 0.4162
vn 0.0000 0.7284 0.6851
vn 0.0000 -0.7886 0.6149
vn -0.4749 0.7795 0.4085
vn -0.4302 -0.8010 0.4162
vn -0.7254 -0.6809 0.1009
vn -0.6994 0.7103 0.0793
vn -0.7377 0.6750 0.0110
vn -0.1642 0.9864 -0.0013
vn -0.1650 0.9859 0.0274
vn -0.7356 0.6774 -0.0061
vn -0.7725 -0.6349 -0.0062
vn 0.7695 0.6386 -0.0057
vn -0.1651 0.9363 0.3099
vn 0.0000 0.9076 0.4198
vn 0.1651 0.9363 0.3099
vn 0.1650 0.9859 0.0274
vn 0.1642 0.9864 -0.0013
vn -0.0610 -0.2181 0.9740
vn -0.7466 -0.2047 0.6330
vn -0.9771 -0.2076 -0.0477
vn -0.6827 -0.2110 -0.6995
vn -0.0352 -0.1850 -0.9821
vn 0.6659 -0.2838 -0.6898
vn 0.9488 -0.3119 -0.0495
vn 0.6901 -0.3233 0.6475
vn -0.4780 -0.7871 0.3898
vn -0.0479 -0.8071 0.5884
vn -0.6759 -0.7364 -0.0292
vn -0.4297 -0.8016 -0.4156
vn -0.0213 -0.8138 -0.5806
vn 0.4085 -0.8141 -0.4127
vn 0.6766 -0.7356 -0.0343
vn 0.4316 -0.8137 0.3893
usemtl Clothes_UV
s 1
f 3202/3611/2894 3027/3612/2894 3223/3613/2894 3214/3614/2894
f 3212/3615/2894 3215/3616/2894 3203/3617/2894 3010/3618/2894
f 3216/3619/2894 3212/3615/2894 3010/3618/2894 3012/3620/2894
f 3213/3621/2894 3217/3622/2894 3011/3623/2894 3009/3624/2894
f 3219/3625/2895 3227/3626/2896 3040/3627/2897 3039/3628/2898
f 3218/3629/2899 3216/3619/2894 3012/3620/2894 3013/3630/2900
f 3013/3630/2900 3012/3620/2894 3014/3631/2894 3015/3632/2901
f 3012/3620/2894 3010/3618/2894 3016/3633/2894 3014/3631/2894
f 3017/3634/2894 3018/3635/2902 3015/3632/2901 3014/3631/2894
f 3019/3636/2894 3017/3634/2894 3014/3631/2894 3016/3633/2894
f 3020/3637/2894 3022/3638/2903 3018/3635/2902 3017/3634/2894
f 3021/3639/2894 3020/3637/2894 3017/3634/2894 3019/3636/2894
f 3024/3640/2894 3023/3641/2894 3020/3637/2894 3021/3639/2894
f 3023/3641/2894 3025/3642/2904 3022/3638/2903 3020/3637/2894
f 3027/3612/2894 3026/3643/2894 3220/3644/2894 3223/3613/2894
f 3026/3643/2894 3028/3645/2905 3224/3646/2906 3220/3644/2894
f 3028/3647/2905 3052/3648/2907 3230/3649/2908 3224/3650/2906
f 3222/3651/2894 3221/3652/2894 3023/3641/2894 3024/3640/2894
f 3030/3653/2894 3029/3654/2894 3026/3643/2894 3027/3612/2894
f 3029/3654/2894 3031/3655/2909 3028/3645/2905 3026/3643/2894
f 3033/3656/2894 3032/3657/2894 3029/3654/2894 3030/3653/2894
f 3032/3657/2894 3034/3658/2910 3031/3655/2909 3029/3654/2894
f 3036/3659/2894 3035/3660/2894 3032/3657/2894 3033/3656/2894
f 3035/3660/2894 3037/3661/2911 3034/3658/2910 3032/3657/2894
f 3009/3624/2894 3011/3623/2894 3035/3660/2894 3036/3659/2894
f 3011/3623/2894 3039/3662/2898 3037/3661/2911 3035/3660/2894
f 3039/3628/2898 3040/3627/2897 3038/3663/2912 3037/3664/2911
f 3037/3664/2911 3038/3663/2912 3056/3665/2913 3034/3666/2910
f 3226/3667/2914 3218/3668/2899 3013/3669/2900 3042/3670/2915
f 3228/3671/2916 3226/3667/2914 3042/3670/2915 3043/3672/2917
f 3040/3627/2897 3041/3673/2918 3059/3674/2919 3038/3663/2912
f 3221/3652/2894 3225/3675/2920 3025/3642/2904 3023/3641/2894
f 3229/3676/2921 3260/3677/2922 3061/3678/2923 3041/3673/2918
f 3043/3672/2917 3042/3670/2915 3044/3679/2924 3045/3680/2925
f 3042/3670/2915 3013/3669/2900 3015/3681/2901 3044/3679/2924
f 3046/3682/2926 3047/3683/2927 3045/3680/2925 3044/3679/2924
f 3018/3684/2902 3046/3682/2926 3044/3679/2924 3015/3681/2901
f 3048/3685/2928 3049/3686/2929 3047/3683/2927 3046/3682/2926
f 3022/3687/2903 3048/3685/2928 3046/3682/2926 3018/3684/2902
f 3025/3688/2904 3050/3689/2930 3048/3685/2928 3022/3687/2903
f 3050/3689/2930 3051/3690/2931 3049/3686/2929 3048/3685/2928
f 3227/3626/2896 3229/3676/2921 3041/3673/2918 3040/3627/2897
f 3052/3648/2907 3053/3691/2932 3232/3692/2933 3230/3649/2908
f 3225/3693/2920 3231/3694/2934 3050/3689/2930 3025/3688/2904
f 3053/3691/2932 3200/3695/2935 3263/3696/2936 3232/3692/2933
f 3031/3697/2909 3054/3698/2937 3052/3648/2907 3028/3647/2905
f 3054/3698/2937 3055/3699/2938 3053/3691/2932 3052/3648/2907
f 3034/3700/2910 3056/3701/2913 3054/3698/2937 3031/3697/2909
f 3056/3701/2913 3057/3702/2939 3055/3699/2938 3054/3698/2937
f 3038/3663/2912 3059/3674/2919 3057/3703/2939 3056/3665/2913
f 3059/3674/2919 3060/3704/2940 3058/3705/2941 3057/3703/2939
f 3057/3702/2939 3058/3706/2941 3201/3707/2942 3055/3699/2938
f 3041/3673/2918 3061/3678/2923 3060/3704/2940 3059/3674/2919
f 3062/3708/2943 3065/3709/2944 3058/3705/2941 3060/3704/2940
f 3064/3710/2945 3062/3708/2943 3060/3704/2940 3061/3678/2923
f 3065/3709/2944 3062/3708/2943 3063/3711/2946 3067/3712/2947
f 3062/3708/2943 3064/3710/2945 3194/3713/2948 3063/3711/2946
f 3066/3714/2949 3065/3715/2944 3067/3716/2947 3068/3717/2950
f 3065/3715/2944 3066/3714/2949 3201/3707/2942 3058/3706/2941
f 3069/3718/2951 3071/3719/2952 3068/3717/2950 3067/3716/2947
f 3072/3720/2953 3069/3721/2951 3067/3712/2947 3063/3711/2946
f 3074/3722/2954 3070/3723/2955 3069/3721/2951 3072/3720/2953
f 3070/3724/2955 3096/3725/2956 3071/3719/2952 3069/3718/2951
f 3076/3726/2957 3074/3722/2954 3072/3720/2953 3073/3727/2958
f 3073/3727/2958 3072/3720/2953 3063/3711/2946 3194/3713/2948
f 3077/3728/2959 3075/3729/2960 3074/3722/2954 3076/3726/2957
f 3075/3729/2960 3098/3730/2961 3070/3723/2955 3074/3722/2954
f 3247/3731/2962 3236/3732/2963 3079/3733/2964 3112/3734/2965
f 3239/3735/2966 3080/3736/2967 3078/3737/2968 3235/3738/2969
f 3234/3739/2970 3076/3726/2957 3073/3727/2958 3238/3740/2971
f 3235/3738/2969 3078/3737/2968 3079/3733/2964 3236/3732/2963
f 3078/3737/2968 3081/3741/2972 3083/3742/2973 3079/3733/2964
f 3080/3736/2967 3082/3743/2974 3081/3741/2972 3078/3737/2968
f 3084/3744/2975 3081/3741/2972 3082/3743/2974 3085/3745/2976
f 3086/3746/2977 3083/3742/2973 3081/3741/2972 3084/3744/2975
f 3087/3747/2978 3084/3744/2975 3085/3745/2976 3089/3748/2979
f 3088/3749/2980 3086/3746/2977 3084/3744/2975 3087/3747/2978
f 3092/3750/2981 3088/3749/2980 3087/3747/2978 3090/3751/2982
f 3090/3751/2982 3087/3747/2978 3089/3748/2979 3091/3752/2983
f 3243/3753/2984 3250/3754/2985 3119/3755/2986 3092/3750/2981
f 3093/3756/2987 3241/3757/2988 3245/3758/2989 3094/3759/2990
f 3240/3760/2991 3090/3751/2982 3091/3752/2983 3244/3761/2992
f 3095/3762/2993 3242/3763/2994 3241/3757/2988 3093/3756/2987
f 3096/3725/2956 3093/3756/2987 3094/3759/2990 3071/3719/2952
f 3097/3764/2995 3095/3762/2993 3093/3756/2987 3096/3725/2956
f 3098/3765/2961 3097/3764/2995 3096/3725/2956 3070/3724/2955
f 3097/3764/2995 3099/3766/2996 3101/3767/2997 3095/3762/2993
f 3098/3765/2961 3100/3768/2998 3099/3766/2996 3097/3764/2995
f 3105/3769/2999 3102/3770/3000 3099/3766/2996 3100/3768/2998
f 3102/3770/3000 3103/3771/3001 3101/3767/2997 3099/3766/2996
f 3103/3771/3001 3102/3770/3000 3104/3772/3002 3125/3773/3003
f 3102/3770/3000 3105/3769/2999 3106/3774/3004 3104/3772/3002
f 3105/3775/2999 3107/3776/3005 3108/3777/3006 3106/3778/3004
f 3107/3776/3005 3105/3775/2999 3100/3779/2998 3110/3780/3007
f 3107/3776/3005 3109/3781/3008 3139/3782/3009 3108/3777/3006
f 3109/3781/3008 3107/3776/3005 3110/3780/3007 3111/3783/3010
f 3077/3728/2959 3111/3783/3010 3110/3780/3007 3075/3729/2960
f 3075/3729/2960 3110/3780/3007 3100/3779/2998 3098/3730/2961
f 3115/3784/3011 3113/3785/3012 3246/3786/3013 3249/3787/3014
f 3238/3740/2971 3073/3727/2958 3194/3713/2948 3257/3788/3015
f 3248/3789/3016 3247/3731/2962 3112/3734/2965 3121/3790/3017
f 3117/3791/3018 3115/3784/3011 3249/3787/3014 3251/3792/3019
f 3237/3793/3020 3246/3786/3013 3111/3783/3010 3077/3728/2959
f 3109/3781/3008 3113/3785/3012 3114/3794/3021 3139/3782/3009
f 3113/3785/3012 3115/3784/3011 3116/3795/3022 3114/3794/3021
f 3115/3784/3011 3117/3791/3018 3118/3796/3023 3116/3795/3022
f 3250/3754/2985 3248/3789/3016 3121/3790/3017 3119/3755/2986
f 3117/3791/3018 3103/3771/3001 3125/3773/3003 3118/3796/3023
f 3255/3797/3024 3183/3798/3025 3182/3799/3026 3252/3800/3027
f 3094/3759/2990 3245/3758/2989 3252/3800/3027 3182/3799/3026
f 3103/3771/3001 3117/3791/3018 3251/3792/3019 3101/3767/2997
f 3095/3762/2993 3101/3767/2997 3251/3792/3019 3242/3763/2994
f 3092/3750/2981 3119/3755/2986 3120/3801/3028 3088/3749/2980
f 3119/3755/2986 3121/3790/3017 3122/3802/3029 3120/3801/3028
f 3121/3790/3017 3112/3734/2965 3123/3803/3030 3122/3802/3029
f 3086/3746/2977 3122/3802/3029 3123/3803/3030 3083/3742/2973
f 3088/3749/2980 3120/3801/3028 3122/3802/3029 3086/3746/2977
f 3112/3734/2965 3079/3733/2964 3083/3742/2973 3123/3803/3030
f 3287/3804/3031 3280/3805/3032 3124/3806/3033 3147/3807/3034
f 3280/3805/3032 3284/3808/3035 3126/3809/3036 3124/3806/3033
f 3284/3808/3035 3283/3810/3037 3127/3811/3038 3126/3809/3036
f 3131/3812/3039 3128/3813/3040 3126/3809/3036 3127/3811/3038
f 3128/3813/3040 3130/3814/3041 3124/3806/3033 3126/3809/3036
f 3273/3815/3042 3272/3816/3043 3128/3813/3040 3131/3812/3039
f 3272/3816/3043 3279/3817/3044 3130/3814/3041 3128/3813/3040
f 3274/3818/3045 3273/3815/3042 3131/3812/3039 3133/3819/3046
f 3133/3819/3046 3131/3812/3039 3127/3811/3038 3136/3820/3047
f 3278/3821/3048 3274/3822/3045 3133/3823/3046 3135/3824/3049
f 3135/3824/3049 3133/3823/3046 3136/3825/3047 3137/3826/3050
f 3283/3810/3037 3285/3827/3051 3136/3820/3047 3127/3811/3038
f 3285/3828/3051 3281/3829/3052 3137/3826/3050 3136/3825/3047
f 3281/3829/3052 3286/3830/3053 3138/3831/3054 3137/3826/3050
f 3141/3832/3055 3135/3824/3049 3137/3826/3050 3138/3831/3054
f 3286/3830/3053 3282/3833/3056 3140/3834/3057 3138/3831/3054
f 3143/3835/3058 3141/3832/3055 3138/3831/3054 3140/3834/3057
f 3276/3836/3059 3275/3837/3060 3141/3832/3055 3143/3835/3058
f 3275/3837/3060 3278/3821/3048 3135/3824/3049 3141/3832/3055
f 3277/3838/3061 3276/3836/3059 3143/3835/3058 3145/3839/3062
f 3145/3839/3062 3143/3835/3058 3140/3834/3057 3147/3807/3034
f 3279/3817/3044 3277/3838/3061 3145/3839/3062 3130/3814/3041
f 3130/3814/3041 3145/3839/3062 3147/3807/3034 3124/3806/3033
f 3282/3833/3056 3287/3804/3031 3147/3807/3034 3140/3834/3057
f 3264/3840/3063 3271/3841/3063 3144/3842/3064 3146/3843/3065
f 3270/3844/3063 3264/3840/3063 3146/3843/3065 3148/3845/3066
f 3150/3846/3067 3149/3847/3068 3152/3848/3069 3153/3849/3070
f 3149/3847/3068 3151/3850/3071 3154/3851/3072 3152/3848/3069
f 3153/3849/3070 3152/3848/3069 3155/3852/3073 3157/3853/3074
f 3152/3848/3069 3154/3851/3072 3158/3854/3075 3155/3852/3073
f 3155/3852/3073 3158/3854/3075 3160/3855/3076 3156/3856/3077
f 3157/3853/3074 3155/3852/3073 3156/3856/3077 3181/3857/3078
f 3158/3854/3075 3159/3858/3079 3161/3859/3080 3160/3855/3076
f 3154/3851/3072 3180/3860/3081 3159/3858/3079 3158/3854/3075
f 3159/3858/3079 3163/3861/3082 3162/3862/3083 3161/3859/3080
f 3163/3861/3082 3165/3863/3084 3164/3864/3085 3162/3862/3083
f 3165/3865/3084 3168/3866/3086 3166/3867/3087 3164/3868/3085
f 3168/3866/3086 3170/3869/3088 3167/3870/3089 3166/3867/3087
f 3176/3871/3090 3169/3872/3091 3168/3866/3086 3165/3865/3084
f 3169/3872/3091 3171/3873/3092 3170/3869/3088 3168/3866/3086
f 3171/3873/3092 3153/3849/3070 3157/3853/3074 3170/3869/3088
f 3170/3869/3088 3157/3853/3074 3181/3857/3078 3167/3870/3089
f 3172/3874/3093 3150/3846/3067 3153/3849/3070 3171/3873/3092
f 3173/3875/3094 3172/3874/3093 3171/3873/3092 3169/3872/3091
f 3265/3876/3063 3266/3877/3063 3175/3878/3095 3142/3879/3096
f 3271/3841/3063 3265/3876/3063 3142/3879/3096 3144/3842/3064
f 3174/3880/3097 3173/3875/3094 3169/3872/3091 3176/3871/3090
f 3266/3877/3063 3267/3881/3063 3134/3882/3098 3175/3878/3095
f 3177/3883/3099 3174/3884/3097 3176/3885/3090 3179/3886/3100
f 3267/3887/3063 3268/3888/3063 3132/3889/3101 3134/3890/3098
f 3178/3891/3102 3177/3883/3099 3179/3886/3100 3180/3860/3081
f 3268/3888/3063 3269/3892/3063 3129/3893/3103 3132/3889/3101
f 3179/3886/3100 3176/3885/3090 3165/3863/3084 3163/3861/3082
f 3180/3860/3081 3179/3886/3100 3163/3861/3082 3159/3858/3079
f 3151/3850/3071 3178/3891/3102 3180/3860/3081 3154/3851/3072
f 3269/3892/3063 3270/3844/3063 3148/3845/3066 3129/3893/3103
f 3244/3761/2992 3091/3752/2983 3184/3894/3104 3253/3895/3105
f 3071/3719/2952 3094/3759/2990 3182/3799/3026 3068/3717/2950
f 3183/3798/3025 3066/3714/2949 3068/3717/2950 3182/3799/3026
f 3185/3896/3106 3254/3897/3107 3253/3895/3105 3184/3894/3104
f 3183/3798/3025 3255/3797/3024 3263/3696/2936 3200/3695/2935
f 3113/3785/3012 3109/3781/3008 3111/3783/3010 3246/3786/3013
f 3187/3898/3108 3185/3896/3106 3184/3894/3104 3186/3899/3109
f 3091/3752/2983 3089/3748/2979 3186/3899/3109 3184/3894/3104
f 3189/3900/3110 3187/3898/3108 3186/3899/3109 3188/3901/3111
f 3089/3748/2979 3085/3745/2976 3188/3901/3111 3186/3899/3109
f 3191/3902/3112 3189/3900/3110 3188/3901/3111 3190/3903/3113
f 3085/3745/2976 3082/3743/2974 3190/3903/3113 3188/3901/3111
f 3190/3903/3113 3192/3904/3114 3193/3905/3115 3191/3902/3112
f 3192/3904/3114 3190/3903/3113 3082/3743/2974 3080/3736/2967
f 3064/3710/2945 3258/3906/3116 3257/3788/3015 3194/3713/2948
f 3243/3753/2984 3092/3750/2981 3090/3751/2982 3240/3760/2991
f 3261/3907/3117 3195/3908/3118 3193/3905/3115 3259/3909/3119
f 3256/3910/3120 3192/3904/3114 3080/3736/2967 3239/3735/2966
f 3258/3906/3116 3064/3710/2945 3061/3678/2923 3260/3677/2922
f 3231/3694/2934 3233/3911/3121 3051/3690/2931 3050/3689/2930
f 3261/3907/3117 3228/3671/2916 3043/3672/2917 3195/3908/3118
f 3195/3908/3118 3043/3672/2917 3045/3680/2925 3196/3912/3122
f 3195/3908/3118 3196/3912/3122 3191/3902/3112 3193/3905/3115
f 3189/3900/3110 3191/3902/3112 3196/3912/3122 3197/3913/3123
f 3047/3683/2927 3197/3913/3123 3196/3912/3122 3045/3680/2925
f 3187/3898/3108 3189/3900/3110 3197/3913/3123 3198/3914/3124
f 3049/3686/2929 3198/3914/3124 3197/3913/3123 3047/3683/2927
f 3185/3896/3106 3187/3898/3108 3198/3914/3124 3199/3915/3125
f 3051/3690/2931 3199/3915/3125 3198/3914/3124 3049/3686/2929
f 3192/3904/3114 3256/3910/3120 3259/3909/3119 3193/3905/3115
f 3237/3793/3020 3077/3728/2959 3076/3726/2957 3234/3739/2970
f 3254/3897/3107 3185/3896/3106 3199/3915/3125 3262/3916/3126
f 3233/3911/3121 3262/3916/3126 3199/3915/3125 3051/3690/2931
f 3066/3714/2949 3183/3798/3025 3200/3695/2935 3201/3707/2942
f 3055/3699/2938 3201/3707/2942 3200/3695/2935 3053/3691/2932
f 3036/3659/2894 3033/3656/2894 3202/3611/2894 3009/3624/2894
f 3033/3656/2894 3030/3653/2894 3027/3612/2894 3202/3611/2894
f 3215/3616/2894 3222/3651/2894 3024/3640/2894 3203/3617/2894
f 3217/3622/2894 3219/3917/2895 3039/3662/2898 3011/3623/2894
f 3203/3617/2894 3024/3640/2894 3021/3639/2894 3019/3636/2894
f 3010/3618/2894 3203/3617/2894 3019/3636/2894 3016/3633/2894
f 3114/3794/3021 3116/3795/3022 3209/3918/3127 3210/3919/3128
f 3139/3782/3009 3114/3794/3021 3210/3919/3128 3208/3920/3129
f 3108/3777/3006 3139/3782/3009 3208/3920/3129 3207/3921/3130
f 3106/3778/3004 3108/3777/3006 3207/3921/3130 3206/3922/3131
f 3104/3772/3002 3106/3774/3004 3206/3923/3131 3211/3924/3132
f 3125/3773/3003 3104/3772/3002 3211/3924/3132 3205/3925/3133
f 3118/3796/3023 3125/3773/3003 3205/3925/3133 3204/3926/3134
f 3116/3795/3022 3118/3796/3023 3204/3926/3134 3209/3918/3127
f 3213/3621/2894 3214/3614/2894 3215/3616/2894 3212/3615/2894
f 3217/3622/2894 3213/3621/2894 3212/3615/2894 3216/3619/2894
f 3219/3917/2895 3217/3622/2894 3216/3619/2894 3218/3629/2899
f 3221/3652/2894 3222/3651/2894 3223/3613/2894 3220/3644/2894
f 3225/3675/2920 3221/3652/2894 3220/3644/2894 3224/3646/2906
f 3227/3626/2896 3219/3625/2895 3218/3668/2899 3226/3667/2914
f 3229/3676/2921 3227/3626/2896 3226/3667/2914 3228/3671/2916
f 3231/3694/2934 3225/3693/2920 3224/3650/2906 3230/3649/2908
f 3233/3911/3121 3231/3694/2934 3230/3649/2908 3232/3692/2933
f 3235/3738/2969 3236/3732/2963 3237/3793/3020 3234/3739/2970
f 3239/3735/2966 3235/3738/2969 3234/3739/2970 3238/3740/2971
f 3241/3757/2988 3242/3763/2994 3243/3753/2984 3240/3760/2991
f 3245/3758/2989 3241/3757/2988 3240/3760/2991 3244/3761/2992
f 3249/3787/3014 3246/3786/3013 3247/3731/2962 3248/3789/3016
f 3246/3786/3013 3237/3793/3020 3236/3732/2963 3247/3731/2962
f 3251/3792/3019 3249/3787/3014 3248/3789/3016 3250/3754/2985
f 3242/3763/2994 3251/3792/3019 3250/3754/2985 3243/3753/2984
f 3255/3797/3024 3252/3800/3027 3253/3895/3105 3254/3897/3107
f 3252/3800/3027 3245/3758/2989 3244/3761/2992 3253/3895/3105
f 3257/3788/3015 3258/3906/3116 3259/3909/3119 3256/3910/3120
f 3256/3910/3120 3239/3735/2966 3238/3740/2971 3257/3788/3015
f 3261/3907/3117 3259/3909/3119 3258/3906/3116 3260/3677/2922
f 3260/3677/2922 3229/3676/2921 3228/3671/2916 3261/3907/3117
f 3263/3696/2936 3255/3797/3024 3254/3897/3107 3262/3916/3126
f 3262/3916/3126 3233/3911/3121 3232/3692/2933 3263/3696/2936
f 3214/3614/2894 3223/3613/2894 3222/3651/2894 3215/3616/2894
f 3009/3624/2894 3202/3611/2894 3214/3614/2894 3213/3621/2894
f 3178/3891/3102 3151/3850/3071 3270/3844/3063 3269/3892/3063
f 3177/3883/3099 3178/3891/3102 3269/3892/3063 3268/3888/3063
f 3174/3884/3097 3177/3883/3099 3268/3888/3063 3267/3887/3063
f 3173/3875/3094 3174/3880/3097 3267/3881/3063 3266/3877/3063
f 3150/3846/3067 3172/3874/3093 3265/3876/3063 3271/3841/3063
f 3172/3874/3093 3173/3875/3094 3266/3877/3063 3265/3876/3063
f 3151/3850/3071 3149/3847/3068 3264/3840/3063 3270/3844/3063
f 3149/3847/3068 3150/3846/3067 3271/3841/3063 3264/3840/3063
f 3148/3845/3066 3146/3843/3065 3277/3838/3061 3279/3817/3044
f 3146/3843/3065 3144/3842/3064 3276/3836/3059 3277/3838/3061
f 3142/3879/3096 3175/3878/3095 3278/3821/3048 3275/3837/3060
f 3144/3842/3064 3142/3879/3096 3275/3837/3060 3276/3836/3059
f 3175/3878/3095 3134/3882/3098 3274/3822/3045 3278/3821/3048
f 3134/3890/3098 3132/3889/3101 3273/3815/3042 3274/3818/3045
f 3129/3893/3103 3148/3845/3066 3279/3817/3044 3272/3816/3043
f 3132/3889/3101 3129/3893/3103 3272/3816/3043 3273/3815/3042
f 3294/3927/3135 3291/3928/3136 3287/3804/3031 3282/3833/3056
f 3290/3929/3137 3294/3927/3135 3282/3833/3056 3286/3830/3053
f 3293/3930/3138 3290/3929/3137 3286/3830/3053 3281/3829/3052
f 3289/3931/3139 3293/3930/3138 3281/3829/3052 3285/3828/3051
f 3295/3932/3140 3289/3933/3139 3285/3827/3051 3283/3810/3037
f 3288/3934/3141 3295/3932/3140 3283/3810/3037 3284/3808/3035
f 3292/3935/3142 3288/3934/3141 3284/3808/3035 3280/3805/3032
f 3291/3928/3136 3292/3935/3142 3280/3805/3032 3287/3804/3031
f 3209/3918/3127 3204/3926/3134 3292/3935/3142 3291/3928/3136
f 3204/3926/3134 3205/3925/3133 3288/3934/3141 3292/3935/3142
f 3205/3925/3133 3211/3924/3132 3295/3932/3140 3288/3934/3141
f 3211/3924/3132 3206/3923/3131 3289/3933/3139 3295/3932/3140
f 3206/3922/3131 3207/3921/3130 3293/3930/3138 3289/3931/3139
f 3207/3921/3130 3208/3920/3129 3290/3929/3137 3293/3930/3138
f 3208/3920/3129 3210/3919/3128 3294/3927/3135 3290/3929/3137
f 3210/3919/3128 3209/3918/3127 3291/3928/3136 3294/3927/3135
o Char_Sneakers__L.002_Cube.018
v 0.005299 0.045415 0.054024
v 0.005824 0.045386 0.087700
v 0.005801 0.011029 0.087701
v 0.005551 0.011036 0.054024
v 0.121930 0.011029 0.087701
v 0.122181 0.011036 0.054024
v 0.122434 0.045415 0.054024
v 0.121908 0.045386 0.087700
v 0.017386 0.080177 0.054541
v 0.015068 0.072791 0.087627
v 0.063866 0.079457 0.087719
v 0.063862 0.087951 0.055663
v 0.112664 0.072791 0.087627
v 0.110346 0.080125 0.054535
v 0.122244 0.021036 0.054024
v 0.121925 0.021024 0.087701
v 0.005807 0.021024 0.087701
v 0.005488 0.021036 0.054024
v 0.005813 0.031018 0.087701
v 0.005425 0.031036 0.054024
v 0.121919 0.031018 0.087701
v 0.122307 0.031036 0.054024
v 0.121976 0.031021 0.082721
v 0.122250 0.031033 0.059004
v 0.005482 0.031033 0.059005
v 0.005755 0.031021 0.082719
v 0.122144 0.011035 0.058997
v 0.121968 0.011030 0.082728
v 0.005760 0.021025 0.082724
v 0.005535 0.021034 0.059001
v 0.005764 0.011030 0.082726
v 0.005588 0.011035 0.058999
v 0.122197 0.021034 0.058999
v 0.121972 0.021025 0.082726
v 0.122356 0.045411 0.059012
v 0.121986 0.045390 0.082712
v 0.005746 0.045390 0.082710
v 0.005376 0.045411 0.059014
v 0.063865 0.080608 0.083374
v 0.063862 0.086800 0.060008
v 0.017055 0.079122 0.059267
v 0.015399 0.073846 0.082901
v 0.112333 0.073838 0.082902
v 0.110677 0.079077 0.059261
v 0.013958 0.044118 0.053924
v 0.014482 0.044080 0.087604
v 0.014566 0.011029 0.087634
v 0.014316 0.011083 0.053956
v 0.113165 0.011029 0.087634
v 0.113416 0.011083 0.053956
v 0.113775 0.044116 0.053924
v 0.113250 0.044080 0.087605
v 0.022721 0.073648 0.053276
v 0.021127 0.066830 0.086553
v 0.063866 0.071302 0.085781
v 0.063857 0.079794 0.053734
v 0.106606 0.066828 0.086557
v 0.105006 0.073598 0.053276
v 0.113479 0.021083 0.053948
v 0.113160 0.021023 0.087625
v 0.014572 0.021023 0.087625
v 0.014253 0.021083 0.053948
v 0.014577 0.031017 0.087604
v 0.014189 0.031092 0.053928
v 0.113154 0.031017 0.087604
v 0.113543 0.031092 0.053927
v 0.113212 0.031034 0.082624
v 0.113485 0.031075 0.058907
v 0.014247 0.031075 0.058909
v 0.014520 0.031034 0.082623
v 0.113379 0.011070 0.058930
v 0.113203 0.011041 0.082660
v 0.014525 0.021036 0.082648
v 0.014300 0.021069 0.058925
v 0.014529 0.011041 0.082658
v 0.014353 0.011070 0.058931
v 0.113432 0.021069 0.058923
v 0.113207 0.021036 0.082650
v 0.113698 0.044104 0.058914
v 0.113328 0.044083 0.082616
v 0.014404 0.044084 0.082612
v 0.014034 0.044105 0.058915
v 0.063864 0.072454 0.081434
v 0.063859 0.078644 0.058073
v 0.022764 0.072871 0.058095
v 0.021070 0.067564 0.081720
v 0.106662 0.067556 0.081725
v 0.104966 0.072827 0.058094
v 0.007507 0.045085 0.053998
v 0.011750 0.044449 0.053949
v 0.007986 0.045060 0.087676
v 0.012320 0.044406 0.087628
v 0.012332 0.011029 0.087651
v 0.008035 0.011029 0.087684
v 0.007798 0.011048 0.054006
v 0.012069 0.011071 0.053973
v 0.119696 0.011029 0.087684
v 0.115400 0.011029 0.087651
v 0.115663 0.011071 0.053973
v 0.119934 0.011048 0.054006
v 0.120226 0.045084 0.053998
v 0.115982 0.044448 0.053950
v 0.119745 0.045060 0.087676
v 0.115412 0.044406 0.087629
v 0.018495 0.078820 0.054278
v 0.021612 0.075004 0.053539
v 0.016381 0.071500 0.087394
v 0.019814 0.068122 0.086785
v 0.063866 0.073507 0.086305
v 0.063866 0.077252 0.087195
v 0.063860 0.086001 0.055202
v 0.063858 0.081744 0.054195
v 0.111351 0.071499 0.087395
v 0.107919 0.068120 0.086789
v 0.106117 0.074955 0.053538
v 0.109236 0.078768 0.054273
v 0.119993 0.021048 0.054004
v 0.115731 0.021071 0.053967
v 0.119695 0.021024 0.087682
v 0.115389 0.021023 0.087644
v 0.008036 0.021024 0.087682
v 0.012343 0.021023 0.087644
v 0.012001 0.021071 0.053967
v 0.007740 0.021048 0.054004
v 0.012354 0.031017 0.087629
v 0.008036 0.031018 0.087676
v 0.011932 0.031077 0.053952
v 0.007683 0.031050 0.053999
v 0.115378 0.031017 0.087629
v 0.119695 0.031018 0.087676
v 0.115800 0.031077 0.053952
v 0.120050 0.031050 0.053999
v 0.119902 0.011044 0.058980
v 0.115622 0.011061 0.058947
v 0.115441 0.011039 0.082677
v 0.119729 0.011033 0.082710
v 0.008003 0.011033 0.082709
v 0.012291 0.011039 0.082675
v 0.012110 0.011061 0.058949
v 0.007831 0.011044 0.058982
vt 0.289211 0.769208
vt 0.290410 0.762726
vt 0.293901 0.763151
vt 0.292505 0.769998
vt 0.273424 0.640682
vt 0.273545 0.647273
vt 0.269958 0.647520
vt 0.270149 0.640568
vt 0.274589 0.704214
vt 0.278356 0.734318
vt 0.275587 0.734666
vt 0.271630 0.704214
vt 0.270147 0.767866
vt 0.269957 0.760913
vt 0.273546 0.761160
vt 0.273424 0.767752
vt 0.274897 0.751789
vt 0.271473 0.751229
vt 0.292506 0.638439
vt 0.293901 0.645287
vt 0.290410 0.645710
vt 0.289213 0.639228
vt 0.278354 0.674109
vt 0.275586 0.673763
vt 0.291794 0.676782
vt 0.294901 0.704219
vt 0.291560 0.704218
vt 0.289068 0.676347
vt 0.291787 0.731633
vt 0.289062 0.732070
vt 0.294041 0.753448
vt 0.290833 0.753459
vt 0.274895 0.656643
vt 0.271472 0.657203
vt 0.288297 0.774891
vt 0.290499 0.774579
vt 0.294038 0.654989
vt 0.290832 0.654978
vt 0.290500 0.633858
vt 0.288299 0.633545
vt 0.271380 0.772971
vt 0.273688 0.773810
vt 0.273690 0.634625
vt 0.271382 0.635463
vt 0.360999 0.753697
vt 0.357878 0.754232
vt 0.356774 0.747949
vt 0.359898 0.747416
vt 0.375875 0.636763
vt 0.378995 0.637296
vt 0.377898 0.643570
vt 0.374774 0.643039
vt 0.369203 0.693946
vt 0.372064 0.693946
vt 0.373301 0.721327
vt 0.370190 0.721404
vt 0.378992 0.750594
vt 0.375871 0.751129
vt 0.374766 0.744853
vt 0.377891 0.744320
vt 0.376468 0.736117
vt 0.373338 0.736658
vt 0.357879 0.633669
vt 0.360999 0.634202
vt 0.359902 0.640485
vt 0.356779 0.639953
vt 0.370214 0.666487
vt 0.373323 0.666565
vt 0.351679 0.667405
vt 0.354785 0.667467
vt 0.353824 0.693944
vt 0.350965 0.693944
vt 0.354761 0.720410
vt 0.351653 0.720472
vt 0.358479 0.739232
vt 0.355349 0.739770
vt 0.373351 0.651235
vt 0.376480 0.651775
vt 0.362092 0.759976
vt 0.358973 0.760511
vt 0.355359 0.648133
vt 0.358488 0.648669
vt 0.358970 0.627391
vt 0.362089 0.627924
vt 0.380085 0.756869
vt 0.376966 0.757404
vt 0.376966 0.630487
vt 0.380085 0.631020
vt 0.270174 0.704214
vt 0.274586 0.673965
vt 0.292761 0.676755
vt 0.296104 0.704220
vt 0.292753 0.731660
vt 0.271884 0.630233
vt 0.268343 0.632450
vt 0.266853 0.631110
vt 0.271122 0.628398
vt 0.268340 0.775984
vt 0.271882 0.778203
vt 0.271120 0.780038
vt 0.266850 0.777324
vt 0.268365 0.760816
vt 0.270085 0.750951
vt 0.288485 0.632090
vt 0.291171 0.632996
vt 0.268366 0.647617
vt 0.268675 0.640352
vt 0.265048 0.647833
vt 0.267087 0.658132
vt 0.265506 0.658516
vt 0.263222 0.647972
vt 0.292692 0.630799
vt 0.289276 0.629144
vt 0.289708 0.627391
vt 0.293812 0.629308
vt 0.271923 0.733880
vt 0.267086 0.750299
vt 0.265506 0.749915
vt 0.270828 0.733621
vt 0.274588 0.734465
vt 0.295466 0.731743
vt 0.298880 0.704220
vt 0.300190 0.704220
vt 0.296503 0.731770
vt 0.295525 0.645105
vt 0.295476 0.655049
vt 0.273250 0.775204
vt 0.270483 0.773826
vt 0.295525 0.763333
vt 0.294041 0.770524
vt 0.268673 0.768082
vt 0.295479 0.753389
vt 0.270085 0.657482
vt 0.294042 0.637913
vt 0.273252 0.633231
vt 0.288483 0.776347
vt 0.270485 0.634608
vt 0.291170 0.775441
vt 0.289273 0.779293
vt 0.292690 0.777638
vt 0.293810 0.779129
vt 0.289704 0.781047
vt 0.296964 0.771657
vt 0.298667 0.772419
vt 0.295475 0.676674
vt 0.298452 0.655198
vt 0.300083 0.655325
vt 0.296513 0.676647
vt 0.265431 0.639697
vt 0.263569 0.639300
vt 0.271922 0.674547
vt 0.270827 0.674807
vt 0.298454 0.753240
vt 0.300085 0.753112
vt 0.298823 0.763706
vt 0.300698 0.763907
vt 0.265428 0.768736
vt 0.263567 0.769133
vt 0.298823 0.644732
vt 0.300698 0.644532
vt 0.267599 0.704214
vt 0.266047 0.704214
vt 0.265046 0.760599
vt 0.263220 0.760461
vt 0.296965 0.636780
vt 0.298668 0.636019
vn -0.9999 -0.0043 0.0095
vn -0.9999 -0.0052 0.0120
vn -0.7147 -0.0050 -0.6993
vn -0.7136 -0.0042 -0.7005
vn 0.9999 -0.0014 0.0095
vn 0.9999 -0.0016 0.0120
vn 0.6991 0.0002 0.7150
vn 0.7005 0.0002 0.7136
vn 0.0002 0.9728 0.2315
vn -0.6394 0.7558 0.1411
vn -0.5183 0.5157 0.6822
vn 0.0000 0.5774 0.8164
vn -0.7005 0.0002 0.7136
vn -0.6991 0.0002 0.7150
vn -0.9999 -0.0016 0.0120
vn -0.9999 -0.0014 0.0095
vn -0.9866 0.1625 0.0121
vn -0.7144 0.1168 0.6899
vn 0.7136 -0.0042 -0.7005
vn 0.7147 -0.0050 -0.6993
vn 0.9999 -0.0052 0.0120
vn 0.9999 -0.0043 0.0095
vn 0.6394 0.7559 0.1404
vn 0.5182 0.5160 0.6820
vn 0.5001 0.6992 -0.5109
vn 0.0004 0.8681 -0.4963
vn 0.0004 0.9730 0.2309
vn 0.6437 0.7525 0.1393
vn -0.4998 0.6997 -0.5104
vn -0.6435 0.7525 0.1400
vn -0.7461 0.1290 -0.6532
vn -0.9866 0.1624 0.0124
vn 0.9866 0.1625 0.0120
vn 0.7145 0.1168 0.6898
vn -0.7042 -0.7099 0.0056
vn -0.5790 -0.5804 -0.5726
vn 0.7461 0.1291 -0.6532
vn 0.9866 0.1625 0.0123
vn 0.5790 -0.5804 -0.5726
vn 0.7042 -0.7099 0.0056
vn -0.5725 -0.5774 0.5820
vn -0.7060 -0.7082 0.0057
vn 0.7060 -0.7082 0.0057
vn 0.5725 -0.5774 0.5820
vn 0.9999 0.0043 -0.0095
vn 0.7007 0.0032 -0.7135
vn 0.7002 0.0073 -0.7139
vn 0.9999 0.0096 -0.0120
vn -0.9999 0.0014 -0.0095
vn -0.7135 0.0008 0.7006
vn -0.7161 0.0035 0.6980
vn -0.9999 0.0059 -0.0120
vn -0.0002 -0.9760 -0.2177
vn -0.0001 -0.8238 0.5669
vn 0.4168 -0.4794 0.7723
vn 0.6588 -0.7397 -0.1368
vn 0.7135 0.0008 0.7006
vn 0.9999 0.0014 -0.0095
vn 0.9999 0.0059 -0.0120
vn 0.7161 0.0035 0.6980
vn 0.6877 -0.0828 0.7212
vn 0.9905 -0.1364 -0.0169
vn -0.7006 0.0032 -0.7135
vn -0.9999 0.0043 -0.0095
vn -0.9999 0.0096 -0.0120
vn -0.7002 0.0073 -0.7139
vn -0.6588 -0.7398 -0.1362
vn -0.4165 -0.4791 0.7726
vn -0.2699 -0.2962 -0.9162
vn -0.6364 -0.7574 -0.1458
vn -0.0004 -0.9756 -0.2194
vn -0.0002 -0.4954 -0.8686
vn 0.6362 -0.7575 -0.1466
vn 0.2693 -0.2956 -0.9166
vn 0.9904 -0.1368 -0.0168
vn 0.6370 -0.0910 -0.7655
vn -0.9905 -0.1365 -0.0168
vn -0.6876 -0.0828 0.7213
vn 0.7097 -0.7044 -0.0072
vn 0.5758 -0.5737 -0.5825
vn -0.6370 -0.0912 -0.7654
vn -0.9904 -0.1370 -0.0166
vn -0.5758 -0.5737 -0.5825
vn -0.7097 -0.7044 -0.0072
vn 0.5820 -0.5778 0.5722
vn 0.7083 -0.7059 -0.0071
vn -0.7083 -0.7059 -0.0071
vn -0.5820 -0.5778 0.5722
vn 0.0000 -0.1970 0.9804
vn -0.0502 -0.1053 0.9931
vn 0.0446 0.1207 -0.9917
vn 0.0000 0.2079 -0.9781
vn -0.0447 0.1210 -0.9916
vn -0.0016 -1.0000 -0.0013
vn -0.0062 -0.7075 0.7067
vn 0.0062 -0.7075 0.7067
vn 0.0016 -1.0000 -0.0013
vn 0.0104 0.0003 0.9999
vn 0.0424 -0.0050 0.9991
vn -0.0036 -1.0000 -0.0007
vn 0.0025 -0.7069 -0.7073
vn -0.0104 0.0003 0.9999
vn -0.0090 0.0005 0.9999
vn -0.0104 0.0007 0.9999
vn -0.0463 0.0026 0.9989
vn 0.0025 -0.7067 -0.7075
vn -0.0036 -1.0000 -0.0014
vn 0.0574 -0.0957 0.9937
vn 0.0465 0.0026 0.9989
vn 0.0504 -0.1055 0.9931
vn -0.0523 0.1144 -0.9920
vn 0.0001 0.2065 -0.9784
vn 0.0105 -0.0004 -0.9999
vn 0.0447 0.0155 -0.9989
vn 0.0016 -1.0000 -0.0007
vn 0.0062 -0.7073 0.7068
vn -0.0105 -0.0004 -0.9999
vn -0.0090 -0.0005 -0.9999
vn 0.0090 0.0005 0.9999
vn -0.0449 0.0156 -0.9988
vn -0.0422 -0.0050 0.9991
vn 0.0090 -0.0005 -0.9999
vn -0.0016 -1.0000 -0.0007
vn 0.0036 -1.0000 -0.0007
vn -0.0062 -0.7073 0.7068
vn -0.0025 -0.7069 -0.7073
vn 0.0036 -1.0000 -0.0014
vn -0.0025 -0.7067 -0.7075
vn -0.0090 -0.0010 -0.9999
vn 0.0522 0.1140 -0.9921
vn 0.0488 0.0091 -0.9987
vn -0.0090 0.0010 0.9999
vn -0.0573 -0.0955 0.9938
vn -0.0491 0.0091 -0.9987
vn -0.0105 -0.0009 -0.9999
vn 0.0090 0.0010 0.9999
vn 0.0105 -0.0009 -0.9999
vn 0.0000 -0.1947 0.9808
vn 0.0104 0.0008 0.9999
vn 0.0090 -0.0010 -0.9999
usemtl Clothes_UV
s 1
f 3325/3936/3143 3320/3937/3144 3315/3938/3145 3313/3939/3146
f 3329/3940/3147 3318/3941/3148 3316/3942/3149 3311/3943/3150
f 3334/3944/3151 3337/3945/3152 3305/3946/3153 3306/3947/3154
f 3312/3948/3155 3314/3949/3156 3321/3950/3157 3324/3951/3158
f 3337/3945/3152 3332/3952/3159 3297/3953/3160 3305/3946/3153
f 3310/3954/3161 3317/3955/3162 3319/3956/3163 3328/3957/3164
f 3338/3958/3165 3334/3944/3151 3306/3947/3154 3308/3959/3166
f 3309/3960/3167 3307/3961/3168 3335/3962/3169 3339/3963/3170
f 3307/3961/3168 3304/3964/3171 3336/3965/3172 3335/3962/3169
f 3304/3964/3171 3296/3966/3173 3333/3967/3174 3336/3965/3172
f 3331/3968/3175 3338/3958/3165 3308/3959/3166 3303/3969/3176
f 3327/3970/3177 3325/3936/3143 3313/3939/3146 3299/3971/3178
f 3302/3972/3179 3309/3960/3167 3339/3963/3170 3330/3973/3180
f 3314/3949/3156 3297/3953/3160 3332/3952/3159 3321/3950/3157
f 3317/3955/3162 3302/3972/3179 3330/3973/3180 3319/3956/3163
f 3301/3974/3181 3310/3954/3161 3328/3957/3164 3322/3975/3182
f 3298/3976/3183 3312/3948/3155 3324/3951/3158 3326/3977/3184
f 3323/3978/3185 3329/3940/3147 3311/3943/3150 3300/3979/3186
f 3320/3937/3144 3333/3967/3174 3296/3966/3173 3315/3938/3145
f 3333/3967/3174 3320/3937/3144 3321/3950/3157 3332/3952/3159
f 3331/3968/3175 3318/3941/3148 3319/3956/3163 3330/3973/3180
f 3337/3945/3152 3334/3944/3151 3335/3962/3169 3336/3965/3172
f 3332/3952/3159 3337/3945/3152 3336/3965/3172 3333/3967/3174
f 3334/3944/3151 3338/3958/3165 3339/3963/3170 3335/3962/3169
f 3338/3958/3165 3331/3968/3175 3330/3973/3180 3339/3963/3170
f 3329/3940/3147 3323/3978/3185 3322/3975/3182 3328/3957/3164
f 3325/3936/3143 3327/3970/3177 3326/3977/3184 3324/3951/3158
f 3320/3937/3144 3325/3936/3143 3324/3951/3158 3321/3950/3157
f 3318/3941/3148 3329/3940/3147 3328/3957/3164 3319/3956/3163
f 3318/3941/3148 3331/3968/3175 3303/3969/3176 3316/3942/3149
f 3369/3980/3187 3357/3981/3188 3359/3982/3189 3364/3983/3190
f 3373/3984/3191 3355/3985/3192 3360/3986/3193 3362/3987/3194
f 3378/3988/3195 3350/3989/3196 3349/3990/3197 3381/3991/3198
f 3356/3992/3199 3368/3993/3200 3365/3994/3201 3358/3995/3202
f 3381/3991/3198 3349/3990/3197 3341/3996/3203 3376/3997/3204
f 3354/3998/3205 3372/3999/3206 3363/4000/3207 3361/4001/3208
f 3382/4002/3209 3352/4003/3210 3350/3989/3196 3378/3988/3195
f 3353/4004/3211 3383/4005/3212 3379/4006/3213 3351/4007/3214
f 3351/4007/3214 3379/4006/3213 3380/4008/3215 3348/4009/3216
f 3348/4009/3216 3380/4008/3215 3377/4010/3217 3340/4011/3218
f 3375/4012/3219 3347/4013/3220 3352/4003/3210 3382/4002/3209
f 3371/4014/3221 3343/4015/3222 3357/3981/3188 3369/3980/3187
f 3346/4016/3223 3374/4017/3224 3383/4005/3212 3353/4004/3211
f 3358/3995/3202 3365/3994/3201 3376/3997/3204 3341/3996/3203
f 3361/4001/3208 3363/4000/3207 3374/4017/3224 3346/4016/3223
f 3345/4018/3225 3366/4019/3226 3372/3999/3206 3354/3998/3205
f 3342/4020/3227 3370/4021/3228 3368/3993/3200 3356/3992/3199
f 3367/4022/3229 3344/4023/3230 3355/3985/3192 3373/3984/3191
f 3364/3983/3190 3359/3982/3189 3340/4011/3218 3377/4010/3217
f 3377/4010/3217 3376/3997/3204 3365/3994/3201 3364/3983/3190
f 3375/4012/3219 3374/4017/3224 3363/4000/3207 3362/3987/3194
f 3381/3991/3198 3380/4008/3215 3379/4006/3213 3378/3988/3195
f 3376/3997/3204 3377/4010/3217 3380/4008/3215 3381/3991/3198
f 3378/3988/3195 3379/4006/3213 3383/4005/3212 3382/4002/3209
f 3382/4002/3209 3383/4005/3212 3374/4017/3224 3375/4012/3219
f 3373/3984/3191 3372/3999/3206 3366/4019/3226 3367/4022/3229
f 3369/3980/3187 3368/3993/3200 3370/4021/3228 3371/4014/3221
f 3364/3983/3190 3365/3994/3201 3368/3993/3200 3369/3980/3187
f 3362/3987/3194 3363/4000/3207 3372/3999/3206 3373/3984/3191
f 3362/3987/3194 3360/3986/3193 3347/4013/3220 3375/4012/3219
f 3308/3959/3166 3306/3947/3154 3405/4024/3231 3408/4025/3232
f 3307/3961/3168 3309/3960/3167 3411/4026/3233 3406/4027/3234
f 3304/3964/3171 3307/3961/3168 3406/4027/3234 3400/4028/3235
f 3430/4029/3236 3393/4030/3237 3344/4031/3230 3367/4032/3229
f 3388/4033/3238 3433/4034/3239 3370/4035/3228 3342/4036/3227
f 3297/3953/3160 3314/3949/3156 3421/4037/3240 3386/4038/3241
f 3301/3974/3181 3322/3975/3182 3428/4039/3242 3395/4040/3243
f 3311/3943/3150 3316/3942/3149 3425/4041/3244 3414/4042/3245
f 3424/4043/3246 3399/4044/3247 3347/4045/3220 3360/4046/3193
f 3394/4047/3248 3429/4048/3249 3366/4049/3226 3345/4050/3225
f 3403/4051/3250 3387/4052/3251 3341/4053/3203 3349/4054/3197
f 3306/3947/3154 3305/3946/3153 3402/4055/3252 3405/4024/3231
f 3401/4056/3253 3407/4057/3254 3351/4058/3214 3348/4059/3216
f 3302/3972/3179 3317/3955/3162 3427/4060/3255 3396/4061/3256
f 3298/3976/3183 3326/3977/3184 3432/4062/3257 3389/4063/3258
f 3313/3939/3146 3315/3938/3145 3423/4064/3259 3419/4065/3260
f 3314/3949/3156 3312/3948/3155 3416/4066/3261 3421/4037/3240
f 3296/3966/3173 3304/3964/3171 3400/4028/3235 3384/4067/3262
f 3303/3969/3176 3308/3959/3166 3408/4025/3232 3398/4068/3263
f 3317/3955/3162 3310/3954/3161 3412/4069/3264 3427/4060/3255
f 3322/3975/3182 3323/3978/3185 3431/4070/3265 3428/4039/3242
f 3326/3977/3184 3327/3970/3177 3435/4071/3266 3432/4062/3257
f 3300/3979/3186 3311/3943/3150 3414/4042/3245 3392/4072/3267
f 3310/3954/3161 3301/3974/3181 3395/4040/3243 3412/4069/3264
f 3299/3971/3178 3313/3939/3146 3419/4065/3260 3390/4073/3268
f 3312/3948/3155 3298/3976/3183 3389/4063/3258 3416/4066/3261
f 3434/4074/3269 3391/4075/3270 3343/4076/3222 3371/4077/3221
f 3391/4075/3270 3418/4078/3271 3357/4079/3188 3343/4076/3222
f 3410/4080/3272 3397/4081/3273 3346/4082/3223 3353/4083/3211
f 3393/4030/3237 3415/4084/3274 3355/4085/3192 3344/4031/3230
f 3433/4034/3239 3434/4074/3269 3371/4077/3221 3370/4035/3228
f 3415/4084/3274 3424/4043/3246 3360/4046/3193 3355/4085/3192
f 3399/4044/3247 3409/4086/3275 3352/4087/3210 3347/4045/3220
f 3385/4088/3276 3401/4056/3253 3348/4059/3216 3340/4089/3218
f 3418/4078/3271 3422/4090/3277 3359/4091/3189 3357/4079/3188
f 3429/4048/3249 3430/4029/3236 3367/4032/3229 3366/4049/3226
f 3417/4092/3278 3388/4033/3238 3342/4036/3227 3356/4093/3199
f 3397/4081/3273 3426/4094/3279 3361/4095/3208 3346/4082/3223
f 3316/3942/3149 3303/3969/3176 3398/4068/3263 3425/4041/3244
f 3409/4086/3275 3404/4096/3280 3350/4097/3196 3352/4087/3210
f 3315/3938/3145 3296/3966/3173 3384/4067/3262 3423/4064/3259
f 3323/3978/3185 3300/3979/3186 3392/4072/3267 3431/4070/3265
f 3309/3960/3167 3302/3972/3179 3396/4061/3256 3411/4026/3233
f 3420/4098/3281 3417/4092/3278 3356/4093/3199 3358/4099/3202
f 3413/4100/3282 3394/4047/3248 3345/4050/3225 3354/4101/3205
f 3387/4052/3251 3420/4098/3281 3358/4099/3202 3341/4053/3203
f 3305/3946/3153 3297/3953/3160 3386/4038/3241 3402/4055/3252
f 3327/3970/3177 3299/3971/3178 3390/4073/3268 3435/4071/3266
f 3404/4096/3280 3403/4051/3250 3349/4054/3197 3350/4097/3196
f 3426/4094/3279 3413/4100/3282 3354/4101/3205 3361/4095/3208
f 3407/4057/3254 3410/4080/3272 3353/4083/3211 3351/4058/3214
f 3433/4034/3239 3388/4033/3238 3389/4063/3258 3432/4062/3257
f 3391/4075/3270 3434/4074/3269 3435/4071/3266 3390/4073/3268
f 3429/4048/3249 3394/4047/3248 3395/4040/3243 3428/4039/3242
f 3393/4030/3237 3430/4029/3236 3431/4070/3265 3392/4072/3267
f 3434/4074/3269 3433/4034/3239 3432/4062/3257 3435/4071/3266
f 3430/4029/3236 3429/4048/3249 3428/4039/3242 3431/4070/3265
f 3413/4100/3282 3426/4094/3279 3427/4060/3255 3412/4069/3264
f 3399/4044/3247 3424/4043/3246 3425/4041/3244 3398/4068/3263
f 3385/4088/3276 3422/4090/3277 3423/4064/3259 3384/4067/3262
f 3417/4092/3278 3420/4098/3281 3421/4037/3240 3416/4066/3261
f 3422/4090/3277 3418/4078/3271 3419/4065/3260 3423/4064/3259
f 3388/4033/3238 3417/4092/3278 3416/4066/3261 3389/4063/3258
f 3397/4081/3273 3410/4080/3272 3411/4026/3233 3396/4061/3256
f 3409/4086/3275 3399/4044/3247 3398/4068/3263 3408/4025/3232
f 3403/4051/3250 3404/4096/3280 3405/4024/3231 3402/4055/3252
f 3401/4056/3253 3385/4088/3276 3384/4067/3262 3400/4028/3235
f 3415/4084/3274 3393/4030/3237 3392/4072/3267 3414/4042/3245
f 3426/4094/3279 3397/4081/3273 3396/4061/3256 3427/4060/3255
f 3424/4043/3246 3415/4084/3274 3414/4042/3245 3425/4041/3244
f 3394/4047/3248 3413/4100/3282 3412/4069/3264 3395/4040/3243
f 3387/4052/3251 3403/4051/3250 3402/4055/3252 3386/4038/3241
f 3420/4098/3281 3387/4052/3251 3386/4038/3241 3421/4037/3240
f 3418/4078/3271 3391/4075/3270 3390/4073/3268 3419/4065/3260
f 3407/4057/3254 3401/4056/3253 3400/4028/3235 3406/4027/3234
f 3410/4080/3272 3407/4057/3254 3406/4027/3234 3411/4026/3233
f 3404/4096/3280 3409/4086/3275 3408/4025/3232 3405/4024/3231
f 3422/4090/3277 3385/4088/3276 3340/4089/3218 3359/4091/3189
o Char_Tooth_On_Cube.086
v 0.013293 1.508659 0.095239
v 0.013293 1.508138 0.095138
v 0.009399 1.509349 0.098438
v 0.008653 1.508939 0.093937
v 0.008653 1.508418 0.093836
v 0.005812 1.509735 0.096122
v 0.005790 1.508668 0.095922
v 0.002852 1.509952 0.097110
v 0.000000 1.509938 0.097292
v 0.002833 1.508711 0.096871
v 0.004700 1.509477 0.099841
v 0.000000 1.509435 0.099963
v 0.004700 1.508236 0.099599
v 0.004700 1.504861 0.099087
v 0.000000 1.508188 0.099720
v 0.009399 1.508284 0.098230
v 0.009399 1.505281 0.097790
v 0.009399 1.504444 0.097627
v 0.013293 1.506755 0.094923
v 0.013293 1.506345 0.094843
v 0.008653 1.506333 0.093621
v 0.008653 1.505923 0.093541
v 0.005745 1.505662 0.095499
v 0.005728 1.504823 0.095341
v 0.002794 1.505334 0.096364
v 0.002779 1.504357 0.096176
v 0.000000 1.505303 0.096534
v 0.000000 1.504322 0.096343
v -0.002793 1.505334 0.096364
v 0.000000 1.508691 0.097049
v -0.002832 1.508711 0.096871
v -0.002851 1.509952 0.097110
v -0.005790 1.508668 0.095922
v -0.005811 1.509735 0.096122
v -0.005744 1.505662 0.095499
v -0.008652 1.508418 0.093836
v -0.008652 1.508939 0.093937
v -0.008652 1.506333 0.093621
v -0.013292 1.508138 0.095138
v -0.013292 1.508659 0.095239
v -0.013292 1.506755 0.094923
v -0.009399 1.508284 0.098230
v -0.009399 1.509349 0.098438
v -0.009399 1.505281 0.097790
v -0.004699 1.508236 0.099599
v -0.004699 1.509477 0.099841
v -0.004699 1.504861 0.099087
v -0.004699 1.503885 0.098897
v 0.000000 1.504799 0.099205
v 0.000000 1.503818 0.099014
v 0.004700 1.503885 0.098897
v -0.009399 1.504444 0.097627
v -0.002778 1.504357 0.096176
v -0.005727 1.504823 0.095341
v -0.008652 1.505923 0.093541
v -0.013292 1.506345 0.094843
vt 0.780781 0.705460
vt 0.789155 0.745352
vt 0.781051 0.745235
vt 0.776393 0.705385
vt 0.776673 0.665250
vt 0.781092 0.665261
vt 0.821300 0.725977
vt 0.820877 0.761546
vt 0.025322 0.615141
vt 0.029709 0.615105
vt 0.024609 0.644091
vt 0.015617 0.643950
vt 0.022823 0.669815
vt 0.012336 0.669664
vt 0.819969 0.792270
vt 0.793376 0.781281
vt 0.022650 0.693368
vt 0.012129 0.693338
vt 0.819361 0.819697
vt 0.794712 0.819696
vt 0.784133 0.819696
vt 0.783206 0.781635
vt 0.755757 0.819696
vt 0.757000 0.781812
vt 0.759044 0.745766
vt 0.764685 0.705452
vt 0.749006 0.781571
vt 0.752676 0.745829
vt 0.761243 0.705526
vt 0.755685 0.665673
vt 0.759159 0.665670
vt 0.047045 0.615840
vt 0.050501 0.615817
vt 0.056769 0.644964
vt 0.049714 0.644851
vt 0.059302 0.670456
vt 0.051083 0.670341
vt 0.059302 0.693475
vt 0.051045 0.693451
vt 0.059168 0.716493
vt 0.050949 0.716561
vt 0.022688 0.716923
vt 0.012200 0.717012
vt 0.024320 0.742656
vt 0.015331 0.742745
vt 0.049429 0.742042
vt 0.029253 0.771671
vt 0.024867 0.771609
vt 0.046593 0.771037
vt 0.780779 0.933934
vt 0.781091 0.974132
vt 0.776671 0.974143
vt 0.776391 0.934009
vt 0.759157 0.973723
vt 0.764683 0.933941
vt 0.789155 0.894041
vt 0.781051 0.894158
vt 0.759044 0.893627
vt 0.793376 0.858112
vt 0.783206 0.857758
vt 0.757000 0.857580
vt 0.749006 0.857822
vt 0.747219 0.819696
vt 0.752676 0.893564
vt 0.722397 0.846171
vt 0.722886 0.819696
vt 0.722397 0.793222
vt 0.721396 0.762936
vt 0.721394 0.876456
vt 0.056485 0.741971
vt 0.761241 0.933867
vt 0.721630 0.911412
vt 0.050050 0.771080
vt 0.755683 0.973719
vt 0.819969 0.847124
vt 0.820877 0.877848
vt 0.821301 0.913417
vt 0.721630 0.727981
vn 0.8644 0.4947 -0.0899
vn 0.4286 0.6066 0.6695
vn 0.4545 -0.1516 0.8777
vn 0.9793 0.0225 -0.2011
vn -0.1633 0.1565 -0.9741
vn -0.0872 0.6459 -0.7584
vn -0.1891 0.8278 -0.5281
vn -0.4400 0.1509 -0.8852
vn -0.1817 0.1678 -0.9689
vn -0.0953 0.8478 -0.5217
vn 0.1462 0.5637 0.8130
vn 0.0000 0.1703 -0.9854
vn 0.0000 0.8381 -0.5455
vn 0.0000 0.5560 0.8311
vn 0.0000 -0.1708 0.9853
vn 0.1534 -0.1685 0.9737
vn 0.0000 -0.1709 0.9853
vn 0.1529 -0.1684 0.9738
vn 0.4556 -0.1517 0.8771
vn 0.9816 0.0185 -0.1900
vn 0.1415 -0.8145 0.5626
vn 0.4236 -0.7963 0.4319
vn 0.8714 -0.4045 -0.2775
vn -0.0673 -0.3940 -0.9166
vn -0.1711 0.1581 -0.9725
vn -0.1975 -0.5912 -0.7819
vn -0.4345 0.1509 -0.8879
vn -0.0952 -0.6018 -0.7930
vn -0.1800 0.1678 -0.9692
vn 0.0000 -0.5806 -0.8142
vn 0.0000 0.1702 -0.9854
vn 0.0952 -0.6018 -0.7930
vn 0.1800 0.1678 -0.9692
vn 0.1817 0.1678 -0.9689
vn 0.0953 0.8478 -0.5217
vn 0.4400 0.1509 -0.8852
vn 0.1891 0.8278 -0.5281
vn 0.4345 0.1509 -0.8879
vn 0.1633 0.1565 -0.9741
vn 0.0872 0.6459 -0.7584
vn 0.1711 0.1581 -0.9725
vn -0.8644 0.4947 -0.0899
vn -0.9793 0.0225 -0.2011
vn -0.9816 0.0185 -0.1900
vn -0.4286 0.6066 0.6695
vn -0.4545 -0.1516 0.8777
vn -0.4556 -0.1517 0.8771
vn -0.1461 0.5637 0.8130
vn -0.1534 -0.1685 0.9737
vn -0.1529 -0.1684 0.9738
vn -0.1415 -0.8145 0.5626
vn 0.0000 -0.8230 0.5679
vn -0.4236 -0.7963 0.4319
vn 0.1975 -0.5912 -0.7819
vn -0.8714 -0.4045 -0.2775
vn 0.0673 -0.3940 -0.9166
usemtl Eye+Mouth
s 1
f 3436/4102/3283 3438/4103/3284 3451/4104/3285 3437/4105/3286
f 3437/4105/3286 3440/4106/3287 3439/4107/3288 3436/4102/3283
f 3436/4102/3283 3439/4108/3288 3441/4109/3289 3438/4103/3284
f 3439/4110/3288 3440/4111/3287 3442/4112/3290 3441/4113/3289
f 3441/4113/3289 3442/4112/3290 3445/4114/3291 3443/4115/3292
f 3438/4103/3284 3441/4109/3289 3443/4116/3292 3446/4117/3293
f 3443/4115/3292 3445/4114/3291 3465/4118/3294 3444/4119/3295
f 3446/4117/3293 3443/4116/3292 3444/4120/3295 3447/4121/3296
f 3446/4117/3293 3447/4121/3296 3450/4122/3297 3448/4123/3298
f 3438/4103/3284 3446/4117/3293 3448/4123/3298 3451/4104/3285
f 3448/4123/3298 3450/4122/3297 3484/4124/3299 3449/4125/3300
f 3451/4104/3285 3448/4123/3298 3449/4125/3300 3452/4126/3301
f 3437/4105/3286 3451/4104/3285 3452/4126/3301 3454/4127/3302
f 3452/4126/3301 3449/4125/3300 3486/4128/3303 3453/4129/3304
f 3454/4127/3302 3452/4126/3301 3453/4129/3304 3455/4130/3305
f 3455/4130/3305 3457/4131/3306 3456/4132/3307 3454/4127/3302
f 3454/4127/3302 3456/4132/3307 3440/4106/3287 3437/4105/3286
f 3456/4133/3307 3457/4134/3306 3459/4135/3308 3458/4136/3309
f 3440/4111/3287 3456/4133/3307 3458/4136/3309 3442/4112/3290
f 3458/4136/3309 3459/4135/3308 3461/4137/3310 3460/4138/3311
f 3442/4112/3290 3458/4136/3309 3460/4138/3311 3445/4114/3291
f 3460/4138/3311 3461/4137/3310 3463/4139/3312 3462/4140/3313
f 3445/4114/3291 3460/4138/3311 3462/4140/3313 3465/4118/3294
f 3462/4140/3313 3463/4139/3312 3488/4141/3314 3464/4142/3315
f 3465/4118/3294 3462/4140/3313 3464/4142/3315 3466/4143/3316
f 3444/4119/3295 3465/4118/3294 3466/4143/3316 3467/4144/3317
f 3467/4144/3317 3466/4143/3316 3468/4145/3318 3469/4146/3319
f 3466/4143/3316 3464/4142/3315 3470/4147/3320 3468/4145/3318
f 3469/4146/3319 3468/4145/3318 3471/4148/3321 3472/4149/3322
f 3468/4145/3318 3470/4147/3320 3473/4150/3323 3471/4148/3321
f 3475/4151/3324 3472/4152/3322 3471/4153/3321 3474/4154/3325
f 3474/4154/3325 3471/4153/3321 3473/4155/3323 3476/4156/3326
f 3478/4157/3327 3475/4151/3324 3474/4154/3325 3477/4158/3328
f 3477/4158/3328 3474/4154/3325 3476/4156/3326 3479/4159/3329
f 3481/4160/3330 3478/4157/3327 3477/4158/3328 3480/4161/3331
f 3480/4161/3331 3477/4158/3328 3479/4159/3329 3482/4162/3332
f 3447/4121/3296 3481/4160/3330 3480/4161/3331 3450/4122/3297
f 3450/4122/3297 3480/4161/3331 3482/4162/3332 3484/4124/3299
f 3484/4124/3299 3482/4162/3332 3483/4163/3333 3485/4164/3334
f 3482/4162/3332 3479/4159/3329 3487/4165/3335 3483/4163/3333
f 3449/4125/3300 3484/4124/3299 3485/4164/3334 3486/4128/3303
f 3483/4163/3333 3488/4166/3314 3463/4167/3312 3485/4164/3334
f 3485/4164/3334 3463/4167/3312 3461/4168/3310 3486/4128/3303
f 3486/4128/3303 3461/4168/3310 3459/4169/3308 3453/4129/3304
f 3487/4165/3335 3489/4170/3336 3488/4166/3314 3483/4163/3333
f 3464/4142/3315 3488/4141/3314 3489/4171/3336 3470/4147/3320
f 3491/4172/3337 3490/4173/3338 3489/4170/3336 3487/4165/3335
f 3470/4147/3320 3489/4171/3336 3490/4174/3338 3473/4150/3323
f 3476/4156/3326 3473/4155/3323 3490/4175/3338 3491/4172/3337
f 3479/4159/3329 3476/4156/3326 3491/4172/3337 3487/4165/3335
f 3481/4160/3330 3467/4176/3317 3469/4177/3319 3478/4157/3327
f 3447/4121/3296 3444/4120/3295 3467/4176/3317 3481/4160/3330
f 3478/4157/3327 3469/4177/3319 3472/4178/3322 3475/4151/3324
f 3453/4129/3304 3459/4169/3308 3457/4179/3306 3455/4130/3305
o Char_Tooth_Under_Cube.087
v -0.013292 1.502043 0.093813
v -0.013292 1.502556 0.093946
v -0.009399 1.500159 0.095904
v -0.008652 1.502411 0.092531
v -0.008652 1.502923 0.092664
v -0.005811 1.500665 0.094138
v -0.005790 1.501712 0.094418
v -0.002851 1.500003 0.094927
v 0.000000 1.499929 0.095095
v -0.002832 1.501224 0.095247
v -0.004699 1.499380 0.097102
v 0.000000 1.499269 0.097400
v -0.004699 1.500602 0.097673
v -0.004699 1.503189 0.098345
v 0.000000 1.500497 0.097973
v -0.009399 1.501208 0.096431
v -0.009399 1.503862 0.097008
v -0.009399 1.505152 0.096968
v -0.013292 1.504971 0.094228
v -0.013292 1.505375 0.094333
v -0.008652 1.504908 0.092946
v -0.008652 1.505311 0.093051
v -0.005744 1.504358 0.095011
v -0.005727 1.504751 0.095232
v -0.002793 1.503810 0.095925
v -0.002778 1.504771 0.096177
v 0.000000 1.503758 0.096090
v 0.000000 1.504724 0.096341
v 0.002794 1.503810 0.095925
v 0.000000 1.501157 0.095414
v 0.002833 1.501224 0.095247
v 0.002852 1.500003 0.094927
v 0.005790 1.501712 0.094418
v 0.005812 1.500665 0.094138
v 0.005745 1.504358 0.095011
v 0.008653 1.502923 0.092664
v 0.008653 1.502411 0.092531
v 0.008653 1.504908 0.092946
v 0.013293 1.502556 0.093946
v 0.013293 1.502043 0.093813
v 0.013293 1.504971 0.094228
v 0.009399 1.501208 0.096431
v 0.009399 1.500159 0.095904
v 0.009399 1.503862 0.097008
v 0.004700 1.500602 0.097673
v 0.004700 1.499380 0.097102
v 0.004700 1.503189 0.098345
v 0.004700 1.504151 0.098341
v 0.000000 1.503098 0.098649
v 0.000000 1.504064 0.098646
v -0.004699 1.504151 0.098341
v 0.009399 1.505152 0.096968
v 0.002779 1.504771 0.096177
v 0.005728 1.504751 0.095232
v 0.008653 1.505311 0.093051
v 0.013293 1.505375 0.094333
vt 0.659431 0.708199
vt 0.666949 0.746472
vt 0.658027 0.746846
vt 0.654942 0.707997
vt 0.655642 0.666376
vt 0.660191 0.666492
vt 0.697137 0.731426
vt 0.693767 0.765912
vt 0.026207 0.797361
vt 0.030565 0.797321
vt 0.024823 0.826074
vt 0.015914 0.825947
vt 0.022742 0.851608
vt 0.012349 0.851477
vt 0.692176 0.795267
vt 0.670384 0.783449
vt 0.022582 0.875000
vt 0.012129 0.875001
vt 0.691835 0.821485
vt 0.671142 0.821485
vt 0.660032 0.821485
vt 0.659498 0.783850
vt 0.638086 0.821485
vt 0.638430 0.783490
vt 0.638017 0.745629
vt 0.633955 0.706621
vt 0.630725 0.782850
vt 0.628269 0.744302
vt 0.630344 0.706642
vt 0.634663 0.665250
vt 0.638287 0.665340
vt 0.046892 0.795997
vt 0.050309 0.795928
vt 0.051062 0.826494
vt 0.047365 0.825959
vt 0.053017 0.852028
vt 0.044805 0.851881
vt 0.052961 0.875000
vt 0.044722 0.875000
vt 0.053017 0.897972
vt 0.044805 0.898118
vt 0.022742 0.898392
vt 0.012349 0.898525
vt 0.024824 0.923925
vt 0.015915 0.924053
vt 0.047365 0.924040
vt 0.030565 0.952678
vt 0.026208 0.952637
vt 0.046892 0.954002
vt 0.659431 0.934770
vt 0.660190 0.976477
vt 0.655641 0.976593
vt 0.654941 0.934972
vt 0.638286 0.977629
vt 0.633953 0.936348
vt 0.666948 0.896497
vt 0.658026 0.896123
vt 0.638017 0.897340
vt 0.670384 0.859520
vt 0.659499 0.859119
vt 0.638431 0.859479
vt 0.630726 0.860119
vt 0.630117 0.821485
vt 0.628268 0.898667
vt 0.609262 0.846428
vt 0.609736 0.821485
vt 0.609262 0.796541
vt 0.605654 0.768264
vt 0.605654 0.874705
vt 0.051062 0.923506
vt 0.630344 0.936327
vt 0.597468 0.907783
vt 0.050310 0.954070
vt 0.634663 0.977719
vt 0.692176 0.847702
vt 0.693768 0.877057
vt 0.697137 0.911543
vt 0.597469 0.735186
vn -0.8273 -0.4789 -0.2936
vn -0.3999 -0.8823 0.2482
vn -0.4355 -0.2818 0.8549
vn -0.9874 -0.0472 -0.1512
vn 0.1704 0.1948 -0.9659
vn 0.0896 -0.2311 -0.9687
vn 0.1851 -0.5051 -0.8430
vn 0.4442 0.2060 -0.8719
vn 0.1852 0.2425 -0.9523
vn 0.0913 -0.5333 -0.8409
vn -0.1575 -0.9071 0.3902
vn 0.0000 0.2521 -0.9677
vn 0.0000 -0.5148 -0.8573
vn 0.0000 -0.9024 0.4309
vn 0.0000 -0.3387 0.9409
vn -0.1773 -0.3328 0.9262
vn 0.0000 -0.1258 0.9920
vn -0.1740 -0.1179 0.9777
vn -0.4323 -0.0933 0.8968
vn -0.9719 0.1290 -0.1966
vn -0.0912 0.5943 0.7990
vn -0.2641 0.6702 0.6935
vn -0.7356 0.6773 0.0088
vn 0.1684 0.7533 -0.6358
vn 0.1785 0.2231 -0.9583
vn 0.3192 0.8486 -0.4219
vn 0.4628 0.2459 -0.8516
vn 0.1385 0.8865 -0.4414
vn 0.1881 0.2584 -0.9475
vn 0.0000 0.8783 -0.4780
vn -0.1385 0.8865 -0.4414
vn -0.1881 0.2584 -0.9475
vn -0.1852 0.2425 -0.9523
vn -0.0914 -0.5333 -0.8409
vn -0.4442 0.2060 -0.8719
vn -0.1851 -0.5050 -0.8430
vn -0.4628 0.2459 -0.8516
vn -0.1704 0.1948 -0.9659
vn -0.0896 -0.2312 -0.9687
vn -0.1785 0.2231 -0.9583
vn 0.8273 -0.4789 -0.2936
vn 0.9874 -0.0472 -0.1512
vn 0.9719 0.1290 -0.1967
vn 0.3999 -0.8823 0.2481
vn 0.4355 -0.2818 0.8549
vn 0.4323 -0.0933 0.8968
vn 0.1575 -0.9071 0.3902
vn 0.1773 -0.3328 0.9261
vn 0.1740 -0.1178 0.9777
vn 0.0912 0.5943 0.7990
vn 0.0000 0.5873 0.8094
vn 0.2641 0.6702 0.6935
vn -0.3192 0.8486 -0.4219
vn 0.7356 0.6773 0.0087
vn -0.1684 0.7532 -0.6358
usemtl Eye+Mouth
s 1
f 3492/4180/3339 3494/4181/3340 3507/4182/3341 3493/4183/3342
f 3493/4183/3342 3496/4184/3343 3495/4185/3344 3492/4180/3339
f 3492/4180/3339 3495/4186/3344 3497/4187/3345 3494/4181/3340
f 3495/4188/3344 3496/4189/3343 3498/4190/3346 3497/4191/3345
f 3497/4191/3345 3498/4190/3346 3501/4192/3347 3499/4193/3348
f 3494/4181/3340 3497/4187/3345 3499/4194/3348 3502/4195/3349
f 3499/4193/3348 3501/4192/3347 3521/4196/3350 3500/4197/3351
f 3502/4195/3349 3499/4194/3348 3500/4198/3351 3503/4199/3352
f 3502/4195/3349 3503/4199/3352 3506/4200/3353 3504/4201/3354
f 3494/4181/3340 3502/4195/3349 3504/4201/3354 3507/4182/3341
f 3504/4201/3354 3506/4200/3353 3540/4202/3355 3505/4203/3356
f 3507/4182/3341 3504/4201/3354 3505/4203/3356 3508/4204/3357
f 3493/4183/3342 3507/4182/3341 3508/4204/3357 3510/4205/3358
f 3508/4204/3357 3505/4203/3356 3542/4206/3359 3509/4207/3360
f 3510/4205/3358 3508/4204/3357 3509/4207/3360 3511/4208/3361
f 3511/4208/3361 3513/4209/3362 3512/4210/3363 3510/4205/3358
f 3510/4205/3358 3512/4210/3363 3496/4184/3343 3493/4183/3342
f 3512/4211/3363 3513/4212/3362 3515/4213/3364 3514/4214/3365
f 3496/4189/3343 3512/4211/3363 3514/4214/3365 3498/4190/3346
f 3514/4214/3365 3515/4213/3364 3517/4215/3366 3516/4216/3367
f 3498/4190/3346 3514/4214/3365 3516/4216/3367 3501/4192/3347
f 3516/4216/3367 3517/4215/3366 3519/4217/3368 3518/4218/3350
f 3501/4192/3347 3516/4216/3367 3518/4218/3350 3521/4196/3350
f 3518/4218/3350 3519/4217/3368 3544/4219/3369 3520/4220/3370
f 3521/4196/3350 3518/4218/3350 3520/4220/3370 3522/4221/3371
f 3500/4197/3351 3521/4196/3350 3522/4221/3371 3523/4222/3372
f 3523/4222/3372 3522/4221/3371 3524/4223/3373 3525/4224/3374
f 3522/4221/3371 3520/4220/3370 3526/4225/3375 3524/4223/3373
f 3525/4224/3374 3524/4223/3373 3527/4226/3376 3528/4227/3377
f 3524/4223/3373 3526/4225/3375 3529/4228/3378 3527/4226/3376
f 3531/4229/3379 3528/4230/3377 3527/4231/3376 3530/4232/3380
f 3530/4232/3380 3527/4231/3376 3529/4233/3378 3532/4234/3381
f 3534/4235/3382 3531/4229/3379 3530/4232/3380 3533/4236/3383
f 3533/4236/3383 3530/4232/3380 3532/4234/3381 3535/4237/3384
f 3537/4238/3385 3534/4235/3382 3533/4236/3383 3536/4239/3386
f 3536/4239/3386 3533/4236/3383 3535/4237/3384 3538/4240/3387
f 3503/4199/3352 3537/4238/3385 3536/4239/3386 3506/4200/3353
f 3506/4200/3353 3536/4239/3386 3538/4240/3387 3540/4202/3355
f 3540/4202/3355 3538/4240/3387 3539/4241/3388 3541/4242/3389
f 3538/4240/3387 3535/4237/3384 3543/4243/3390 3539/4241/3388
f 3505/4203/3356 3540/4202/3355 3541/4242/3389 3542/4206/3359
f 3539/4241/3388 3544/4244/3369 3519/4245/3368 3541/4242/3389
f 3541/4242/3389 3519/4245/3368 3517/4246/3366 3542/4206/3359
f 3542/4206/3359 3517/4246/3366 3515/4247/3364 3509/4207/3360
f 3543/4243/3390 3545/4248/3391 3544/4244/3369 3539/4241/3388
f 3520/4220/3370 3544/4219/3369 3545/4249/3391 3526/4225/3375
f 3547/4250/3392 3546/4251/3393 3545/4248/3391 3543/4243/3390
f 3526/4225/3375 3545/4249/3391 3546/4252/3393 3529/4228/3378
f 3532/4234/3381 3529/4233/3378 3546/4253/3393 3547/4250/3392
f 3535/4237/3384 3532/4234/3381 3547/4250/3392 3543/4243/3390
f 3537/4238/3385 3523/4254/3372 3525/4255/3374 3534/4235/3382
f 3503/4199/3352 3500/4198/3351 3523/4254/3372 3537/4238/3385
f 3534/4235/3382 3525/4255/3374 3528/4256/3377 3531/4229/3379
f 3509/4207/3360 3515/4247/3364 3513/4257/3362 3511/4208/3361
o Char_ฺ_Boot_L_Cube.021
v 0.068046 0.069331 0.088384
v 0.071211 0.085006 0.090408
v 0.104340 0.061941 0.088870
v 0.107504 0.077616 0.090894
v 0.105865 0.066377 0.052126
v 0.109030 0.082053 0.054151
v 0.069572 0.073767 0.051641
v 0.072736 0.089443 0.053665
v 0.064089 0.074469 0.093711
v 0.065334 0.080636 0.094508
v 0.111064 0.071324 0.095120
v 0.109819 0.065158 0.094323
v 0.112986 0.076914 0.048823
v 0.111742 0.070748 0.048027
v 0.067257 0.086226 0.048211
v 0.066012 0.080060 0.047415
v 0.072280 0.072914 0.085571
v 0.073889 0.080883 0.086600
v 0.103555 0.074842 0.086997
v 0.101946 0.066873 0.085968
v 0.104802 0.078469 0.056964
v 0.103193 0.070500 0.055935
v 0.075136 0.084509 0.056567
v 0.073527 0.076540 0.055538
v 0.087718 0.070072 0.051884
v 0.090883 0.085748 0.053908
v 0.090122 0.081570 0.048517
v 0.088877 0.075404 0.047721
v 0.089969 0.081489 0.056765
v 0.088360 0.073520 0.055736
v 0.086332 0.065607 0.088629
v 0.089496 0.081283 0.090653
v 0.088374 0.075944 0.094816
v 0.087129 0.069778 0.094020
v 0.088836 0.077839 0.086800
v 0.087227 0.069870 0.085771
v 0.108267 0.079835 0.072522
v 0.105102 0.064159 0.070498
v 0.112025 0.074119 0.071972
v 0.110780 0.067953 0.071175
v 0.104178 0.076656 0.071981
v 0.102570 0.068686 0.070951
v 0.071973 0.087225 0.072037
v 0.068809 0.071549 0.070012
v 0.065051 0.077264 0.070563
v 0.066295 0.083431 0.071359
v 0.074513 0.082696 0.071583
v 0.072904 0.074727 0.070554
v 0.025656 0.000009 0.000247
v 0.026914 0.000009 0.091529
v 0.014105 0.000009 0.000889
v 0.014380 0.000009 0.100089
v 0.010605 0.000009 0.103244
v 0.025655 0.000009 0.143065
v 0.023041 0.000009 0.146700
v 0.031733 0.000009 0.112560
v 0.063866 0.000009 0.154733
v 0.063866 0.000009 0.158380
v 0.063866 0.000009 0.129030
v 0.102077 0.000009 0.143065
v 0.095998 0.000009 0.112560
v 0.104690 0.000009 0.146700
v 0.113351 0.000009 0.100089
v 0.100818 0.000009 0.092722
v 0.117127 0.000009 0.103244
v 0.113628 0.000009 0.000889
v 0.102077 0.000009 0.000247
v 0.118594 0.000009 0.001165
v 0.098507 0.000009 -0.051132
v 0.091886 0.000009 -0.042246
v 0.101354 0.000009 -0.054953
v 0.063866 0.000009 -0.060991
v 0.063866 0.000009 -0.049473
v 0.063866 0.000009 -0.065943
v 0.029225 0.000009 -0.051132
v 0.035846 0.000009 -0.042246
v 0.026378 0.000009 -0.054953
v 0.023348 0.001899 -0.057045
v 0.009138 0.000009 0.001165
v 0.004611 0.001898 0.000663
v 0.004727 0.011342 0.001169
v 0.006145 0.001900 0.104260
v 0.006135 0.011345 0.105102
v 0.019733 0.001901 0.148411
v 0.019977 0.011347 0.147951
v 0.063866 0.001902 0.160893
v 0.063866 0.011349 0.161904
v 0.107999 0.001901 0.148411
v 0.107755 0.011347 0.147951
v 0.121587 0.001900 0.104260
v 0.121596 0.011345 0.105102
v 0.123122 0.001898 0.000663
v 0.123006 0.011342 0.001169
v 0.104384 0.001899 -0.057045
v 0.104141 0.011344 -0.057463
v 0.063866 0.001899 -0.068297
v 0.063866 0.011345 -0.068975
v 0.063866 0.012241 -0.068114
v 0.023591 0.011344 -0.057463
v 0.026793 0.012239 -0.056648
v 0.009337 0.012238 0.002091
v 0.030340 0.012910 -0.048260
v 0.030365 0.013408 -0.048256
v 0.014482 0.012900 0.005992
v 0.063866 0.012914 -0.058591
v 0.097392 0.012910 -0.048260
v 0.063866 0.013407 -0.058580
v 0.097367 0.013408 -0.048256
v 0.063866 0.014088 -0.068401
v 0.063866 0.018447 -0.068260
v 0.100972 0.014087 -0.056935
v 0.026760 0.014087 -0.056935
v 0.009288 0.014086 0.002091
v 0.026729 0.018446 -0.056795
v 0.026570 0.040005 -0.057948
v 0.009242 0.018443 0.002091
v 0.009007 0.040002 0.002091
v 0.010712 0.018428 0.105193
v 0.011017 0.039936 0.105745
v 0.010652 0.014083 0.105086
v 0.023715 0.018414 0.147589
v 0.023591 0.014080 0.147431
v 0.024354 0.039880 0.147472
v 0.063866 0.017992 0.161373
v 0.063866 0.013829 0.161496
v 0.063866 0.039702 0.159804
v 0.104017 0.018414 0.147589
v 0.103378 0.039880 0.147472
v 0.104140 0.014080 0.147431
v 0.117020 0.018428 0.105193
v 0.117080 0.014083 0.105086
v 0.116715 0.039936 0.105745
v 0.118491 0.018443 0.002091
v 0.118445 0.014086 0.002091
v 0.118726 0.040002 0.002091
v 0.101002 0.018446 -0.056795
v 0.101161 0.040005 -0.057948
v 0.063866 0.040005 -0.069413
v 0.097296 0.069797 -0.047184
v 0.063866 0.069797 -0.056900
v 0.111007 0.069797 0.002091
v 0.091413 0.089689 -0.034397
v 0.104709 0.089689 0.002508
v 0.090577 0.103283 -0.031528
v 0.063861 0.089689 -0.041746
v 0.063861 0.103283 -0.038878
v 0.035811 0.089689 -0.031498
v 0.036998 0.103283 -0.029690
v 0.022841 0.089689 0.002504
v 0.030436 0.069797 -0.046906
v 0.016726 0.069797 0.002091
v 0.020838 0.063326 0.109659
v 0.034658 0.089689 0.043948
v 0.035913 0.103283 0.044263
v 0.063861 0.089689 0.052480
v 0.063861 0.103283 0.052358
v 0.093006 0.089689 0.043817
v 0.091791 0.103283 0.044225
v 0.106894 0.063326 0.109659
v 0.096499 0.058334 0.135056
v 0.063866 0.069927 0.122528
v 0.063866 0.062633 0.146595
v 0.031232 0.058334 0.135056
v 0.105499 0.142013 0.059287
v 0.103582 0.103283 0.002527
v 0.120582 0.142040 0.001737
v 0.103870 0.142051 -0.045694
v 0.119288 0.154547 0.001859
v 0.114013 0.158424 0.002140
v 0.105412 0.154547 0.058394
v 0.103262 0.154547 -0.044680
v 0.099546 0.158424 -0.039423
v 0.063867 0.154547 -0.055685
v 0.063867 0.158424 -0.049363
v 0.028606 0.154547 -0.044090
v 0.063867 0.142091 -0.055810
v 0.027997 0.142081 -0.044238
v 0.011287 0.142058 0.001737
v 0.024090 0.103283 0.002525
v 0.026368 0.142020 0.054289
v 0.012580 0.154547 0.001859
v 0.017855 0.158424 0.002140
v 0.026455 0.154547 0.053401
v 0.031088 0.158424 0.046690
v 0.063867 0.154547 0.068362
v 0.063867 0.158424 0.060262
v 0.063867 0.141910 0.069635
v 0.100780 0.158424 0.051683
v 0.063867 0.158424 0.052497
v 0.038225 0.158424 0.040871
v 0.093642 0.158424 0.045863
v 0.063861 0.103283 0.036452
v 0.042885 0.103283 0.030735
v 0.084836 0.103283 0.030735
v 0.063866 0.071090 0.041932
v 0.063866 0.069108 0.040820
v 0.042782 0.071090 0.034113
v 0.084950 0.071090 0.034113
v 0.093815 0.071090 0.001938
v 0.090907 0.069108 0.033163
v 0.102277 0.069108 0.001963
v 0.089847 0.069108 -0.031849
v 0.084124 0.071090 -0.032679
v 0.063866 0.069108 -0.040720
v 0.063866 0.071090 -0.041738
v 0.037885 0.069108 -0.031849
v 0.025456 0.069108 0.001963
v 0.043608 0.071090 -0.032679
v 0.043708 0.103283 -0.023123
v 0.033918 0.071090 0.001938
v 0.034067 0.103283 0.002553
v 0.027994 0.158424 0.002140
v 0.039179 0.158424 -0.033637
v 0.063867 0.158424 -0.041323
v 0.032322 0.158424 -0.039423
v 0.063861 0.103283 -0.030032
v 0.092688 0.158424 -0.033637
v 0.103875 0.158424 0.002140
v 0.084014 0.103283 -0.023123
v 0.093655 0.103283 0.002553
v 0.036825 0.069108 0.033163
v 0.113228 0.013417 0.006020
v 0.113251 0.012900 0.005992
v 0.112100 0.013426 0.100858
v 0.112132 0.012894 0.100781
v 0.100390 0.013424 0.140821
v 0.100422 0.012899 0.140761
v 0.063866 0.013277 0.153686
v 0.063866 0.012825 0.153641
v 0.027342 0.013424 0.140821
v 0.027310 0.012899 0.140761
v 0.015632 0.013426 0.100858
v 0.015600 0.012894 0.100781
v 0.014505 0.013417 0.006020
v 0.010589 0.012241 0.104783
v 0.023458 0.012243 0.147262
v 0.063866 0.012245 0.161629
v 0.104273 0.012243 0.147262
v 0.117143 0.012241 0.104783
v 0.118396 0.012238 0.002091
v 0.100939 0.012239 -0.056648
v 0.063866 0.000009 -0.000111
v 0.063866 0.000009 0.093954
v 0.095918 0.123482 0.043094
v 0.107205 0.123391 0.002608
v 0.064015 0.123493 -0.035131
v 0.037012 0.123416 -0.026434
v 0.024549 0.123379 0.002608
v 0.064015 0.123477 0.050849
v 0.035842 0.123483 0.038914
v 0.094714 0.123458 -0.027707
v 0.026939 0.000009 0.086913
v 0.026715 0.000009 0.054821
v 0.063866 0.000009 0.054821
v 0.063866 0.000009 0.086913
v 0.015061 0.000009 0.086913
v 0.015481 0.000009 0.054821
v 0.010856 0.000009 0.086913
v 0.010650 0.000009 0.054822
v 0.112251 0.000009 0.054821
v 0.112670 0.000009 0.086913
v 0.100788 0.000009 0.086913
v 0.101017 0.000009 0.054821
v 0.117082 0.000009 0.054822
v 0.116876 0.000009 0.086913
v 0.006447 0.001899 0.087339
v 0.006246 0.001898 0.054818
v 0.006508 0.011344 0.087338
v 0.006355 0.011343 0.054819
v 0.121486 0.001898 0.054818
v 0.121285 0.001899 0.087339
v 0.121377 0.011343 0.054819
v 0.121224 0.011344 0.087338
v 0.010744 0.018442 0.054824
v 0.010972 0.018435 0.086906
v 0.010993 0.039966 0.086905
v 0.010514 0.039994 0.054824
v 0.010789 0.014086 0.054823
v 0.010967 0.014085 0.086907
v 0.116759 0.018435 0.086906
v 0.116988 0.018442 0.054824
v 0.117218 0.039994 0.054824
v 0.116739 0.039966 0.086905
v 0.116764 0.014085 0.086907
v 0.116943 0.014086 0.054823
v 0.021525 0.073108 0.055317
v 0.019414 0.066073 0.086835
v 0.063866 0.072423 0.086923
v 0.063862 0.080514 0.056386
v 0.108318 0.066073 0.086835
v 0.106207 0.073059 0.055311
v 0.111934 0.013423 0.054823
v 0.111825 0.013426 0.086908
v 0.111855 0.012894 0.086910
v 0.111960 0.012895 0.054823
v 0.015907 0.013426 0.086908
v 0.015798 0.013423 0.054823
v 0.015772 0.012895 0.054823
v 0.015877 0.012894 0.086910
v 0.010837 0.012239 0.054823
v 0.010960 0.012240 0.086910
v 0.116772 0.012240 0.086910
v 0.116895 0.012239 0.054823
v 0.063867 0.158424 0.054454
v 0.025438 0.158424 0.002140
v 0.037451 0.158424 -0.035095
v 0.063867 0.158424 -0.043349
v 0.094417 0.158424 -0.035095
v 0.106430 0.158424 0.002140
v 0.095441 0.158424 0.047330
v 0.036426 0.158424 0.042338
v 0.118165 0.155372 0.001919
v 0.102471 0.155372 -0.043561
v 0.063867 0.155372 -0.054339
v 0.013703 0.155372 0.001919
v 0.027442 0.155372 0.051972
v 0.063867 0.155372 0.066638
v 0.029397 0.155372 -0.043096
v 0.104426 0.155372 0.056965
v 0.104295 0.139577 0.056955
v 0.029136 0.139619 -0.041509
v 0.027571 0.139584 0.052028
v 0.102722 0.139603 -0.042956
v 0.118884 0.139580 0.001832
v 0.063867 0.139643 -0.052710
v 0.012982 0.139592 0.001832
v 0.063867 0.139493 0.066967
v 0.113343 0.136528 0.002142
v 0.063866 0.136629 -0.042591
v 0.018513 0.136520 0.002141
v 0.063866 0.136580 0.058258
v 0.100364 0.136604 0.049344
v 0.032856 0.136558 -0.032600
v 0.031498 0.136606 0.044648
v 0.098976 0.136590 -0.034017
v 0.005299 0.045415 0.054024
v 0.005824 0.045386 0.087700
v 0.005801 0.011029 0.087701
v 0.005551 0.011036 0.054024
v 0.121930 0.011029 0.087701
v 0.122181 0.011036 0.054024
v 0.122434 0.045415 0.054024
v 0.121908 0.045386 0.087700
v 0.017386 0.080177 0.054541
v 0.015068 0.072791 0.087627
v 0.063866 0.079457 0.087719
v 0.063862 0.087951 0.055663
v 0.112664 0.072791 0.087627
v 0.110346 0.080125 0.054535
v 0.122244 0.021036 0.054024
v 0.121925 0.021024 0.087701
v 0.005807 0.021024 0.087701
v 0.005488 0.021036 0.054024
v 0.005813 0.031018 0.087701
v 0.005425 0.031036 0.054024
v 0.121919 0.031018 0.087701
v 0.122307 0.031036 0.054024
v 0.121976 0.031021 0.082721
v 0.122250 0.031033 0.059004
v 0.005482 0.031033 0.059005
v 0.005755 0.031021 0.082719
v 0.122144 0.011035 0.058997
v 0.121968 0.011030 0.082728
v 0.005760 0.021025 0.082724
v 0.005535 0.021034 0.059001
v 0.005764 0.011030 0.082726
v 0.005588 0.011035 0.058999
v 0.122197 0.021034 0.058999
v 0.121972 0.021025 0.082726
v 0.122356 0.045411 0.059012
v 0.121986 0.045390 0.082712
v 0.005746 0.045390 0.082710
v 0.005376 0.045411 0.059014
v 0.063865 0.080608 0.083374
v 0.063862 0.086800 0.060008
v 0.017055 0.079122 0.059267
v 0.015399 0.073846 0.082901
v 0.112333 0.073838 0.082902
v 0.110677 0.079077 0.059261
v 0.013958 0.044118 0.053924
v 0.014482 0.044080 0.087604
v 0.014566 0.011029 0.087634
v 0.014316 0.011083 0.053956
v 0.113165 0.011029 0.087634
v 0.113416 0.011083 0.053956
v 0.113775 0.044116 0.053924
v 0.113250 0.044080 0.087605
v 0.022721 0.073648 0.053276
v 0.021127 0.066830 0.086553
v 0.063866 0.071302 0.085781
v 0.063857 0.079794 0.053734
v 0.106606 0.066828 0.086557
v 0.105006 0.073598 0.053276
v 0.113479 0.021083 0.053948
v 0.113160 0.021023 0.087625
v 0.014572 0.021023 0.087625
v 0.014253 0.021083 0.053948
v 0.014577 0.031017 0.087604
v 0.014189 0.031092 0.053928
v 0.113154 0.031017 0.087604
v 0.113543 0.031092 0.053927
v 0.113212 0.031034 0.082624
v 0.113485 0.031075 0.058907
v 0.014247 0.031075 0.058909
v 0.014520 0.031034 0.082623
v 0.113379 0.011070 0.058930
v 0.113203 0.011041 0.082660
v 0.014525 0.021036 0.082648
v 0.014300 0.021069 0.058925
v 0.014529 0.011041 0.082658
v 0.014353 0.011070 0.058931
v 0.113432 0.021069 0.058923
v 0.113207 0.021036 0.082650
v 0.113698 0.044104 0.058914
v 0.113328 0.044083 0.082616
v 0.014404 0.044084 0.082612
v 0.014034 0.044105 0.058915
v 0.063864 0.072454 0.081434
v 0.063859 0.078644 0.058073
v 0.022764 0.072871 0.058095
v 0.021070 0.067564 0.081720
v 0.106662 0.067556 0.081725
v 0.104966 0.072827 0.058094
v 0.007507 0.045085 0.053998
v 0.011750 0.044449 0.053949
v 0.007986 0.045060 0.087676
v 0.012320 0.044406 0.087628
v 0.012332 0.011029 0.087651
v 0.008035 0.011029 0.087684
v 0.007798 0.011048 0.054006
v 0.012069 0.011071 0.053973
v 0.119696 0.011029 0.087684
v 0.115400 0.011029 0.087651
v 0.115663 0.011071 0.053973
v 0.119934 0.011048 0.054006
v 0.120226 0.045084 0.053998
v 0.115982 0.044448 0.053950
v 0.119745 0.045060 0.087676
v 0.115412 0.044406 0.087629
v 0.018495 0.078820 0.054278
v 0.021612 0.075004 0.053539
v 0.016381 0.071500 0.087394
v 0.019814 0.068122 0.086785
v 0.063866 0.073507 0.086305
v 0.063866 0.077252 0.087195
v 0.063860 0.086001 0.055202
v 0.063858 0.081744 0.054195
v 0.111351 0.071499 0.087395
v 0.107919 0.068120 0.086789
v 0.106117 0.074955 0.053538
v 0.109236 0.078768 0.054273
v 0.119993 0.021048 0.054004
v 0.115731 0.021071 0.053967
v 0.119695 0.021024 0.087682
v 0.115389 0.021023 0.087644
v 0.008036 0.021024 0.087682
v 0.012343 0.021023 0.087644
v 0.012001 0.021071 0.053967
v 0.007740 0.021048 0.054004
v 0.012354 0.031017 0.087629
v 0.008036 0.031018 0.087676
v 0.011932 0.031077 0.053952
v 0.007683 0.031050 0.053999
v 0.115378 0.031017 0.087629
v 0.119695 0.031018 0.087676
v 0.115800 0.031077 0.053952
v 0.120050 0.031050 0.053999
v 0.119902 0.011044 0.058980
v 0.115622 0.011061 0.058947
v 0.115441 0.011039 0.082677
v 0.119729 0.011033 0.082710
v 0.008003 0.011033 0.082709
v 0.012291 0.011039 0.082675
v 0.012110 0.011061 0.058949
v 0.007831 0.011044 0.058982
vt 0.315717 0.913290
vt 0.317286 0.920583
vt 0.319851 0.921998
vt 0.317874 0.912810
vt 0.318339 0.919220
vt 0.312258 0.919543
vt 0.311138 0.921273
vt 0.318577 0.920878
vt 0.318212 0.906148
vt 0.325651 0.905753
vt 0.327284 0.903349
vt 0.317911 0.903846
vt 0.333847 0.911955
vt 0.333746 0.919466
vt 0.336046 0.921394
vt 0.336173 0.911930
vt 0.340249 0.912094
vt 0.340148 0.919605
vt 0.338323 0.918246
vt 0.338405 0.912107
vt 0.318095 0.913011
vt 0.316103 0.903752
vt 0.318669 0.905168
vt 0.320250 0.912516
vt 0.310956 0.913908
vt 0.310773 0.906543
vt 0.308538 0.904344
vt 0.308768 0.913624
vt 0.310121 0.912633
vt 0.309938 0.905268
vt 0.311535 0.906855
vt 0.311685 0.912875
vt 0.332734 0.912458
vt 0.332817 0.906318
vt 0.330991 0.904960
vt 0.330891 0.912471
vt 0.327188 0.912198
vt 0.327417 0.921406
vt 0.325182 0.919207
vt 0.325000 0.911899
vt 0.322052 0.911933
vt 0.323622 0.919225
vt 0.321612 0.918276
vt 0.320330 0.912316
vt 0.318044 0.921904
vt 0.308670 0.922402
vt 0.310304 0.919998
vt 0.317743 0.919602
vt 0.324271 0.912924
vt 0.324419 0.918897
vt 0.326017 0.920482
vt 0.325835 0.913174
vt 0.315635 0.913483
vt 0.314343 0.907476
vt 0.312333 0.906525
vt 0.313914 0.913874
vt 0.317377 0.904873
vt 0.324816 0.904478
vt 0.323696 0.906209
vt 0.317616 0.906532
vt 0.322344 0.921464
vt 0.320367 0.912276
vt 0.338565 0.921449
vt 0.338691 0.911985
vt 0.315603 0.913545
vt 0.313611 0.904286
vt 0.334967 0.912635
vt 0.334840 0.922099
vt 0.332322 0.922044
vt 0.332448 0.912580
vt 0.332652 0.918597
vt 0.335907 0.918668
vt 0.335989 0.912528
vt 0.316928 0.919490
vt 0.320149 0.918800
vt 0.318856 0.912793
vt 0.335151 0.912036
vt 0.335233 0.905897
vt 0.338487 0.905968
vt 0.317109 0.913006
vt 0.315806 0.906953
vt 0.319027 0.906263
vt 0.335093 0.903171
vt 0.337393 0.905099
vt 0.337293 0.912610
vt 0.317564 0.906786
vt 0.317596 0.922805
vt 0.320088 0.922270
vt 0.315496 0.921222
vt 0.311834 0.918895
vt 0.308999 0.922903
vt 0.321831 0.919865
vt 0.318391 0.918967
vt 0.315867 0.903480
vt 0.318359 0.902946
vt 0.324120 0.906858
vt 0.320459 0.904528
vt 0.326956 0.902847
vt 0.314123 0.905885
vt 0.335069 0.918176
vt 0.336299 0.902466
vt 0.338818 0.902521
vt 0.340349 0.904583
vt 0.333947 0.904444
vt 0.337192 0.920121
vt 0.336071 0.906389
vt 0.332575 0.903116
vt 0.330790 0.919982
vt 0.346094 0.861422
vt 0.328296 0.860998
vt 0.329155 0.835531
vt 0.346462 0.835781
vt 0.363880 0.821048
vt 0.346677 0.820801
vt 0.346724 0.817514
vt 0.363923 0.818894
vt 0.369413 0.821128
vt 0.369819 0.814982
vt 0.363769 0.836030
vt 0.369003 0.836105
vt 0.369283 0.861288
vt 0.363898 0.861511
vt 0.052358 0.674571
vt 0.054149 0.675830
vt 0.040586 0.696213
vt 0.038743 0.695043
vt 0.371372 0.821156
vt 0.371599 0.813535
vt 0.364854 0.794846
vt 0.366096 0.793167
vt 0.361818 0.809045
vt 0.347131 0.789144
vt 0.347155 0.787442
vt 0.346959 0.801141
vt 0.329251 0.794334
vt 0.328058 0.792620
vt 0.331879 0.808614
vt 0.329501 0.817842
vt 0.323711 0.814319
vt 0.321974 0.812821
vt 0.322919 0.860621
vt 0.323921 0.835456
vt 0.320607 0.860459
vt 0.321671 0.835424
vt 0.167512 0.627934
vt 0.167420 0.630152
vt 0.142604 0.629665
vt 0.142592 0.627447
vt 0.329476 0.820553
vt 0.323940 0.820473
vt 0.332759 0.880901
vt 0.329615 0.885005
vt 0.328263 0.886769
vt 0.345764 0.884463
vt 0.345687 0.889839
vt 0.345654 0.892150
vt 0.358866 0.881277
vt 0.361891 0.885469
vt 0.363192 0.887272
vt 0.371599 0.861193
vt 0.025830 0.717696
vt 0.024175 0.717035
vt 0.014569 0.733703
vt 0.013574 0.732638
vt 0.062419 0.663670
vt 0.060627 0.662538
vt 0.065290 0.657155
vt 0.066813 0.658273
vt 0.065774 0.666167
vt 0.069955 0.660393
vt 0.044454 0.698576
vt 0.028938 0.720238
vt 0.321981 0.820445
vt 0.057833 0.678317
vt 0.059589 0.679428
vt 0.046457 0.699774
vt 0.077423 0.646909
vt 0.079614 0.649136
vt 0.076916 0.645576
vt 0.090124 0.637261
vt 0.091914 0.640692
vt 0.089608 0.636274
vt 0.105309 0.632319
vt 0.105885 0.635401
vt 0.104502 0.631138
vt 0.120712 0.628169
vt 0.120762 0.630070
vt 0.120707 0.633888
vt 0.167147 0.634754
vt 0.142540 0.634167
vt 0.127843 0.627391
vt 0.127751 0.629528
vt 0.166984 0.637123
vt 0.142446 0.636271
vt 0.194338 0.628496
vt 0.193931 0.630268
vt 0.194253 0.634346
vt 0.213542 0.628651
vt 0.213857 0.630103
vt 0.213639 0.635632
vt 0.019150 0.736614
vt 0.029294 0.721636
vt 0.019693 0.736812
vt 0.213490 0.636202
vt 0.195216 0.635457
vt 0.033415 0.721921
vt 0.023943 0.737667
vt 0.049283 0.699844
vt 0.033714 0.722136
vt 0.024175 0.737806
vt 0.049628 0.700051
vt 0.193063 0.639075
vt 0.211744 0.640262
vt 0.211725 0.640537
vt 0.193069 0.639450
vt 0.212772 0.645436
vt 0.195329 0.643332
vt 0.035574 0.726129
vt 0.027546 0.741383
vt 0.037348 0.727092
vt 0.029546 0.742414
vt 0.212477 0.647713
vt 0.195104 0.645379
vt 0.052550 0.703579
vt 0.050862 0.702507
vt 0.061212 0.709103
vt 0.045289 0.732205
vt 0.037946 0.747005
vt 0.090801 0.678663
vt 0.080074 0.674958
vt 0.082934 0.668527
vt 0.091567 0.669972
vt 0.070905 0.669795
vt 0.074873 0.663805
vt 0.076274 0.664757
vt 0.072467 0.670770
vt 0.065315 0.683008
vt 0.063585 0.681960
vt 0.085244 0.653525
vt 0.089660 0.657633
vt 0.084251 0.652527
vt 0.095134 0.646872
vt 0.094587 0.645821
vt 0.097660 0.651727
vt 0.106262 0.642558
vt 0.106013 0.641167
vt 0.107094 0.648553
vt 0.119928 0.649295
vt 0.120668 0.641622
vt 0.120691 0.639917
vt 0.126881 0.650661
vt 0.123698 0.661658
vt 0.116118 0.657242
vt 0.166614 0.644419
vt 0.142099 0.643105
vt 0.142233 0.641059
vt 0.166703 0.642387
vt 0.127828 0.641949
vt 0.127925 0.640092
vt 0.166161 0.654866
vt 0.140921 0.653385
vt 0.194764 0.655043
vt 0.211498 0.657415
vt 0.191908 0.668857
vt 0.166496 0.671281
vt 0.207656 0.671568
vt 0.203896 0.682492
vt 0.189643 0.680703
vt 0.167367 0.682617
vt 0.189191 0.688264
vt 0.168406 0.690445
vt 0.203091 0.688602
vt 0.062388 0.754495
vt 0.069771 0.741564
vt 0.075766 0.745832
vt 0.067724 0.757378
vt 0.051503 0.751659
vt 0.057967 0.737511
vt 0.082848 0.725850
vt 0.088657 0.731182
vt 0.074235 0.718701
vt 0.119914 0.695104
vt 0.101846 0.705614
vt 0.091594 0.694888
vt 0.117250 0.689794
vt 0.061700 0.680758
vt 0.109917 0.675425
vt 0.103633 0.663243
vt 0.139444 0.686760
vt 0.136610 0.671799
vt 0.074289 0.687880
vt 0.107729 0.712444
vt 0.123906 0.703141
vt 0.141633 0.695716
vt 0.142343 0.638508
vt 0.165402 0.639523
vt 0.165373 0.639930
vt 0.142328 0.638796
vt 0.108531 0.654203
vt 0.100549 0.657292
vt 0.093445 0.662044
vt 0.134894 0.724269
vt 0.149127 0.718130
vt 0.149271 0.719424
vt 0.135653 0.725563
vt 0.171672 0.711299
vt 0.171904 0.712532
vt 0.190828 0.710025
vt 0.191308 0.711337
vt 0.191363 0.715393
vt 0.173016 0.718480
vt 0.151224 0.723276
vt 0.191297 0.715972
vt 0.173113 0.718998
vt 0.151588 0.723853
vt 0.206859 0.717978
vt 0.207081 0.717382
vt 0.207404 0.710659
vt 0.096284 0.765581
vt 0.089265 0.778767
vt 0.088613 0.778618
vt 0.095783 0.765285
vt 0.082764 0.774732
vt 0.092545 0.762474
vt 0.206909 0.708814
vt 0.081600 0.773116
vt 0.091730 0.761233
vt 0.103914 0.746213
vt 0.104808 0.747146
vt 0.108981 0.751506
vt 0.121752 0.732251
vt 0.122824 0.733156
vt 0.125180 0.737419
vt 0.125425 0.738086
vt 0.109363 0.751898
vt 0.138382 0.731070
vt 0.138085 0.730410
vt 0.140489 0.735886
vt 0.128099 0.742981
vt 0.126312 0.740623
vt 0.139565 0.733613
vt 0.153497 0.728546
vt 0.152959 0.725930
vt 0.128730 0.743812
vt 0.140789 0.736623
vt 0.156092 0.764572
vt 0.145587 0.770707
vt 0.153673 0.729488
vt 0.167337 0.759521
vt 0.163374 0.778841
vt 0.154732 0.787046
vt 0.175225 0.776734
vt 0.178476 0.777447
vt 0.163848 0.779783
vt 0.153387 0.790049
vt 0.189558 0.768467
vt 0.191198 0.772067
vt 0.182769 0.753151
vt 0.205969 0.762442
vt 0.205023 0.765195
vt 0.213296 0.754682
vt 0.213857 0.755446
vt 0.115684 0.803862
vt 0.125702 0.802782
vt 0.128339 0.803648
vt 0.115937 0.804721
vt 0.139844 0.793575
vt 0.141696 0.796953
vt 0.113513 0.792145
vt 0.120611 0.787382
vt 0.131685 0.779546
vt 0.113682 0.756716
vt 0.100774 0.769098
vt 0.113002 0.755920
vt 0.100074 0.768443
vt 0.098097 0.766625
vt 0.110864 0.753438
vt 0.095502 0.779868
vt 0.094686 0.779748
vt 0.091930 0.779342
vt 0.191618 0.721484
vt 0.204487 0.723518
vt 0.204804 0.745293
vt 0.195872 0.748570
vt 0.204811 0.722807
vt 0.191452 0.720586
vt 0.191026 0.718058
vt 0.205915 0.720400
vt 0.174563 0.725124
vt 0.174308 0.724145
vt 0.173504 0.721053
vt 0.121998 0.637908
vt 0.128012 0.638019
vt 0.122030 0.637674
vt 0.128019 0.637785
vt 0.106517 0.638520
vt 0.106532 0.638763
vt 0.093224 0.643204
vt 0.093323 0.643394
vt 0.081803 0.651430
vt 0.081993 0.651581
vt 0.072495 0.663728
vt 0.072288 0.663622
vt 0.061458 0.680608
vt 0.067257 0.667412
vt 0.071439 0.661406
vt 0.068978 0.668564
vt 0.069172 0.668690
vt 0.127885 0.633747
vt 0.080763 0.649246
vt 0.092057 0.640966
vt 0.105318 0.636410
vt 0.120690 0.635697
vt 0.128061 0.635694
vt 0.371253 0.836137
vt 0.129261 0.714013
vt 0.113681 0.724115
vt 0.097045 0.739221
vt 0.084797 0.752270
vt 0.075048 0.762732
vt 0.203079 0.697621
vt 0.187578 0.699474
vt 0.170047 0.702028
vt 0.147287 0.707133
vt 0.118613 0.730415
vt 0.132723 0.720753
vt 0.102112 0.744338
vt 0.090121 0.757543
vt 0.079022 0.768432
vt 0.188944 0.706726
vt 0.205068 0.704056
vt 0.171222 0.708836
vt 0.149320 0.714770
vt 0.289211 0.769208
vt 0.290410 0.762726
vt 0.293901 0.763151
vt 0.292505 0.769998
vt 0.273424 0.640682
vt 0.273545 0.647273
vt 0.269958 0.647520
vt 0.270149 0.640568
vt 0.274589 0.704214
vt 0.278356 0.734318
vt 0.275587 0.734666
vt 0.271630 0.704214
vt 0.270147 0.767866
vt 0.269957 0.760913
vt 0.273546 0.761160
vt 0.273424 0.767752
vt 0.274897 0.751789
vt 0.271473 0.751229
vt 0.292506 0.638439
vt 0.293901 0.645287
vt 0.290410 0.645710
vt 0.289213 0.639228
vt 0.278354 0.674109
vt 0.275586 0.673763
vt 0.291794 0.676782
vt 0.294901 0.704219
vt 0.291560 0.704218
vt 0.289068 0.676347
vt 0.291787 0.731633
vt 0.289062 0.732070
vt 0.294041 0.753448
vt 0.290833 0.753459
vt 0.274895 0.656643
vt 0.271472 0.657203
vt 0.288297 0.774891
vt 0.290499 0.774579
vt 0.294038 0.654989
vt 0.290832 0.654978
vt 0.290500 0.633858
vt 0.288299 0.633545
vt 0.271380 0.772971
vt 0.273688 0.773810
vt 0.273690 0.634625
vt 0.271382 0.635463
vt 0.360999 0.753697
vt 0.357878 0.754232
vt 0.356774 0.747949
vt 0.359898 0.747416
vt 0.375875 0.636763
vt 0.378995 0.637296
vt 0.377898 0.643570
vt 0.374774 0.643039
vt 0.369203 0.693946
vt 0.372064 0.693946
vt 0.373301 0.721327
vt 0.370190 0.721404
vt 0.378992 0.750594
vt 0.375871 0.751129
vt 0.374766 0.744853
vt 0.377891 0.744320
vt 0.376468 0.736117
vt 0.373338 0.736658
vt 0.357879 0.633669
vt 0.360999 0.634202
vt 0.359902 0.640485
vt 0.356779 0.639953
vt 0.370214 0.666487
vt 0.373323 0.666565
vt 0.351679 0.667405
vt 0.354785 0.667467
vt 0.353824 0.693944
vt 0.350965 0.693944
vt 0.354761 0.720410
vt 0.351653 0.720472
vt 0.358479 0.739232
vt 0.355349 0.739770
vt 0.373351 0.651235
vt 0.376480 0.651775
vt 0.362092 0.759976
vt 0.358973 0.760511
vt 0.355359 0.648133
vt 0.358488 0.648669
vt 0.358970 0.627391
vt 0.362089 0.627924
vt 0.380085 0.756869
vt 0.376966 0.757404
vt 0.376966 0.630487
vt 0.380085 0.631020
vt 0.270174 0.704214
vt 0.274586 0.673965
vt 0.292761 0.676755
vt 0.296104 0.704220
vt 0.292753 0.731660
vt 0.271884 0.630233
vt 0.268343 0.632450
vt 0.266853 0.631110
vt 0.271122 0.628398
vt 0.268340 0.775984
vt 0.271882 0.778203
vt 0.271120 0.780038
vt 0.266850 0.777324
vt 0.268365 0.760816
vt 0.270085 0.750951
vt 0.288485 0.632090
vt 0.291171 0.632996
vt 0.268366 0.647617
vt 0.268675 0.640352
vt 0.265048 0.647833
vt 0.267087 0.658132
vt 0.265506 0.658516
vt 0.263222 0.647972
vt 0.292692 0.630799
vt 0.289276 0.629144
vt 0.289708 0.627391
vt 0.293812 0.629308
vt 0.271923 0.733880
vt 0.267086 0.750299
vt 0.265506 0.749915
vt 0.270828 0.733621
vt 0.274588 0.734465
vt 0.295466 0.731743
vt 0.298880 0.704220
vt 0.300190 0.704220
vt 0.296503 0.731770
vt 0.295525 0.645105
vt 0.295476 0.655049
vt 0.273250 0.775204
vt 0.270483 0.773826
vt 0.295525 0.763333
vt 0.294041 0.770524
vt 0.268673 0.768082
vt 0.295479 0.753389
vt 0.270085 0.657482
vt 0.294042 0.637913
vt 0.273252 0.633231
vt 0.288483 0.776347
vt 0.270485 0.634608
vt 0.291170 0.775441
vt 0.289273 0.779293
vt 0.292690 0.777638
vt 0.293810 0.779129
vt 0.289704 0.781047
vt 0.296964 0.771657
vt 0.298667 0.772419
vt 0.295475 0.676674
vt 0.298452 0.655198
vt 0.300083 0.655325
vt 0.296513 0.676647
vt 0.265431 0.639697
vt 0.263569 0.639300
vt 0.271922 0.674547
vt 0.270827 0.674807
vt 0.298454 0.753240
vt 0.300085 0.753112
vt 0.298823 0.763706
vt 0.300698 0.763907
vt 0.265428 0.768736
vt 0.263567 0.769133
vt 0.298823 0.644732
vt 0.300698 0.644532
vt 0.267599 0.704214
vt 0.266047 0.704214
vt 0.265046 0.760599
vt 0.263220 0.760461
vt 0.296965 0.636780
vt 0.298668 0.636019
vn -0.1975 -0.9761 -0.0902
vn -0.3567 -0.8847 -0.3000
vn -0.6889 -0.1697 -0.7047
vn -0.0394 -0.2572 -0.9655
vn 0.8513 -0.5238 -0.0279
vn 0.5106 -0.5581 -0.6540
vn -0.3711 -0.9271 0.0520
vn -0.1611 -0.9790 -0.1249
vn -0.2308 -0.9648 -0.1261
vn -0.0089 -0.9554 -0.2952
vn 0.5875 -0.4302 -0.6854
vn 0.8321 -0.5537 -0.0323
vn -0.7403 -0.3265 0.5876
vn -0.9810 -0.1837 -0.0629
vn 0.2313 0.9647 0.1261
vn 0.0090 0.9554 0.2951
vn 0.7166 0.4622 -0.5222
vn 0.9871 0.1486 0.0589
vn 0.0394 0.2572 0.9655
vn 0.6889 0.1697 0.7047
vn 0.3567 0.8847 0.3001
vn 0.1975 0.9761 0.0902
vn -0.1948 -0.9676 -0.1608
vn -0.0233 -0.9981 0.0569
vn 0.5362 -0.5864 0.6071
vn -0.1094 -0.4801 0.8703
vn -0.4636 0.7017 -0.5410
vn 0.1034 0.4495 -0.8873
vn -0.9870 -0.1491 -0.0590
vn -0.7164 -0.4626 0.5223
vn 0.1094 0.4801 -0.8703
vn -0.5362 0.5864 -0.6071
vn 0.0234 0.9981 -0.0568
vn 0.1948 0.9676 0.1608
vn 0.6694 0.3159 0.6723
vn 0.0324 0.2234 0.9742
vn -0.8321 0.5537 0.0323
vn -0.5875 0.4302 0.6854
vn -0.1034 -0.4495 0.8873
vn 0.4641 -0.7014 0.5410
vn -0.0324 -0.2234 -0.9742
vn -0.6691 -0.3162 -0.6724
vn 0.1616 0.9789 0.1249
vn 0.3711 0.9271 -0.0521
vn -0.5102 0.5584 0.6541
vn -0.8511 0.5242 0.0280
vn 0.9810 0.1837 0.0629
vn 0.7403 0.3265 -0.5876
vn 0.0000 -1.0000 0.0000
vn -0.1987 -0.9800 0.0035
vn -0.8356 -0.5491 0.0149
vn -0.8490 -0.5134 -0.1245
vn -0.2246 -0.9738 -0.0336
vn -0.1995 -0.9799 -0.0009
vn -0.2210 -0.9748 0.0296
vn -0.1845 -0.9470 0.2629
vn 0.0000 -0.9334 0.3587
vn 0.1845 -0.9470 0.2629
vn 0.2210 -0.9748 0.0296
vn 0.2246 -0.9738 -0.0336
vn 0.1987 -0.9800 0.0035
vn 0.8490 -0.5134 -0.1245
vn 0.8356 -0.5491 0.0149
vn 0.1885 -0.9492 -0.2520
vn 0.0000 -0.9360 -0.3520
vn -0.1885 -0.9492 -0.2520
vn -0.6191 -0.4697 -0.6293
vn 0.0000 -0.4544 -0.8908
vn -0.8351 -0.5500 -0.0056
vn -0.8458 -0.5204 0.1175
vn -0.7695 0.6386 -0.0057
vn -0.7899 0.6013 0.1198
vn -0.7886 0.6050 -0.1096
vn -0.5911 0.5129 -0.6225
vn 0.1995 -0.9799 -0.0009
vn -0.7676 0.6407 0.0136
vn -0.1631 0.9866 0.0026
vn -0.1627 0.9864 -0.0247
vn -0.6217 -0.4744 0.6232
vn -0.6114 0.5038 0.6102
vn 0.0000 -0.4329 0.9014
vn 0.0000 0.4072 0.9133
vn 0.6217 -0.4744 0.6232
vn 0.6114 0.5038 0.6102
vn 0.8458 -0.5204 0.1175
vn 0.7899 0.6013 0.1198
vn 0.7886 0.6050 -0.1096
vn 0.7676 0.6407 0.0136
vn 0.8351 -0.5500 -0.0056
vn 0.1627 0.9864 -0.0247
vn 0.1631 0.9866 0.0026
vn 0.6191 -0.4697 -0.6293
vn 0.5911 0.5129 -0.6225
vn 0.0000 0.4193 -0.9078
vn -0.1409 0.9518 -0.2722
vn 0.0000 0.9296 -0.3686
vn 0.1409 0.9518 -0.2722
vn -0.4326 0.8077 -0.4005
vn 0.0000 0.7592 -0.6508
vn -0.6943 0.7143 -0.0880
vn -0.4477 -0.7849 -0.4283
vn 0.0000 -0.7454 -0.6665
vn -0.7297 -0.6783 -0.0864
vn 0.4326 0.8077 -0.4005
vn 0.4477 -0.7849 -0.4283
vn 0.0000 -0.6120 -0.7909
vn 0.5686 -0.5866 -0.5767
vn -0.5686 -0.5866 -0.5767
vn -0.7177 -0.0121 -0.6962
vn 0.0000 -0.0117 -0.9999
vn 0.7177 -0.0121 -0.6962
vn -0.9916 -0.0104 -0.1291
vn -0.7647 -0.6360 -0.1033
vn -0.9851 0.1237 -0.1196
vn -0.6864 0.1480 -0.7120
vn -0.0007 0.1611 -0.9869
vn -0.6633 0.7406 0.1076
vn -0.9859 0.1665 0.0178
vn -0.9669 0.1935 0.1661
vn -0.6347 0.7453 0.2041
vn -0.7508 -0.6605 -0.0038
vn -0.7693 -0.6292 0.1106
vn -0.9895 0.0112 0.1440
vn -1.0000 0.0014 -0.0012
vn -0.9998 -0.0076 0.0186
vn -0.7473 -0.6643 0.0129
vn -0.7127 0.0201 0.7011
vn -0.6698 0.2649 0.6937
vn -0.5883 -0.5878 0.5553
vn 0.0000 0.0221 0.9997
vn 0.0000 -0.6186 0.7856
vn 0.0000 0.3001 0.9539
vn 0.7127 0.0201 0.7011
vn 0.5883 -0.5878 0.5553
vn 0.6698 0.2649 0.6937
vn 0.9669 0.1935 0.1661
vn 0.9895 0.0112 0.1440
vn 0.7693 -0.6292 0.1106
vn 0.9859 0.1665 0.0178
vn 0.6632 0.7407 0.1073
vn 0.6347 0.7453 0.2041
vn 0.9916 -0.0104 -0.1291
vn 0.9998 -0.0076 0.0186
vn 0.7473 -0.6643 0.0129
vn 0.7647 -0.6360 -0.1033
vn 1.0000 0.0014 -0.0012
vn 0.7508 -0.6605 -0.0037
vn 0.9851 0.1234 -0.1194
vn 0.9888 0.1471 0.0249
vn 0.6865 0.1467 -0.7121
vn 0.6489 0.4248 -0.6312
vn 0.9328 0.3475 -0.0955
vn -0.0075 0.4918 -0.8706
vn -0.0272 0.4353 -0.8998
vn 0.6580 0.3715 -0.6550
vn 0.9576 0.2822 -0.0580
vn 0.6476 0.1045 -0.7547
vn 0.9982 -0.0370 -0.0472
vn -0.0367 0.1827 -0.9825
vn -0.6900 0.3612 -0.6271
vn -0.6763 0.1366 -0.7238
vn -0.6460 0.4357 -0.6267
vn -0.9564 0.2852 -0.0634
vn -0.9959 0.0747 -0.0504
vn -0.9325 0.3478 -0.0970
vn 0.0013 0.3175 0.9482
vn -0.6724 0.3765 0.6372
vn -0.7398 0.6294 0.2378
vn 0.0007 0.8163 0.5775
vn -0.7700 -0.6379 0.0115
vn 0.0001 0.9865 0.1637
vn 0.0000 0.9785 0.2060
vn 0.6745 0.3760 0.6353
vn 0.7392 0.6304 0.2368
vn -0.9888 0.1470 0.0249
vn -0.6876 0.0849 0.7211
vn -0.0195 0.0529 0.9984
vn 0.6752 -0.0124 0.7375
vn 0.7377 0.6750 0.0110
vn 0.6943 0.7143 -0.0880
vn 0.7297 -0.6782 -0.0864
vn 0.7700 -0.6379 0.0116
vn 0.5092 0.7060 0.4922
vn 0.0000 0.7836 0.6212
vn -0.5092 0.7060 0.4922
vn -0.0425 -0.8444 0.5339
vn 0.4475 -0.8060 0.3874
vn 0.6506 -0.3095 0.6934
vn -0.0637 -0.3392 0.9385
vn 0.6646 -0.7467 -0.0260
vn 0.9635 -0.2644 -0.0411
vn 0.4145 -0.8254 -0.3833
vn 0.6232 -0.3347 -0.7068
vn 0.5997 0.4700 -0.6476
vn 0.8834 0.4668 -0.0406
vn 0.6152 0.4978 0.6113
vn 0.3699 0.8519 -0.3706
vn 0.5686 0.8221 -0.0290
vn 0.3412 0.8914 0.2983
vn -0.0137 0.8478 -0.5300
vn -0.0230 0.4663 -0.8843
vn -0.0256 -0.3900 -0.9205
vn -0.3864 0.8415 -0.3774
vn -0.6160 0.4545 -0.6434
vn -0.6439 -0.3428 -0.6840
vn -0.0174 -0.8719 -0.4892
vn -0.4269 -0.8210 -0.3789
vn -0.6650 -0.7465 -0.0216
vn -0.9630 -0.2673 -0.0345
vn -0.8858 0.4627 -0.0345
vn -0.4751 -0.7964 0.3741
vn -0.6919 -0.3058 0.6539
vn -0.6479 0.4978 0.5765
vn -0.3675 0.8832 0.2912
vn -0.5694 0.8217 -0.0247
vn -0.0324 0.9024 0.4296
vn -0.0590 0.5283 0.8469
vn 0.0000 1.0000 0.0000
vn -0.2507 0.9510 0.1809
vn -0.0237 0.9652 0.2604
vn 0.2401 0.9509 0.1953
vn 0.3589 0.8670 -0.3457
vn 0.0284 0.8566 -0.5151
vn 0.0303 0.0691 -0.9971
vn 0.7396 0.0596 -0.6703
vn -0.2946 0.9027 -0.3135
vn -0.7221 0.1024 -0.6842
vn 0.0000 -0.0536 -0.9985
vn 0.5353 -0.2194 -0.8157
vn -0.5353 -0.2195 -0.8156
vn -0.3089 -0.9217 -0.2346
vn 0.0000 0.0368 -0.9993
vn 0.3089 -0.9217 -0.2346
vn -0.7403 -0.6721 0.0098
vn -0.2721 -0.9622 0.0009
vn -0.9960 0.0862 0.0213
vn -0.5364 -0.3312 0.7762
vn -0.3192 -0.9156 0.2444
vn 0.0000 -0.2071 0.9783
vn 0.0000 -0.0932 0.9956
vn 0.5364 -0.3311 0.7762
vn 0.3192 -0.9156 0.2444
vn 0.7405 -0.6720 0.0099
vn 0.2721 -0.9622 0.0009
vn 0.0065 -0.0542 0.9985
vn 0.7454 -0.0016 0.6666
vn 0.9988 0.0459 0.0164
vn 0.5827 0.8125 0.0149
vn 0.3412 0.8686 0.3591
vn -0.2582 0.9350 -0.2431
vn -0.3492 0.9369 -0.0125
vn 0.0066 0.8360 0.5487
vn -0.0085 0.9469 -0.3213
vn -0.3261 0.8814 0.3416
vn -0.7355 0.0228 0.6771
vn 0.2522 0.9378 -0.2383
vn -0.5567 0.8305 0.0190
vn 0.3466 0.9379 -0.0162
vn 0.7254 -0.6809 0.1009
vn 0.7725 -0.6349 -0.0062
vn 0.6994 0.7103 0.0793
vn 0.7356 0.6774 -0.0061
vn 0.4748 0.7795 0.4085
vn 0.4302 -0.8010 0.4162
vn 0.0000 0.7284 0.6851
vn 0.0000 -0.7886 0.6149
vn -0.4749 0.7795 0.4085
vn -0.4302 -0.8010 0.4162
vn -0.7254 -0.6809 0.1009
vn -0.6994 0.7103 0.0793
vn -0.7377 0.6750 0.0110
vn -0.1642 0.9864 -0.0013
vn -0.1650 0.9859 0.0274
vn -0.7356 0.6774 -0.0061
vn -0.7725 -0.6349 -0.0062
vn 0.7695 0.6386 -0.0057
vn -0.1651 0.9363 0.3099
vn 0.0000 0.9076 0.4198
vn 0.1651 0.9363 0.3099
vn 0.1650 0.9859 0.0274
vn 0.1642 0.9864 -0.0013
vn -0.0610 -0.2181 0.9740
vn -0.7466 -0.2047 0.6330
vn -0.9771 -0.2076 -0.0477
vn -0.6827 -0.2110 -0.6995
vn -0.0352 -0.1850 -0.9821
vn 0.6659 -0.2838 -0.6898
vn 0.9488 -0.3119 -0.0495
vn 0.6901 -0.3233 0.6475
vn -0.4780 -0.7871 0.3898
vn -0.0479 -0.8071 0.5884
vn -0.6759 -0.7364 -0.0292
vn -0.4297 -0.8016 -0.4156
vn -0.0213 -0.8138 -0.5806
vn 0.4085 -0.8141 -0.4127
vn 0.6766 -0.7356 -0.0343
vn 0.4316 -0.8137 0.3893
vn -0.9999 -0.0043 0.0095
vn -0.9999 -0.0052 0.0120
vn -0.7147 -0.0050 -0.6993
vn -0.7136 -0.0042 -0.7005
vn 0.9999 -0.0014 0.0095
vn 0.9999 -0.0016 0.0120
vn 0.6991 0.0002 0.7150
vn 0.7005 0.0002 0.7136
vn 0.0002 0.9728 0.2315
vn -0.6394 0.7558 0.1411
vn -0.5183 0.5157 0.6822
vn 0.0000 0.5774 0.8164
vn -0.7005 0.0002 0.7136
vn -0.6991 0.0002 0.7150
vn -0.9999 -0.0016 0.0120
vn -0.9999 -0.0014 0.0095
vn -0.9866 0.1625 0.0121
vn -0.7144 0.1168 0.6899
vn 0.7136 -0.0042 -0.7005
vn 0.7147 -0.0050 -0.6993
vn 0.9999 -0.0052 0.0120
vn 0.9999 -0.0043 0.0095
vn 0.6394 0.7559 0.1404
vn 0.5182 0.5160 0.6820
vn 0.5001 0.6992 -0.5109
vn 0.0004 0.8681 -0.4963
vn 0.0004 0.9730 0.2309
vn 0.6437 0.7525 0.1393
vn -0.4998 0.6997 -0.5104
vn -0.6435 0.7525 0.1400
vn -0.7461 0.1290 -0.6532
vn -0.9866 0.1624 0.0124
vn 0.9866 0.1625 0.0120
vn 0.7145 0.1168 0.6898
vn -0.7042 -0.7099 0.0056
vn -0.5790 -0.5804 -0.5726
vn 0.7461 0.1291 -0.6532
vn 0.9866 0.1625 0.0123
vn 0.5790 -0.5804 -0.5726
vn 0.7042 -0.7099 0.0056
vn -0.5725 -0.5774 0.5820
vn -0.7060 -0.7082 0.0057
vn 0.7060 -0.7082 0.0057
vn 0.5725 -0.5774 0.5820
vn 0.9999 0.0043 -0.0095
vn 0.7007 0.0032 -0.7135
vn 0.7002 0.0073 -0.7139
vn 0.9999 0.0096 -0.0120
vn -0.9999 0.0014 -0.0095
vn -0.7135 0.0008 0.7006
vn -0.7161 0.0035 0.6980
vn -0.9999 0.0059 -0.0120
vn -0.0002 -0.9760 -0.2177
vn -0.0001 -0.8238 0.5669
vn 0.4168 -0.4794 0.7723
vn 0.6588 -0.7397 -0.1368
vn 0.7135 0.0008 0.7006
vn 0.9999 0.0014 -0.0095
vn 0.9999 0.0059 -0.0120
vn 0.7161 0.0035 0.6980
vn 0.6877 -0.0828 0.7212
vn 0.9905 -0.1364 -0.0169
vn -0.7006 0.0032 -0.7135
vn -0.9999 0.0043 -0.0095
vn -0.9999 0.0096 -0.0120
vn -0.7002 0.0073 -0.7139
vn -0.6588 -0.7398 -0.1362
vn -0.4165 -0.4791 0.7726
vn -0.2699 -0.2962 -0.9162
vn -0.6364 -0.7574 -0.1458
vn -0.0004 -0.9756 -0.2194
vn -0.0002 -0.4954 -0.8686
vn 0.6362 -0.7575 -0.1466
vn 0.2693 -0.2956 -0.9166
vn 0.9904 -0.1368 -0.0168
vn 0.6370 -0.0910 -0.7655
vn -0.9905 -0.1365 -0.0168
vn -0.6876 -0.0828 0.7213
vn 0.7097 -0.7044 -0.0072
vn 0.5758 -0.5737 -0.5825
vn -0.6370 -0.0912 -0.7654
vn -0.9904 -0.1370 -0.0166
vn -0.5758 -0.5737 -0.5825
vn -0.7097 -0.7044 -0.0072
vn 0.5820 -0.5778 0.5722
vn 0.7083 -0.7059 -0.0071
vn -0.7083 -0.7059 -0.0071
vn -0.5820 -0.5778 0.5722
vn 0.0000 -0.1970 0.9804
vn -0.0502 -0.1053 0.9931
vn 0.0446 0.1207 -0.9917
vn 0.0000 0.2079 -0.9781
vn -0.0447 0.1210 -0.9916
vn -0.0016 -1.0000 -0.0013
vn -0.0062 -0.7075 0.7067
vn 0.0062 -0.7075 0.7067
vn 0.0016 -1.0000 -0.0013
vn 0.0104 0.0003 0.9999
vn 0.0424 -0.0050 0.9991
vn -0.0036 -1.0000 -0.0007
vn 0.0025 -0.7069 -0.7073
vn -0.0104 0.0003 0.9999
vn -0.0090 0.0005 0.9999
vn -0.0104 0.0007 0.9999
vn -0.0463 0.0026 0.9989
vn 0.0025 -0.7067 -0.7075
vn -0.0036 -1.0000 -0.0014
vn 0.0574 -0.0957 0.9937
vn 0.0465 0.0026 0.9989
vn 0.0504 -0.1055 0.9931
vn -0.0523 0.1144 -0.9920
vn 0.0001 0.2065 -0.9784
vn 0.0105 -0.0004 -0.9999
vn 0.0447 0.0155 -0.9989
vn 0.0016 -1.0000 -0.0007
vn 0.0062 -0.7073 0.7068
vn -0.0105 -0.0004 -0.9999
vn -0.0090 -0.0005 -0.9999
vn 0.0090 0.0005 0.9999
vn -0.0449 0.0156 -0.9988
vn -0.0422 -0.0050 0.9991
vn 0.0090 -0.0005 -0.9999
vn -0.0016 -1.0000 -0.0007
vn 0.0036 -1.0000 -0.0007
vn -0.0062 -0.7073 0.7068
vn -0.0025 -0.7069 -0.7073
vn 0.0036 -1.0000 -0.0014
vn -0.0025 -0.7067 -0.7075
vn -0.0090 -0.0010 -0.9999
vn 0.0522 0.1140 -0.9921
vn 0.0488 0.0091 -0.9987
vn -0.0090 0.0010 0.9999
vn -0.0573 -0.0955 0.9938
vn -0.0491 0.0091 -0.9987
vn -0.0105 -0.0009 -0.9999
vn 0.0090 0.0010 0.9999
vn 0.0105 -0.0009 -0.9999
vn 0.0000 -0.1947 0.9808
vn 0.0104 0.0008 0.9999
vn 0.0090 -0.0010 -0.9999
usemtl Clothes_UV
s 1
f 3579/4258/3394 3551/4259/3395 3558/4260/3396 3580/4261/3397
f 3588/4262/3398 3568/4263/3399 3553/4264/3400 3584/4265/3401
f 3590/4266/3402 3549/4267/3403 3557/4268/3404 3593/4269/3405
f 3584/4270/3401 3553/4271/3400 3560/4272/3406 3586/4273/3407
f 3585/4274/3408 3552/4275/3409 3569/4276/3410 3589/4277/3411
f 3575/4278/3412 3563/4279/3413 3554/4280/3414 3572/4281/3415
f 3573/4282/3416 3555/4283/3417 3562/4284/3418 3574/4285/3419
f 3572/4286/3415 3554/4287/3414 3571/4288/3420 3577/4289/3421
f 3594/4290/3422 3565/4291/3423 3549/4292/3403 3590/4293/3402
f 3581/4294/3424 3559/4295/3425 3550/4296/3426 3578/4297/3427
f 3578/4298/3427 3550/4299/3426 3567/4300/3428 3583/4301/3429
f 3587/4302/3430 3561/4303/3431 3552/4304/3409 3585/4305/3408
f 3582/4306/3432 3566/4307/3433 3551/4308/3395 3579/4309/3394
f 3576/4310/3434 3570/4311/3435 3555/4312/3417 3573/4313/3416
f 3591/4314/3436 3548/4315/3437 3564/4316/3438 3595/4317/3439
f 3580/4261/3397 3558/4260/3396 3559/4318/3425 3581/4319/3424
f 3586/4273/3407 3560/4272/3406 3561/4320/3431 3587/4321/3430
f 3574/4322/3419 3562/4323/3418 3563/4279/3413 3575/4278/3412
f 3592/4324/3440 3563/4325/3413 3562/4326/3418 3593/4327/3405
f 3594/4290/3422 3570/4328/3435 3571/4329/3420 3595/4330/3439
f 3576/4310/3434 3568/4331/3399 3569/4332/3410 3577/4333/3421
f 3588/4334/3398 3566/4335/3433 3567/4336/3428 3589/4277/3411
f 3582/4337/3432 3565/4338/3423 3564/4339/3438 3583/4301/3429
f 3592/4324/3440 3556/4340/3441 3548/4341/3437 3591/4342/3436
f 3570/4311/3435 3576/4310/3434 3577/4333/3421 3571/4343/3420
f 3560/4344/3406 3574/4322/3419 3575/4278/3412 3561/4345/3431
f 3568/4331/3399 3576/4310/3434 3573/4313/3416 3553/4346/3400
f 3552/4304/3409 3572/4286/3415 3577/4289/3421 3569/4347/3410
f 3553/4264/3400 3573/4282/3416 3574/4285/3419 3560/4348/3406
f 3561/4345/3431 3575/4278/3412 3572/4281/3415 3552/4349/3409
f 3566/4350/3433 3582/4337/3432 3583/4301/3429 3567/4300/3428
f 3557/4351/3404 3580/4261/3397 3581/4319/3424 3556/4352/3441
f 3565/4353/3423 3582/4306/3432 3579/4309/3394 3549/4267/3403
f 3548/4354/3437 3578/4298/3427 3583/4301/3429 3564/4339/3438
f 3556/4355/3441 3581/4294/3424 3578/4297/3427 3548/4315/3437
f 3549/4356/3403 3579/4258/3394 3580/4261/3397 3557/4351/3404
f 3568/4357/3399 3588/4334/3398 3589/4277/3411 3569/4276/3410
f 3558/4358/3396 3586/4273/3407 3587/4321/3430 3559/4359/3425
f 3559/4295/3425 3587/4302/3430 3585/4305/3408 3550/4296/3426
f 3550/4360/3426 3585/4274/3408 3589/4277/3411 3567/4336/3428
f 3551/4361/3395 3584/4270/3401 3586/4273/3407 3558/4358/3396
f 3566/4307/3433 3588/4262/3398 3584/4265/3401 3551/4308/3395
f 3563/4325/3413 3592/4324/3440 3591/4342/3436 3554/4362/3414
f 3565/4291/3423 3594/4290/3422 3595/4330/3439 3564/4363/3438
f 3556/4340/3441 3592/4324/3440 3593/4327/3405 3557/4364/3404
f 3554/4287/3414 3591/4314/3436 3595/4317/3439 3571/4288/3420
f 3570/4328/3435 3594/4290/3422 3590/4293/3402 3555/4365/3417
f 3555/4283/3417 3590/4266/3402 3593/4269/3405 3562/4284/3418
f 3789/4366/3442 3614/4367/3442 3810/4368/3442 3801/4369/3442
f 3799/4370/3442 3802/4371/3442 3790/4372/3442 3597/4373/3442
f 3803/4374/3442 3799/4370/3442 3597/4373/3442 3599/4375/3442
f 3800/4376/3442 3804/4377/3442 3598/4378/3442 3596/4379/3442
f 3806/4380/3443 3814/4381/3444 3627/4382/3445 3626/4383/3446
f 3805/4384/3447 3803/4374/3442 3599/4375/3442 3600/4385/3448
f 3600/4385/3448 3599/4375/3442 3601/4386/3442 3602/4387/3449
f 3599/4375/3442 3597/4373/3442 3603/4388/3442 3601/4386/3442
f 3604/4389/3442 3605/4390/3450 3602/4387/3449 3601/4386/3442
f 3606/4391/3442 3604/4389/3442 3601/4386/3442 3603/4388/3442
f 3607/4392/3442 3609/4393/3451 3605/4390/3450 3604/4389/3442
f 3608/4394/3442 3607/4392/3442 3604/4389/3442 3606/4391/3442
f 3611/4395/3442 3610/4396/3442 3607/4392/3442 3608/4394/3442
f 3610/4396/3442 3612/4397/3452 3609/4393/3451 3607/4392/3442
f 3614/4367/3442 3613/4398/3442 3807/4399/3442 3810/4368/3442
f 3613/4398/3442 3615/4400/3453 3811/4401/3454 3807/4399/3442
f 3615/4402/3453 3639/4403/3455 3817/4404/3456 3811/4405/3454
f 3809/4406/3442 3808/4407/3442 3610/4396/3442 3611/4395/3442
f 3617/4408/3442 3616/4409/3442 3613/4398/3442 3614/4367/3442
f 3616/4409/3442 3618/4410/3457 3615/4400/3453 3613/4398/3442
f 3620/4411/3442 3619/4412/3442 3616/4409/3442 3617/4408/3442
f 3619/4412/3442 3621/4413/3458 3618/4410/3457 3616/4409/3442
f 3623/4414/3442 3622/4415/3442 3619/4412/3442 3620/4411/3442
f 3622/4415/3442 3624/4416/3459 3621/4413/3458 3619/4412/3442
f 3596/4379/3442 3598/4378/3442 3622/4415/3442 3623/4414/3442
f 3598/4378/3442 3626/4417/3446 3624/4416/3459 3622/4415/3442
f 3626/4383/3446 3627/4382/3445 3625/4418/3460 3624/4419/3459
f 3624/4419/3459 3625/4418/3460 3643/4420/3461 3621/4421/3458
f 3813/4422/3462 3805/4423/3447 3600/4424/3448 3629/4425/3463
f 3815/4426/3464 3813/4422/3462 3629/4425/3463 3630/4427/3465
f 3627/4382/3445 3628/4428/3466 3646/4429/3467 3625/4418/3460
f 3808/4407/3442 3812/4430/3468 3612/4397/3452 3610/4396/3442
f 3816/4431/3469 3847/4432/3470 3648/4433/3471 3628/4428/3466
f 3630/4427/3465 3629/4425/3463 3631/4434/3472 3632/4435/3473
f 3629/4425/3463 3600/4424/3448 3602/4436/3449 3631/4434/3472
f 3633/4437/3474 3634/4438/3475 3632/4435/3473 3631/4434/3472
f 3605/4439/3450 3633/4437/3474 3631/4434/3472 3602/4436/3449
f 3635/4440/3476 3636/4441/3477 3634/4438/3475 3633/4437/3474
f 3609/4442/3451 3635/4440/3476 3633/4437/3474 3605/4439/3450
f 3612/4443/3452 3637/4444/3478 3635/4440/3476 3609/4442/3451
f 3637/4444/3478 3638/4445/3479 3636/4441/3477 3635/4440/3476
f 3814/4381/3444 3816/4431/3469 3628/4428/3466 3627/4382/3445
f 3639/4403/3455 3640/4446/3480 3819/4447/3481 3817/4404/3456
f 3812/4448/3468 3818/4449/3482 3637/4444/3478 3612/4443/3452
f 3640/4446/3480 3787/4450/3483 3850/4451/3484 3819/4447/3481
f 3618/4452/3457 3641/4453/3485 3639/4403/3455 3615/4402/3453
f 3641/4453/3485 3642/4454/3486 3640/4446/3480 3639/4403/3455
f 3621/4455/3458 3643/4456/3461 3641/4453/3485 3618/4452/3457
f 3643/4456/3461 3644/4457/3487 3642/4454/3486 3641/4453/3485
f 3625/4418/3460 3646/4429/3467 3644/4458/3487 3643/4420/3461
f 3646/4429/3467 3647/4459/3488 3645/4460/3489 3644/4458/3487
f 3644/4457/3487 3645/4461/3489 3788/4462/3490 3642/4454/3486
f 3628/4428/3466 3648/4433/3471 3647/4459/3488 3646/4429/3467
f 3649/4463/3491 3652/4464/3492 3645/4460/3489 3647/4459/3488
f 3651/4465/3493 3649/4463/3491 3647/4459/3488 3648/4433/3471
f 3652/4464/3492 3649/4463/3491 3650/4466/3494 3654/4467/3495
f 3649/4463/3491 3651/4465/3493 3781/4468/3496 3650/4466/3494
f 3653/4469/3497 3652/4470/3492 3654/4471/3495 3655/4472/3498
f 3652/4470/3492 3653/4469/3497 3788/4462/3490 3645/4461/3489
f 3656/4473/3499 3658/4474/3500 3655/4472/3498 3654/4471/3495
f 3659/4475/3501 3656/4476/3499 3654/4467/3495 3650/4466/3494
f 3661/4477/3502 3657/4478/3503 3656/4476/3499 3659/4475/3501
f 3657/4479/3503 3683/4480/3504 3658/4474/3500 3656/4473/3499
f 3663/4481/3505 3661/4477/3502 3659/4475/3501 3660/4482/3506
f 3660/4482/3506 3659/4475/3501 3650/4466/3494 3781/4468/3496
f 3664/4483/3507 3662/4484/3508 3661/4477/3502 3663/4481/3505
f 3662/4484/3508 3685/4485/3509 3657/4478/3503 3661/4477/3502
f 3834/4486/3510 3823/4487/3511 3666/4488/3512 3699/4489/3513
f 3826/4490/3514 3667/4491/3515 3665/4492/3516 3822/4493/3517
f 3821/4494/3518 3663/4481/3505 3660/4482/3506 3825/4495/3519
f 3822/4493/3517 3665/4492/3516 3666/4488/3512 3823/4487/3511
f 3665/4492/3516 3668/4496/3520 3670/4497/3521 3666/4488/3512
f 3667/4491/3515 3669/4498/3522 3668/4496/3520 3665/4492/3516
f 3671/4499/3523 3668/4496/3520 3669/4498/3522 3672/4500/3524
f 3673/4501/3525 3670/4497/3521 3668/4496/3520 3671/4499/3523
f 3674/4502/3526 3671/4499/3523 3672/4500/3524 3676/4503/3527
f 3675/4504/3528 3673/4501/3525 3671/4499/3523 3674/4502/3526
f 3679/4505/3529 3675/4504/3528 3674/4502/3526 3677/4506/3530
f 3677/4506/3530 3674/4502/3526 3676/4503/3527 3678/4507/3531
f 3830/4508/3532 3837/4509/3533 3706/4510/3534 3679/4505/3529
f 3680/4511/3535 3828/4512/3536 3832/4513/3537 3681/4514/3538
f 3827/4515/3539 3677/4506/3530 3678/4507/3531 3831/4516/3540
f 3682/4517/3541 3829/4518/3542 3828/4512/3536 3680/4511/3535
f 3683/4480/3504 3680/4511/3535 3681/4514/3538 3658/4474/3500
f 3684/4519/3543 3682/4517/3541 3680/4511/3535 3683/4480/3504
f 3685/4520/3509 3684/4519/3543 3683/4480/3504 3657/4479/3503
f 3684/4519/3543 3686/4521/3544 3688/4522/3545 3682/4517/3541
f 3685/4520/3509 3687/4523/3546 3686/4521/3544 3684/4519/3543
f 3692/4524/3547 3689/4525/3548 3686/4521/3544 3687/4523/3546
f 3689/4525/3548 3690/4526/3549 3688/4522/3545 3686/4521/3544
f 3690/4526/3549 3689/4525/3548 3691/4527/3550 3712/4528/3551
f 3689/4525/3548 3692/4524/3547 3693/4529/3552 3691/4527/3550
f 3692/4530/3547 3694/4531/3553 3695/4532/3554 3693/4533/3552
f 3694/4531/3553 3692/4530/3547 3687/4534/3546 3697/4535/3555
f 3694/4531/3553 3696/4536/3556 3726/4537/3557 3695/4532/3554
f 3696/4536/3556 3694/4531/3553 3697/4535/3555 3698/4538/3558
f 3664/4483/3507 3698/4538/3558 3697/4535/3555 3662/4484/3508
f 3662/4484/3508 3697/4535/3555 3687/4534/3546 3685/4485/3509
f 3702/4539/3559 3700/4540/3560 3833/4541/3561 3836/4542/3562
f 3825/4495/3519 3660/4482/3506 3781/4468/3496 3844/4543/3563
f 3835/4544/3564 3834/4486/3510 3699/4489/3513 3708/4545/3565
f 3704/4546/3566 3702/4539/3559 3836/4542/3562 3838/4547/3567
f 3824/4548/3568 3833/4541/3561 3698/4538/3558 3664/4483/3507
f 3696/4536/3556 3700/4540/3560 3701/4549/3569 3726/4537/3557
f 3700/4540/3560 3702/4539/3559 3703/4550/3570 3701/4549/3569
f 3702/4539/3559 3704/4546/3566 3705/4551/3571 3703/4550/3570
f 3837/4509/3533 3835/4544/3564 3708/4545/3565 3706/4510/3534
f 3704/4546/3566 3690/4526/3549 3712/4528/3551 3705/4551/3571
f 3842/4552/3572 3770/4553/3573 3769/4554/3574 3839/4555/3575
f 3681/4514/3538 3832/4513/3537 3839/4555/3575 3769/4554/3574
f 3690/4526/3549 3704/4546/3566 3838/4547/3567 3688/4522/3545
f 3682/4517/3541 3688/4522/3545 3838/4547/3567 3829/4518/3542
f 3679/4505/3529 3706/4510/3534 3707/4556/3576 3675/4504/3528
f 3706/4510/3534 3708/4545/3565 3709/4557/3577 3707/4556/3576
f 3708/4545/3565 3699/4489/3513 3710/4558/3578 3709/4557/3577
f 3673/4501/3525 3709/4557/3577 3710/4558/3578 3670/4497/3521
f 3675/4504/3528 3707/4556/3576 3709/4557/3577 3673/4501/3525
f 3699/4489/3513 3666/4488/3512 3670/4497/3521 3710/4558/3578
f 3874/4559/3579 3867/4560/3580 3711/4561/3581 3734/4562/3582
f 3867/4560/3580 3871/4563/3583 3713/4564/3584 3711/4561/3581
f 3871/4563/3583 3870/4565/3585 3714/4566/3586 3713/4564/3584
f 3718/4567/3587 3715/4568/3588 3713/4564/3584 3714/4566/3586
f 3715/4568/3588 3717/4569/3589 3711/4561/3581 3713/4564/3584
f 3860/4570/3590 3859/4571/3591 3715/4568/3588 3718/4567/3587
f 3859/4571/3591 3866/4572/3592 3717/4569/3589 3715/4568/3588
f 3861/4573/3593 3860/4570/3590 3718/4567/3587 3720/4574/3594
f 3720/4574/3594 3718/4567/3587 3714/4566/3586 3723/4575/3595
f 3865/4576/3596 3861/4577/3593 3720/4578/3594 3722/4579/3597
f 3722/4579/3597 3720/4578/3594 3723/4580/3595 3724/4581/3598
f 3870/4565/3585 3872/4582/3599 3723/4575/3595 3714/4566/3586
f 3872/4583/3599 3868/4584/3600 3724/4581/3598 3723/4580/3595
f 3868/4584/3600 3873/4585/3601 3725/4586/3602 3724/4581/3598
f 3728/4587/3603 3722/4579/3597 3724/4581/3598 3725/4586/3602
f 3873/4585/3601 3869/4588/3604 3727/4589/3605 3725/4586/3602
f 3730/4590/3606 3728/4587/3603 3725/4586/3602 3727/4589/3605
f 3863/4591/3607 3862/4592/3608 3728/4587/3603 3730/4590/3606
f 3862/4592/3608 3865/4576/3596 3722/4579/3597 3728/4587/3603
f 3864/4593/3609 3863/4591/3607 3730/4590/3606 3732/4594/3610
f 3732/4594/3610 3730/4590/3606 3727/4589/3605 3734/4562/3582
f 3866/4572/3592 3864/4593/3609 3732/4594/3610 3717/4569/3589
f 3717/4569/3589 3732/4594/3610 3734/4562/3582 3711/4561/3581
f 3869/4588/3604 3874/4559/3579 3734/4562/3582 3727/4589/3605
f 3851/4595/3611 3858/4596/3611 3731/4597/3612 3733/4598/3613
f 3857/4599/3611 3851/4595/3611 3733/4598/3613 3735/4600/3614
f 3737/4601/3615 3736/4602/3616 3739/4603/3617 3740/4604/3618
f 3736/4602/3616 3738/4605/3619 3741/4606/3620 3739/4603/3617
f 3740/4604/3618 3739/4603/3617 3742/4607/3621 3744/4608/3622
f 3739/4603/3617 3741/4606/3620 3745/4609/3623 3742/4607/3621
f 3742/4607/3621 3745/4609/3623 3747/4610/3624 3743/4611/3625
f 3744/4608/3622 3742/4607/3621 3743/4611/3625 3768/4612/3626
f 3745/4609/3623 3746/4613/3627 3748/4614/3628 3747/4610/3624
f 3741/4606/3620 3767/4615/3629 3746/4613/3627 3745/4609/3623
f 3746/4613/3627 3750/4616/3630 3749/4617/3631 3748/4614/3628
f 3750/4616/3630 3752/4618/3632 3751/4619/3633 3749/4617/3631
f 3752/4620/3632 3755/4621/3634 3753/4622/3635 3751/4623/3633
f 3755/4621/3634 3757/4624/3636 3754/4625/3637 3753/4622/3635
f 3763/4626/3638 3756/4627/3639 3755/4621/3634 3752/4620/3632
f 3756/4627/3639 3758/4628/3640 3757/4624/3636 3755/4621/3634
f 3758/4628/3640 3740/4604/3618 3744/4608/3622 3757/4624/3636
f 3757/4624/3636 3744/4608/3622 3768/4612/3626 3754/4625/3637
f 3759/4629/3641 3737/4601/3615 3740/4604/3618 3758/4628/3640
f 3760/4630/3642 3759/4629/3641 3758/4628/3640 3756/4627/3639
f 3852/4631/3611 3853/4632/3611 3762/4633/3643 3729/4634/3644
f 3858/4596/3611 3852/4631/3611 3729/4634/3644 3731/4597/3612
f 3761/4635/3645 3760/4630/3642 3756/4627/3639 3763/4626/3638
f 3853/4632/3611 3854/4636/3611 3721/4637/3646 3762/4633/3643
f 3764/4638/3647 3761/4639/3645 3763/4640/3638 3766/4641/3648
f 3854/4642/3611 3855/4643/3611 3719/4644/3649 3721/4645/3646
f 3765/4646/3650 3764/4638/3647 3766/4641/3648 3767/4615/3629
f 3855/4643/3611 3856/4647/3611 3716/4648/3651 3719/4644/3649
f 3766/4641/3648 3763/4640/3638 3752/4618/3632 3750/4616/3630
f 3767/4615/3629 3766/4641/3648 3750/4616/3630 3746/4613/3627
f 3738/4605/3619 3765/4646/3650 3767/4615/3629 3741/4606/3620
f 3856/4647/3611 3857/4599/3611 3735/4600/3614 3716/4648/3651
f 3831/4516/3540 3678/4507/3531 3771/4649/3652 3840/4650/3653
f 3658/4474/3500 3681/4514/3538 3769/4554/3574 3655/4472/3498
f 3770/4553/3573 3653/4469/3497 3655/4472/3498 3769/4554/3574
f 3772/4651/3654 3841/4652/3655 3840/4650/3653 3771/4649/3652
f 3770/4553/3573 3842/4552/3572 3850/4451/3484 3787/4450/3483
f 3700/4540/3560 3696/4536/3556 3698/4538/3558 3833/4541/3561
f 3774/4653/3656 3772/4651/3654 3771/4649/3652 3773/4654/3657
f 3678/4507/3531 3676/4503/3527 3773/4654/3657 3771/4649/3652
f 3776/4655/3658 3774/4653/3656 3773/4654/3657 3775/4656/3659
f 3676/4503/3527 3672/4500/3524 3775/4656/3659 3773/4654/3657
f 3778/4657/3660 3776/4655/3658 3775/4656/3659 3777/4658/3661
f 3672/4500/3524 3669/4498/3522 3777/4658/3661 3775/4656/3659
f 3777/4658/3661 3779/4659/3662 3780/4660/3663 3778/4657/3660
f 3779/4659/3662 3777/4658/3661 3669/4498/3522 3667/4491/3515
f 3651/4465/3493 3845/4661/3664 3844/4543/3563 3781/4468/3496
f 3830/4508/3532 3679/4505/3529 3677/4506/3530 3827/4515/3539
f 3848/4662/3665 3782/4663/3666 3780/4660/3663 3846/4664/3667
f 3843/4665/3668 3779/4659/3662 3667/4491/3515 3826/4490/3514
f 3845/4661/3664 3651/4465/3493 3648/4433/3471 3847/4432/3470
f 3818/4449/3482 3820/4666/3669 3638/4445/3479 3637/4444/3478
f 3848/4662/3665 3815/4426/3464 3630/4427/3465 3782/4663/3666
f 3782/4663/3666 3630/4427/3465 3632/4435/3473 3783/4667/3670
f 3782/4663/3666 3783/4667/3670 3778/4657/3660 3780/4660/3663
f 3776/4655/3658 3778/4657/3660 3783/4667/3670 3784/4668/3671
f 3634/4438/3475 3784/4668/3671 3783/4667/3670 3632/4435/3473
f 3774/4653/3656 3776/4655/3658 3784/4668/3671 3785/4669/3672
f 3636/4441/3477 3785/4669/3672 3784/4668/3671 3634/4438/3475
f 3772/4651/3654 3774/4653/3656 3785/4669/3672 3786/4670/3673
f 3638/4445/3479 3786/4670/3673 3785/4669/3672 3636/4441/3477
f 3779/4659/3662 3843/4665/3668 3846/4664/3667 3780/4660/3663
f 3824/4548/3568 3664/4483/3507 3663/4481/3505 3821/4494/3518
f 3841/4652/3655 3772/4651/3654 3786/4670/3673 3849/4671/3674
f 3820/4666/3669 3849/4671/3674 3786/4670/3673 3638/4445/3479
f 3653/4469/3497 3770/4553/3573 3787/4450/3483 3788/4462/3490
f 3642/4454/3486 3788/4462/3490 3787/4450/3483 3640/4446/3480
f 3623/4414/3442 3620/4411/3442 3789/4366/3442 3596/4379/3442
f 3620/4411/3442 3617/4408/3442 3614/4367/3442 3789/4366/3442
f 3802/4371/3442 3809/4406/3442 3611/4395/3442 3790/4372/3442
f 3804/4377/3442 3806/4672/3443 3626/4417/3446 3598/4378/3442
f 3790/4372/3442 3611/4395/3442 3608/4394/3442 3606/4391/3442
f 3597/4373/3442 3790/4372/3442 3606/4391/3442 3603/4388/3442
f 3701/4549/3569 3703/4550/3570 3796/4673/3675 3797/4674/3676
f 3726/4537/3557 3701/4549/3569 3797/4674/3676 3795/4675/3677
f 3695/4532/3554 3726/4537/3557 3795/4675/3677 3794/4676/3678
f 3693/4533/3552 3695/4532/3554 3794/4676/3678 3793/4677/3679
f 3691/4527/3550 3693/4529/3552 3793/4678/3679 3798/4679/3680
f 3712/4528/3551 3691/4527/3550 3798/4679/3680 3792/4680/3681
f 3705/4551/3571 3712/4528/3551 3792/4680/3681 3791/4681/3682
f 3703/4550/3570 3705/4551/3571 3791/4681/3682 3796/4673/3675
f 3800/4376/3442 3801/4369/3442 3802/4371/3442 3799/4370/3442
f 3804/4377/3442 3800/4376/3442 3799/4370/3442 3803/4374/3442
f 3806/4672/3443 3804/4377/3442 3803/4374/3442 3805/4384/3447
f 3808/4407/3442 3809/4406/3442 3810/4368/3442 3807/4399/3442
f 3812/4430/3468 3808/4407/3442 3807/4399/3442 3811/4401/3454
f 3814/4381/3444 3806/4380/3443 3805/4423/3447 3813/4422/3462
f 3816/4431/3469 3814/4381/3444 3813/4422/3462 3815/4426/3464
f 3818/4449/3482 3812/4448/3468 3811/4405/3454 3817/4404/3456
f 3820/4666/3669 3818/4449/3482 3817/4404/3456 3819/4447/3481
f 3822/4493/3517 3823/4487/3511 3824/4548/3568 3821/4494/3518
f 3826/4490/3514 3822/4493/3517 3821/4494/3518 3825/4495/3519
f 3828/4512/3536 3829/4518/3542 3830/4508/3532 3827/4515/3539
f 3832/4513/3537 3828/4512/3536 3827/4515/3539 3831/4516/3540
f 3836/4542/3562 3833/4541/3561 3834/4486/3510 3835/4544/3564
f 3833/4541/3561 3824/4548/3568 3823/4487/3511 3834/4486/3510
f 3838/4547/3567 3836/4542/3562 3835/4544/3564 3837/4509/3533
f 3829/4518/3542 3838/4547/3567 3837/4509/3533 3830/4508/3532
f 3842/4552/3572 3839/4555/3575 3840/4650/3653 3841/4652/3655
f 3839/4555/3575 3832/4513/3537 3831/4516/3540 3840/4650/3653
f 3844/4543/3563 3845/4661/3664 3846/4664/3667 3843/4665/3668
f 3843/4665/3668 3826/4490/3514 3825/4495/3519 3844/4543/3563
f 3848/4662/3665 3846/4664/3667 3845/4661/3664 3847/4432/3470
f 3847/4432/3470 3816/4431/3469 3815/4426/3464 3848/4662/3665
f 3850/4451/3484 3842/4552/3572 3841/4652/3655 3849/4671/3674
f 3849/4671/3674 3820/4666/3669 3819/4447/3481 3850/4451/3484
f 3801/4369/3442 3810/4368/3442 3809/4406/3442 3802/4371/3442
f 3596/4379/3442 3789/4366/3442 3801/4369/3442 3800/4376/3442
f 3765/4646/3650 3738/4605/3619 3857/4599/3611 3856/4647/3611
f 3764/4638/3647 3765/4646/3650 3856/4647/3611 3855/4643/3611
f 3761/4639/3645 3764/4638/3647 3855/4643/3611 3854/4642/3611
f 3760/4630/3642 3761/4635/3645 3854/4636/3611 3853/4632/3611
f 3737/4601/3615 3759/4629/3641 3852/4631/3611 3858/4596/3611
f 3759/4629/3641 3760/4630/3642 3853/4632/3611 3852/4631/3611
f 3738/4605/3619 3736/4602/3616 3851/4595/3611 3857/4599/3611
f 3736/4602/3616 3737/4601/3615 3858/4596/3611 3851/4595/3611
f 3735/4600/3614 3733/4598/3613 3864/4593/3609 3866/4572/3592
f 3733/4598/3613 3731/4597/3612 3863/4591/3607 3864/4593/3609
f 3729/4634/3644 3762/4633/3643 3865/4576/3596 3862/4592/3608
f 3731/4597/3612 3729/4634/3644 3862/4592/3608 3863/4591/3607
f 3762/4633/3643 3721/4637/3646 3861/4577/3593 3865/4576/3596
f 3721/4645/3646 3719/4644/3649 3860/4570/3590 3861/4573/3593
f 3716/4648/3651 3735/4600/3614 3866/4572/3592 3859/4571/3591
f 3719/4644/3649 3716/4648/3651 3859/4571/3591 3860/4570/3590
f 3881/4682/3683 3878/4683/3684 3874/4559/3579 3869/4588/3604
f 3877/4684/3685 3881/4682/3683 3869/4588/3604 3873/4585/3601
f 3880/4685/3686 3877/4684/3685 3873/4585/3601 3868/4584/3600
f 3876/4686/3687 3880/4685/3686 3868/4584/3600 3872/4583/3599
f 3882/4687/3688 3876/4688/3687 3872/4582/3599 3870/4565/3585
f 3875/4689/3689 3882/4687/3688 3870/4565/3585 3871/4563/3583
f 3879/4690/3690 3875/4689/3689 3871/4563/3583 3867/4560/3580
f 3878/4683/3684 3879/4690/3690 3867/4560/3580 3874/4559/3579
f 3796/4673/3675 3791/4681/3682 3879/4690/3690 3878/4683/3684
f 3791/4681/3682 3792/4680/3681 3875/4689/3689 3879/4690/3690
f 3792/4680/3681 3798/4679/3680 3882/4687/3688 3875/4689/3689
f 3798/4679/3680 3793/4678/3679 3876/4688/3687 3882/4687/3688
f 3793/4677/3679 3794/4676/3678 3880/4685/3686 3876/4686/3687
f 3794/4676/3678 3795/4675/3677 3877/4684/3685 3880/4685/3686
f 3795/4675/3677 3797/4674/3676 3881/4682/3683 3877/4684/3685
f 3797/4674/3676 3796/4673/3675 3878/4683/3684 3881/4682/3683
f 3912/4691/3691 3907/4692/3692 3902/4693/3693 3900/4694/3694
f 3916/4695/3695 3905/4696/3696 3903/4697/3697 3898/4698/3698
f 3921/4699/3699 3924/4700/3700 3892/4701/3701 3893/4702/3702
f 3899/4703/3703 3901/4704/3704 3908/4705/3705 3911/4706/3706
f 3924/4700/3700 3919/4707/3707 3884/4708/3708 3892/4701/3701
f 3897/4709/3709 3904/4710/3710 3906/4711/3711 3915/4712/3712
f 3925/4713/3713 3921/4699/3699 3893/4702/3702 3895/4714/3714
f 3896/4715/3715 3894/4716/3716 3922/4717/3717 3926/4718/3718
f 3894/4716/3716 3891/4719/3719 3923/4720/3720 3922/4717/3717
f 3891/4719/3719 3883/4721/3721 3920/4722/3722 3923/4720/3720
f 3918/4723/3723 3925/4713/3713 3895/4714/3714 3890/4724/3724
f 3914/4725/3725 3912/4691/3691 3900/4694/3694 3886/4726/3726
f 3889/4727/3727 3896/4715/3715 3926/4718/3718 3917/4728/3728
f 3901/4704/3704 3884/4708/3708 3919/4707/3707 3908/4705/3705
f 3904/4710/3710 3889/4727/3727 3917/4728/3728 3906/4711/3711
f 3888/4729/3729 3897/4709/3709 3915/4712/3712 3909/4730/3730
f 3885/4731/3731 3899/4703/3703 3911/4706/3706 3913/4732/3732
f 3910/4733/3733 3916/4695/3695 3898/4698/3698 3887/4734/3734
f 3907/4692/3692 3920/4722/3722 3883/4721/3721 3902/4693/3693
f 3920/4722/3722 3907/4692/3692 3908/4705/3705 3919/4707/3707
f 3918/4723/3723 3905/4696/3696 3906/4711/3711 3917/4728/3728
f 3924/4700/3700 3921/4699/3699 3922/4717/3717 3923/4720/3720
f 3919/4707/3707 3924/4700/3700 3923/4720/3720 3920/4722/3722
f 3921/4699/3699 3925/4713/3713 3926/4718/3718 3922/4717/3717
f 3925/4713/3713 3918/4723/3723 3917/4728/3728 3926/4718/3718
f 3916/4695/3695 3910/4733/3733 3909/4730/3730 3915/4712/3712
f 3912/4691/3691 3914/4725/3725 3913/4732/3732 3911/4706/3706
f 3907/4692/3692 3912/4691/3691 3911/4706/3706 3908/4705/3705
f 3905/4696/3696 3916/4695/3695 3915/4712/3712 3906/4711/3711
f 3905/4696/3696 3918/4723/3723 3890/4724/3724 3903/4697/3697
f 3956/4735/3735 3944/4736/3736 3946/4737/3737 3951/4738/3738
f 3960/4739/3739 3942/4740/3740 3947/4741/3741 3949/4742/3742
f 3965/4743/3743 3937/4744/3744 3936/4745/3745 3968/4746/3746
f 3943/4747/3747 3955/4748/3748 3952/4749/3749 3945/4750/3750
f 3968/4746/3746 3936/4745/3745 3928/4751/3751 3963/4752/3752
f 3941/4753/3753 3959/4754/3754 3950/4755/3755 3948/4756/3756
f 3969/4757/3757 3939/4758/3758 3937/4744/3744 3965/4743/3743
f 3940/4759/3759 3970/4760/3760 3966/4761/3761 3938/4762/3762
f 3938/4762/3762 3966/4761/3761 3967/4763/3763 3935/4764/3764
f 3935/4764/3764 3967/4763/3763 3964/4765/3765 3927/4766/3766
f 3962/4767/3767 3934/4768/3768 3939/4758/3758 3969/4757/3757
f 3958/4769/3769 3930/4770/3770 3944/4736/3736 3956/4735/3735
f 3933/4771/3771 3961/4772/3772 3970/4760/3760 3940/4759/3759
f 3945/4750/3750 3952/4749/3749 3963/4752/3752 3928/4751/3751
f 3948/4756/3756 3950/4755/3755 3961/4772/3772 3933/4771/3771
f 3932/4773/3773 3953/4774/3774 3959/4754/3754 3941/4753/3753
f 3929/4775/3775 3957/4776/3776 3955/4748/3748 3943/4747/3747
f 3954/4777/3777 3931/4778/3778 3942/4740/3740 3960/4739/3739
f 3951/4738/3738 3946/4737/3737 3927/4766/3766 3964/4765/3765
f 3964/4765/3765 3963/4752/3752 3952/4749/3749 3951/4738/3738
f 3962/4767/3767 3961/4772/3772 3950/4755/3755 3949/4742/3742
f 3968/4746/3746 3967/4763/3763 3966/4761/3761 3965/4743/3743
f 3963/4752/3752 3964/4765/3765 3967/4763/3763 3968/4746/3746
f 3965/4743/3743 3966/4761/3761 3970/4760/3760 3969/4757/3757
f 3969/4757/3757 3970/4760/3760 3961/4772/3772 3962/4767/3767
f 3960/4739/3739 3959/4754/3754 3953/4774/3774 3954/4777/3777
f 3956/4735/3735 3955/4748/3748 3957/4776/3776 3958/4769/3769
f 3951/4738/3738 3952/4749/3749 3955/4748/3748 3956/4735/3735
f 3949/4742/3742 3950/4755/3755 3959/4754/3754 3960/4739/3739
f 3949/4742/3742 3947/4741/3741 3934/4768/3768 3962/4767/3767
f 3895/4714/3714 3893/4702/3702 3992/4779/3779 3995/4780/3780
f 3894/4716/3716 3896/4715/3715 3998/4781/3781 3993/4782/3782
f 3891/4719/3719 3894/4716/3716 3993/4782/3782 3987/4783/3783
f 4017/4784/3784 3980/4785/3785 3931/4786/3778 3954/4787/3777
f 3975/4788/3786 4020/4789/3787 3957/4790/3776 3929/4791/3775
f 3884/4708/3708 3901/4704/3704 4008/4792/3788 3973/4793/3789
f 3888/4729/3729 3909/4730/3730 4015/4794/3790 3982/4795/3791
f 3898/4698/3698 3903/4697/3697 4012/4796/3792 4001/4797/3793
f 4011/4798/3794 3986/4799/3795 3934/4800/3768 3947/4801/3741
f 3981/4802/3796 4016/4803/3797 3953/4804/3774 3932/4805/3773
f 3990/4806/3798 3974/4807/3799 3928/4808/3751 3936/4809/3745
f 3893/4702/3702 3892/4701/3701 3989/4810/3800 3992/4779/3779
f 3988/4811/3801 3994/4812/3802 3938/4813/3762 3935/4814/3764
f 3889/4727/3727 3904/4710/3710 4014/4815/3803 3983/4816/3804
f 3885/4731/3731 3913/4732/3732 4019/4817/3805 3976/4818/3806
f 3900/4694/3694 3902/4693/3693 4010/4819/3807 4006/4820/3808
f 3901/4704/3704 3899/4703/3703 4003/4821/3809 4008/4792/3788
f 3883/4721/3721 3891/4719/3719 3987/4783/3783 3971/4822/3810
f 3890/4724/3724 3895/4714/3714 3995/4780/3780 3985/4823/3811
f 3904/4710/3710 3897/4709/3709 3999/4824/3812 4014/4815/3803
f 3909/4730/3730 3910/4733/3733 4018/4825/3813 4015/4794/3790
f 3913/4732/3732 3914/4725/3725 4022/4826/3814 4019/4817/3805
f 3887/4734/3734 3898/4698/3698 4001/4797/3793 3979/4827/3815
f 3897/4709/3709 3888/4729/3729 3982/4795/3791 3999/4824/3812
f 3886/4726/3726 3900/4694/3694 4006/4820/3808 3977/4828/3816
f 3899/4703/3703 3885/4731/3731 3976/4818/3806 4003/4821/3809
f 4021/4829/3817 3978/4830/3818 3930/4831/3770 3958/4832/3769
f 3978/4830/3818 4005/4833/3819 3944/4834/3736 3930/4831/3770
f 3997/4835/3820 3984/4836/3821 3933/4837/3771 3940/4838/3759
f 3980/4785/3785 4002/4839/3822 3942/4840/3740 3931/4786/3778
f 4020/4789/3787 4021/4829/3817 3958/4832/3769 3957/4790/3776
f 4002/4839/3822 4011/4798/3794 3947/4801/3741 3942/4840/3740
f 3986/4799/3795 3996/4841/3823 3939/4842/3758 3934/4800/3768
f 3972/4843/3824 3988/4811/3801 3935/4814/3764 3927/4844/3766
f 4005/4833/3819 4009/4845/3825 3946/4846/3737 3944/4834/3736
f 4016/4803/3797 4017/4784/3784 3954/4787/3777 3953/4804/3774
f 4004/4847/3826 3975/4788/3786 3929/4791/3775 3943/4848/3747
f 3984/4836/3821 4013/4849/3827 3948/4850/3756 3933/4837/3771
f 3903/4697/3697 3890/4724/3724 3985/4823/3811 4012/4796/3792
f 3996/4841/3823 3991/4851/3828 3937/4852/3744 3939/4842/3758
f 3902/4693/3693 3883/4721/3721 3971/4822/3810 4010/4819/3807
f 3910/4733/3733 3887/4734/3734 3979/4827/3815 4018/4825/3813
f 3896/4715/3715 3889/4727/3727 3983/4816/3804 3998/4781/3781
f 4007/4853/3829 4004/4847/3826 3943/4848/3747 3945/4854/3750
f 4000/4855/3830 3981/4802/3796 3932/4805/3773 3941/4856/3753
f 3974/4807/3799 4007/4853/3829 3945/4854/3750 3928/4808/3751
f 3892/4701/3701 3884/4708/3708 3973/4793/3789 3989/4810/3800
f 3914/4725/3725 3886/4726/3726 3977/4828/3816 4022/4826/3814
f 3991/4851/3828 3990/4806/3798 3936/4809/3745 3937/4852/3744
f 4013/4849/3827 4000/4855/3830 3941/4856/3753 3948/4850/3756
f 3994/4812/3802 3997/4835/3820 3940/4838/3759 3938/4813/3762
f 4020/4789/3787 3975/4788/3786 3976/4818/3806 4019/4817/3805
f 3978/4830/3818 4021/4829/3817 4022/4826/3814 3977/4828/3816
f 4016/4803/3797 3981/4802/3796 3982/4795/3791 4015/4794/3790
f 3980/4785/3785 4017/4784/3784 4018/4825/3813 3979/4827/3815
f 4021/4829/3817 4020/4789/3787 4019/4817/3805 4022/4826/3814
f 4017/4784/3784 4016/4803/3797 4015/4794/3790 4018/4825/3813
f 4000/4855/3830 4013/4849/3827 4014/4815/3803 3999/4824/3812
f 3986/4799/3795 4011/4798/3794 4012/4796/3792 3985/4823/3811
f 3972/4843/3824 4009/4845/3825 4010/4819/3807 3971/4822/3810
f 4004/4847/3826 4007/4853/3829 4008/4792/3788 4003/4821/3809
f 4009/4845/3825 4005/4833/3819 4006/4820/3808 4010/4819/3807
f 3975/4788/3786 4004/4847/3826 4003/4821/3809 3976/4818/3806
f 3984/4836/3821 3997/4835/3820 3998/4781/3781 3983/4816/3804
f 3996/4841/3823 3986/4799/3795 3985/4823/3811 3995/4780/3780
f 3990/4806/3798 3991/4851/3828 3992/4779/3779 3989/4810/3800
f 3988/4811/3801 3972/4843/3824 3971/4822/3810 3987/4783/3783
f 4002/4839/3822 3980/4785/3785 3979/4827/3815 4001/4797/3793
f 4013/4849/3827 3984/4836/3821 3983/4816/3804 4014/4815/3803
f 4011/4798/3794 4002/4839/3822 4001/4797/3793 4012/4796/3792
f 3981/4802/3796 4000/4855/3830 3999/4824/3812 3982/4795/3791
f 3974/4807/3799 3990/4806/3798 3989/4810/3800 3973/4793/3789
f 4007/4853/3829 3974/4807/3799 3973/4793/3789 4008/4792/3788
f 4005/4833/3819 3978/4830/3818 3977/4828/3816 4006/4820/3808
f 3994/4812/3802 3988/4811/3801 3987/4783/3783 3993/4782/3782
f 3997/4835/3820 3994/4812/3802 3993/4782/3782 3998/4781/3781
f 3991/4851/3828 3996/4841/3823 3995/4780/3780 3992/4779/3779
f 4009/4845/3825 3972/4843/3824 3927/4844/3766 3946/4846/3737
o Knit_Skirt_Cube.014
v 0.091129 1.087920 -0.040496
v 0.029481 1.087920 -0.056617
v 0.098625 1.087920 0.081482
v 0.109085 1.087920 0.017163
v 0.049301 1.087920 0.111233
v 0.063897 1.029565 0.126453
v 0.114659 1.029565 0.092526
v 0.142767 1.034961 0.016689
v 0.116986 1.047932 -0.063306
v 0.043587 1.047932 -0.096724
v 0.066520 0.911443 0.141626
v 0.078128 0.697978 0.120559
v 0.143772 0.697978 0.108792
v 0.188205 0.697978 0.015908
v 0.143772 0.697978 -0.078936
v 0.078128 0.697978 -0.086994
v 0.059771 0.919589 -0.126539
v 0.154627 0.931394 -0.103123
v 0.177673 0.919840 0.016773
v 0.134441 0.919840 0.114837
v 0.071098 0.789571 -0.088279
v 0.135937 0.789571 -0.069126
v 0.181954 0.789571 0.016689
v 0.138185 0.789571 0.106302
v 0.071098 0.789571 0.131402
v 0.134455 0.851269 -0.083259
v 0.134222 0.851269 0.108805
v 0.066520 0.851269 0.137516
v 0.067211 0.851269 -0.100906
v 0.178314 0.851269 0.016773
v 0.046386 0.988656 -0.128623
v 0.138851 0.999233 -0.098075
v 0.163092 0.981386 0.016689
v 0.133252 0.974625 0.110929
v 0.066963 0.974625 0.133739
v 0.145214 0.870423 -0.091237
v 0.134332 0.870423 0.111821
v 0.066520 0.870423 0.138383
v 0.064452 0.870423 -0.112882
v 0.176692 0.870423 0.016773
v 0.000000 1.087920 -0.055253
v 0.030397 1.087920 -0.064853
v 0.097406 1.087920 -0.045808
v 0.000000 1.087920 -0.064193
v 0.052783 1.087920 0.114885
v 0.103705 1.087920 0.084175
v 0.116990 1.087920 0.016895
v 0.105838 1.065185 0.085196
v 0.031722 1.065185 -0.078303
v 0.104741 1.065185 -0.057093
v 0.054667 1.065185 0.118329
v 0.126139 1.065185 0.014387
v -0.091128 1.087920 -0.040496
v -0.029481 1.087920 -0.056617
v -0.098624 1.087920 0.081482
v -0.109084 1.087920 0.017163
v -0.049300 1.087920 0.111233
v -0.063896 1.029565 0.126453
v -0.114658 1.029565 0.092526
v -0.142767 1.034961 0.016689
v -0.116985 1.047932 -0.063306
v -0.043586 1.047932 -0.096724
v -0.066519 0.911443 0.141626
v -0.078128 0.697978 0.120559
v -0.143772 0.697978 0.108792
v -0.188204 0.697978 0.015908
v -0.143772 0.697978 -0.078936
v -0.078128 0.697978 -0.086994
v -0.059770 0.919589 -0.126539
v -0.154627 0.931394 -0.103123
v -0.177672 0.919840 0.016773
v -0.134440 0.919840 0.114837
v -0.071098 0.789571 -0.088279
v -0.135936 0.789571 -0.069126
v -0.181953 0.789571 0.016689
v -0.138185 0.789571 0.106302
v -0.071098 0.789571 0.131402
v 0.000000 0.697978 -0.086994
v -0.134454 0.851269 -0.083259
v -0.134222 0.851269 0.108805
v -0.066519 0.851269 0.137516
v 0.000000 0.789571 -0.089842
v -0.067210 0.851269 -0.100906
v -0.178313 0.851269 0.016773
v -0.046385 0.988656 -0.128623
v -0.138851 0.999233 -0.098075
v -0.163091 0.981386 0.016689
v -0.133251 0.974625 0.110929
v -0.066962 0.974625 0.133739
v 0.000000 0.851269 -0.105160
v 0.000000 0.870423 -0.112882
v -0.145213 0.870423 -0.091237
v -0.134331 0.870423 0.111821
v -0.066519 0.870423 0.138383
v 0.000000 0.789571 0.136144
v -0.064451 0.870423 -0.112882
v -0.176691 0.870423 0.016773
v 0.000000 1.087920 0.112886
v 0.000000 1.029565 0.131066
v 0.000000 1.047932 -0.094686
v 0.000000 0.911443 0.144926
v 0.000000 0.697978 0.125302
v 0.000000 0.851269 0.142391
v 0.000000 0.870423 0.143258
v 0.000000 0.922264 -0.123143
v 0.000000 0.992099 -0.124228
v 0.000000 0.974625 0.142768
v 0.000000 1.087920 0.117008
v -0.030397 1.087920 -0.064853
v -0.097405 1.087920 -0.045808
v -0.052783 1.087920 0.114885
v -0.103704 1.087920 0.084175
v -0.116989 1.087920 0.016895
v 0.000000 1.065185 -0.076361
v -0.105837 1.065185 0.085196
v 0.000000 1.065185 0.120821
v -0.031721 1.065185 -0.078303
v -0.104740 1.065185 -0.057093
v -0.054667 1.065185 0.118329
v -0.126138 1.065185 0.014387
v 0.091768 1.065185 -0.040941
v 0.029688 1.065185 -0.057174
v 0.099317 1.065185 0.081894
v 0.109850 1.065185 0.017124
v 0.049646 1.065185 0.111853
v 0.000000 1.065185 -0.055801
v -0.091767 1.065185 -0.040941
v -0.029688 1.065185 -0.057174
v -0.099316 1.065185 0.081894
v -0.109849 1.065185 0.017124
v -0.049646 1.065185 0.111853
v 0.000000 1.065185 0.113517
v 0.000000 1.085913 0.122151
v 0.031930 1.085913 -0.070113
v 0.102914 1.085913 -0.049688
v 0.055783 1.085913 0.119849
v 0.123671 1.085913 0.016752
v 0.000000 1.085913 -0.069433
v 0.109283 1.085913 0.087591
v -0.031929 1.085913 -0.070113
v -0.102913 1.085913 -0.049688
v -0.055782 1.085913 0.119849
v -0.123670 1.085913 0.016752
v -0.109283 1.085913 0.087591
v -0.049300 1.085238 0.111233
v 0.000000 1.085238 0.112886
v -0.029481 1.085238 -0.056617
v -0.091128 1.085238 -0.040496
v 0.049301 1.085238 0.111233
v 0.098625 1.085238 0.081482
v -0.109084 1.085238 0.017163
v 0.091129 1.085238 -0.040496
v 0.029481 1.085238 -0.056617
v -0.098624 1.085238 0.081482
v 0.000000 1.085238 -0.055253
v 0.109085 1.085238 0.017163
v 0.000000 1.068378 0.113517
v -0.091767 1.068378 -0.040941
v 0.099317 1.068378 0.081894
v -0.109849 1.068378 0.017124
v 0.029688 1.068378 -0.057174
v -0.099316 1.068378 0.081894
v 0.000000 1.068378 -0.055801
v -0.049646 1.068378 0.111853
v -0.029688 1.068378 -0.057174
v 0.049646 1.068378 0.111853
v 0.091768 1.068378 -0.040941
v 0.109850 1.068378 0.017124
v 0.000000 1.066924 -0.080244
v 0.110817 1.066924 0.088338
v -0.110817 1.066924 0.088338
v 0.000000 1.066924 0.123255
v 0.033310 1.066924 -0.080994
v 0.109417 1.066924 -0.059108
v 0.057095 1.066924 0.120705
v 0.131710 1.066924 0.014134
v -0.033310 1.066924 -0.080994
v -0.109416 1.066924 -0.059108
v -0.057094 1.066924 0.120705
v -0.131709 1.066924 0.014134
v 0.076476 0.719503 -0.087296
v 0.186736 0.719503 0.016091
v 0.141931 0.719503 -0.076630
v 0.142459 0.719503 0.108207
v 0.076476 0.719503 0.123107
v -0.076475 0.719503 -0.087296
v -0.186735 0.719503 0.016091
v 0.000000 0.719503 -0.087663
v -0.141930 0.719503 -0.076630
v -0.142459 0.719503 0.108207
v -0.076475 0.719503 0.123107
v 0.000000 0.719503 0.127850
v 0.080811 0.715115 -0.092612
v 0.081789 0.702366 -0.092433
v 0.196731 0.715105 0.016011
v 0.197600 0.702377 0.015902
v -0.081789 0.702366 -0.092433
v -0.080810 0.715115 -0.092612
v -0.197599 0.702377 0.015902
v -0.196730 0.715105 0.016011
v 0.000000 0.715112 -0.092914
v 0.000000 0.702369 -0.092518
v 0.150781 0.702410 -0.083355
v 0.149698 0.715071 -0.081999
v 0.150129 0.715102 0.113067
v 0.150905 0.702380 0.113413
v 0.081786 0.702407 0.126514
v 0.080814 0.715075 0.128013
v -0.149697 0.715071 -0.081999
v -0.150780 0.702410 -0.083355
v -0.150905 0.702380 0.113413
v -0.150129 0.715102 0.113067
v -0.080813 0.715075 0.128013
v -0.081785 0.702407 0.126514
v 0.000000 0.715071 0.133001
v 0.000000 0.702410 0.131502
v 0.000000 1.083229 0.122307
v 0.000000 1.069601 0.123099
v 0.033075 1.070170 -0.079135
v 0.032167 1.082660 -0.071977
v 0.104020 1.082682 -0.051291
v 0.108313 1.070148 -0.057509
v 0.056910 1.069603 0.120584
v 0.055968 1.083227 0.119970
v 0.124997 1.082780 0.016320
v 0.130387 1.070050 0.014565
v -0.032166 1.082660 -0.071977
v -0.033074 1.070170 -0.079135
v -0.108312 1.070148 -0.057509
v -0.104020 1.082682 -0.051291
v -0.055968 1.083227 0.119970
v -0.056909 1.069603 0.120584
v -0.130386 1.070050 0.014565
v -0.124996 1.082780 0.016320
v 0.000000 1.070171 -0.078395
v 0.000000 1.082658 -0.071286
v 0.110599 1.069621 0.088232
v 0.109502 1.083209 0.087697
v -0.109501 1.083209 0.087697
v -0.110599 1.069621 0.088232
v 0.141636 0.722949 -0.076261
v 0.142249 0.722949 0.108113
v 0.076212 0.722949 0.123515
v -0.141635 0.722949 -0.076261
v -0.142249 0.722949 0.108113
v -0.076211 0.722949 0.123515
v 0.000000 0.722949 0.128258
v 0.076212 0.722949 -0.087344
v 0.186500 0.722949 0.016121
v -0.076211 0.722949 -0.087344
v -0.186500 0.722949 0.016121
v 0.000000 0.722949 -0.087771
vt 0.909708 0.306830
vt 0.916714 0.254188
vt 0.921916 0.254976
vt 0.913823 0.307799
vt 0.819835 0.348538
vt 0.817765 0.302890
vt 0.858750 0.304374
vt 0.859191 0.348301
vt 0.871043 0.113448
vt 0.823023 0.104697
vt 0.837489 0.063201
vt 0.889153 0.084687
vt 0.908258 0.352404
vt 0.911472 0.354335
vt 0.927032 0.203800
vt 0.933163 0.205276
vt 0.782776 0.303141
vt 0.788619 0.234020
vt 0.830212 0.240592
vt 0.813543 0.164893
vt 0.852869 0.170880
vt 0.954550 0.154212
vt 0.968229 0.134373
vt 0.973935 0.138173
vt 0.959974 0.157714
vt 0.820546 0.394447
vt 0.860591 0.394058
vt 0.631912 0.212109
vt 0.624252 0.211198
vt 0.636911 0.137793
vt 0.642191 0.141090
vt 0.636478 0.397276
vt 0.631307 0.397376
vt 0.632127 0.335728
vt 0.637270 0.338516
vt 0.656890 0.703323
vt 0.661788 0.699715
vt 0.675582 0.761230
vt 0.670136 0.762452
vt 0.639980 0.287147
vt 0.634113 0.284407
vt 0.641411 0.213499
vt 0.649199 0.214526
vt 0.909163 0.393722
vt 0.912214 0.393707
vt 0.742568 0.226572
vt 0.699214 0.220175
vt 0.712296 0.147996
vt 0.761067 0.151264
vt 0.736305 0.298014
vt 0.691885 0.292160
vt 0.734606 0.349241
vt 0.690236 0.344450
vt 0.721545 0.096110
vt 0.770244 0.100699
vt 0.776362 0.156221
vt 0.786633 0.100451
vt 0.748106 0.349581
vt 0.749543 0.300105
vt 0.755416 0.228654
vt 0.776728 0.394995
vt 0.776301 0.350415
vt 0.889570 0.190389
vt 0.914090 0.136960
vt 0.868041 0.246263
vt 0.931419 0.110428
vt 0.933650 0.140919
vt 0.904957 0.193732
vt 0.938011 0.639110
vt 0.936547 0.641096
vt 0.907732 0.590823
vt 0.909960 0.588155
vt 0.903761 0.351274
vt 0.904747 0.393746
vt 0.964479 0.131812
vt 0.950197 0.152341
vt 0.921902 0.203051
vt 0.911638 0.253464
vt 0.904750 0.306188
vt 0.892136 0.248587
vt 0.886408 0.305111
vt 0.886883 0.351665
vt 0.887194 0.393854
vt 0.947099 0.120051
vt 0.910704 0.480080
vt 0.914767 0.479070
vt 0.923290 0.531131
vt 0.918212 0.531944
vt 0.820853 0.440264
vt 0.859998 0.439711
vt 0.860365 0.483299
vt 0.819845 0.485627
vt 0.876972 0.669535
vt 0.895495 0.696704
vt 0.846226 0.719561
vt 0.830587 0.679729
vt 0.908702 0.434902
vt 0.911881 0.432944
vt 0.934809 0.579149
vt 0.928908 0.580676
vt 0.833604 0.546770
vt 0.792866 0.554302
vt 0.785190 0.486242
vt 0.857597 0.614334
vt 0.819372 0.621352
vt 0.956289 0.627926
vt 0.961412 0.624502
vt 0.974960 0.642662
vt 0.969684 0.646426
vt 0.672249 0.698223
vt 0.678026 0.699866
vt 0.690779 0.757709
vt 0.685611 0.758901
vt 0.796108 0.053326
vt 0.639526 0.455844
vt 0.634515 0.458815
vt 0.656042 0.578199
vt 0.667507 0.650333
vt 0.660981 0.649204
vt 0.648396 0.579511
vt 0.644170 0.506756
vt 0.638461 0.509697
vt 0.806294 0.730852
vt 0.795234 0.685206
vt 0.779202 0.685573
vt 0.790860 0.734288
vt 0.731664 0.691919
vt 0.743535 0.744860
vt 0.680664 0.699475
vt 0.693373 0.757077
vt 0.747736 0.563036
vt 0.768402 0.636408
vt 0.720643 0.641353
vt 0.705207 0.570808
vt 0.739294 0.492653
vt 0.695452 0.499904
vt 0.736027 0.441832
vt 0.692017 0.448030
vt 0.780187 0.050455
vt 0.731471 0.041679
vt 0.679926 0.031370
vt 0.669366 0.090492
vt 0.783230 0.631030
vt 0.749453 0.441089
vt 0.748173 0.395392
vt 0.777491 0.439459
vt 0.752344 0.490178
vt 0.760325 0.560578
vt 0.734710 0.395594
vt 0.690099 0.396311
vt 0.892849 0.594403
vt 0.917834 0.645438
vt 0.870640 0.540410
vt 0.935282 0.670380
vt 0.966199 0.648961
vt 0.952160 0.629795
vt 0.904248 0.436080
vt 0.923959 0.581490
vt 0.913252 0.532704
vt 0.905809 0.480780
vt 0.887692 0.482104
vt 0.894218 0.537732
vt 0.887467 0.435919
vt 0.949971 0.660695
vt 0.927628 0.432542
vt 0.927587 0.393611
vt 0.930140 0.393597
vt 0.930156 0.432464
vt 0.974146 0.615983
vt 0.950035 0.572979
vt 0.952338 0.572039
vt 0.976236 0.614675
vt 0.927205 0.354587
vt 0.929634 0.309325
vt 0.932149 0.309572
vt 0.929755 0.354642
vt 0.938054 0.527994
vt 0.940468 0.527491
vt 0.948998 0.211534
vt 0.973620 0.166462
vt 0.975820 0.167799
vt 0.951392 0.212486
vt 0.930386 0.477449
vt 0.932872 0.477186
vt 0.986592 0.147028
vt 0.988712 0.148443
vt 0.986723 0.634162
vt 0.988712 0.632789
vt 0.937038 0.257985
vt 0.939512 0.258482
vt 0.907321 0.196446
vt 0.935227 0.142948
vt 0.898549 0.537112
vt 0.892394 0.482134
vt 0.894405 0.481934
vt 0.901013 0.536404
vt 0.889906 0.437084
vt 0.891925 0.436920
vt 0.912533 0.586962
vt 0.889317 0.350459
vt 0.891349 0.350595
vt 0.891423 0.393825
vt 0.889331 0.393839
vt 0.940381 0.637575
vt 0.896557 0.249145
vt 0.899084 0.249829
vt 0.893197 0.305182
vt 0.891160 0.305009
vt 0.910003 0.197628
vt 0.919375 0.201842
vt 0.909111 0.252749
vt 0.923942 0.255362
vt 0.915937 0.308014
vt 0.935289 0.206099
vt 0.914042 0.432885
vt 0.916847 0.478840
vt 0.963103 0.623376
vt 0.976545 0.641474
vt 0.975721 0.139449
vt 0.961886 0.158937
vt 0.913536 0.354372
vt 0.914295 0.393696
vt 0.925281 0.530723
vt 0.936828 0.578328
vt 0.949635 0.121861
vt 0.952345 0.658895
vt 0.961944 0.130067
vt 0.947547 0.150691
vt 0.921531 0.582704
vt 0.910788 0.533435
vt 0.639114 0.397229
vt 0.639874 0.338807
vt 0.642107 0.455460
vt 0.645039 0.087554
vt 0.650166 0.091020
vt 0.639076 0.581250
vt 0.651974 0.650824
vt 0.646910 0.654275
vt 0.631551 0.582448
vt 0.658460 0.577835
vt 0.670120 0.649891
vt 0.646692 0.506419
vt 0.651658 0.214804
vt 0.657975 0.140961
vt 0.660646 0.141307
vt 0.642532 0.287394
vt 0.666668 0.090201
vt 0.651396 0.142369
vt 0.660861 0.092107
vt 0.621113 0.397575
vt 0.615107 0.397695
vt 0.615342 0.336437
vt 0.621526 0.334427
vt 0.624017 0.460522
vt 0.617783 0.458767
vt 0.629471 0.511246
vt 0.623275 0.509718
vt 0.624991 0.283200
vt 0.618810 0.284987
vt 0.671954 0.029839
vt 0.677260 0.030837
vt 0.661658 0.027886
vt 0.656070 0.026868
vt 0.954666 0.657269
vt 0.952111 0.123490
vt 0.937734 0.144486
vt 0.902739 0.306006
vt 0.901605 0.351162
vt 0.949656 0.631426
vt 0.963838 0.650686
vt 0.902109 0.436218
vt 0.902489 0.393759
vt 0.903823 0.480986
vn 0.1476 0.9828 0.1107
vn 0.1699 0.9854 -0.0094
vn -0.6453 0.7626 0.0454
vn -0.4801 0.8149 -0.3247
vn 0.2440 0.1600 0.9565
vn 0.7006 0.2304 0.6753
vn 0.7135 0.3547 0.6042
vn 0.2933 0.2609 0.9197
vn 0.0973 0.2546 -0.9621
vn 0.1119 -0.1079 -0.9878
vn 0.0000 -0.1292 -0.9916
vn 0.0000 0.2426 -0.9701
vn 0.0480 0.9800 0.1929
vn -0.1818 0.7684 -0.6135
vn 0.1218 0.9813 -0.1491
vn -0.3809 0.8341 0.3989
vn 0.6885 0.0424 0.7240
vn 0.9944 0.0528 0.0914
vn 0.9514 0.2943 0.0909
vn 0.7378 0.0062 -0.6750
vn 0.6699 0.3636 -0.6473
vn 0.0222 0.9808 -0.1935
vn 0.0000 0.9837 -0.1796
vn 0.0000 0.6968 0.7172
vn -0.0700 0.7426 0.6661
vn 0.0000 0.1256 0.9921
vn 0.0000 0.2147 0.9767
vn 0.8985 -0.4389 -0.0003
vn 0.4281 -0.9037 0.0007
vn 0.2317 -0.8581 -0.4581
vn 0.5532 -0.4205 -0.7191
vn 0.0000 0.3708 0.9287
vn 0.0000 0.3583 0.9336
vn 0.1271 0.3996 0.9078
vn 0.1227 0.4075 0.9049
vn -0.0290 -0.7823 -0.6222
vn -0.0705 -0.4192 -0.9051
vn 0.0000 -0.4429 -0.8965
vn 0.0000 -0.7806 -0.6250
vn 0.4704 0.5890 0.6571
vn 0.5496 0.4692 0.6912
vn 0.8508 0.5255 0.0028
vn 0.7509 0.6604 -0.0004
vn 0.0000 0.9817 0.1904
vn 0.0000 0.7147 -0.6994
vn 0.9975 -0.0664 0.0252
vn 0.9985 0.0537 -0.0039
vn 0.6460 -0.0089 -0.7633
vn 0.6116 -0.2972 -0.7331
vn 0.6890 -0.0224 0.7244
vn 0.6695 0.0131 0.7426
vn 0.2210 -0.0707 0.9727
vn 0.2018 -0.0699 0.9769
vn 0.1384 -0.0957 -0.9857
vn 0.1444 -0.3485 -0.9261
vn 0.6888 -0.2989 -0.6604
vn 0.1209 -0.3514 -0.9284
vn 0.2228 -0.0667 0.9726
vn 0.6864 -0.0495 0.7255
vn 0.9911 -0.1126 0.0709
vn 0.0000 0.0095 0.9999
vn 0.2166 0.0094 0.9762
vn 0.6538 0.5816 -0.4840
vn 0.1307 0.6052 -0.7852
vn 0.8991 0.4318 0.0721
vn 0.0000 0.6065 -0.7951
vn 0.1027 -0.1555 -0.9825
vn 0.6331 -0.3296 -0.7004
vn -0.1350 -0.2569 -0.9569
vn -0.1027 -0.1555 -0.9825
vn -0.6331 -0.3296 -0.7004
vn -0.6737 -0.2850 -0.6818
vn 0.2378 0.5652 0.7899
vn 0.0000 0.5784 0.8158
vn 0.0000 0.7611 -0.6486
vn 0.0880 0.7474 -0.6585
vn 0.4930 0.7332 -0.4683
vn 0.7255 0.6879 -0.0201
vn 0.6447 0.6081 0.4632
vn 0.8978 -0.4397 0.0245
vn 0.6756 -0.5028 0.5392
vn 0.2299 -0.4124 0.8815
vn 0.0000 -0.3463 0.9381
vn 0.0000 -0.1306 -0.9914
vn -0.1476 0.9828 0.1106
vn 0.4801 0.8149 -0.3247
vn 0.6453 0.7626 0.0454
vn -0.1699 0.9854 -0.0094
vn -0.2440 0.1600 0.9565
vn -0.2933 0.2609 0.9197
vn -0.7135 0.3547 0.6042
vn -0.7006 0.2304 0.6753
vn -0.0973 0.2546 -0.9621
vn -0.1119 -0.1079 -0.9878
vn -0.0480 0.9800 0.1928
vn 0.1818 0.7684 -0.6135
vn 0.3809 0.8341 0.3989
vn -0.1218 0.9813 -0.1491
vn -0.9514 0.2943 0.0909
vn -0.9944 0.0528 0.0914
vn -0.6885 0.0424 0.7240
vn -0.6699 0.3636 -0.6473
vn -0.7378 0.0062 -0.6750
vn -0.0222 0.9808 -0.1935
vn 0.0700 0.7426 0.6661
vn -0.0725 0.4476 -0.8913
vn -0.0669 0.4555 -0.8877
vn 0.0000 0.4155 -0.9095
vn 0.0000 0.4146 -0.9100
vn 0.0000 -0.3462 -0.9381
vn -0.1227 0.4075 0.9049
vn -0.1271 0.3996 0.9078
vn -0.7509 0.6604 -0.0004
vn -0.4278 0.6280 -0.6500
vn -0.5233 0.5004 -0.6897
vn -0.8508 0.5255 0.0028
vn -0.4704 0.5890 0.6571
vn -0.5496 0.4692 0.6912
vn -0.1209 -0.3514 -0.9284
vn -0.1444 -0.3485 -0.9261
vn 0.0000 -0.3418 -0.9398
vn -0.1384 -0.0957 -0.9857
vn 0.0000 -0.1216 -0.9926
vn -0.1032 0.0197 -0.9944
vn 0.0000 -0.0222 -0.9997
vn -0.9975 -0.0664 0.0252
vn -0.6116 -0.2972 -0.7331
vn -0.6460 -0.0089 -0.7633
vn -0.9985 0.0537 -0.0039
vn -0.6890 -0.0224 0.7244
vn -0.6695 0.0131 0.7426
vn -0.2210 -0.0707 0.9727
vn -0.2018 -0.0699 0.9769
vn 0.1032 0.0197 -0.9944
vn -0.6888 -0.2989 -0.6604
vn -0.2228 -0.0667 0.9726
vn 0.0000 -0.0525 0.9986
vn -0.2166 0.0094 0.9762
vn -0.6864 -0.0495 0.7255
vn -0.9911 -0.1126 0.0709
vn 0.0000 -0.0711 0.9975
vn 0.0000 -0.1061 0.9944
vn -0.6538 0.5816 -0.4840
vn -0.1307 0.6052 -0.7852
vn -0.8991 0.4318 0.0721
vn -0.0880 0.7474 -0.6585
vn -0.2378 0.5652 0.7899
vn -0.4930 0.7332 -0.4683
vn -0.7255 0.6879 -0.0201
vn -0.6447 0.6081 0.4632
vn -0.6756 -0.5028 0.5392
vn -0.8978 -0.4397 0.0245
vn -0.2299 -0.4124 0.8815
vn 0.2848 -0.0204 -0.9583
vn 0.0000 -0.0187 -0.9998
vn 0.0000 0.0000 -1.0000
vn 0.2841 0.0000 -0.9588
vn 0.1050 -0.0170 0.9943
vn 0.6914 -0.0225 0.7221
vn 0.6906 0.0000 0.7232
vn 0.1046 0.0000 0.9945
vn -0.2848 -0.0204 -0.9583
vn -0.8283 -0.0237 -0.5597
vn -0.8283 0.0000 -0.5602
vn -0.2841 0.0000 -0.9588
vn 0.9973 -0.0226 0.0702
vn 0.9975 0.0000 0.0703
vn -0.6914 -0.0225 0.7221
vn -0.1050 -0.0170 0.9943
vn -0.1046 0.0000 0.9945
vn -0.6906 0.0000 0.7232
vn 0.8283 -0.0237 -0.5597
vn 0.8283 0.0000 -0.5602
vn 0.0000 -0.0162 0.9998
vn 0.0000 0.0000 1.0000
vn -0.9973 -0.0226 0.0702
vn -0.9975 0.0000 0.0703
vn 0.6737 -0.2850 -0.6818
vn 0.1350 -0.2569 -0.9569
vn -0.9149 -0.4029 -0.0237
vn -0.7101 -0.4498 0.5416
vn -0.7876 0.1638 0.5940
vn -0.9417 0.3361 -0.0104
vn -0.2697 -0.4688 0.8411
vn -0.2880 0.0658 0.9553
vn -0.6128 0.5045 -0.6082
vn 0.2697 -0.4688 0.8411
vn 0.2880 0.0658 0.9553
vn 0.0000 0.0530 0.9986
vn 0.0000 -0.4307 0.9025
vn -0.1113 0.4999 -0.8589
vn 0.9149 -0.4029 -0.0237
vn 0.9417 0.3361 -0.0104
vn 0.7876 0.1638 0.5940
vn 0.7101 -0.4498 0.5416
vn 0.6128 0.5045 -0.6082
vn 0.6119 0.5044 -0.6092
vn 0.9415 0.3359 -0.0270
vn -0.9973 -0.0228 0.0703
vn -0.8279 -0.0240 -0.5604
vn -0.6894 -0.0227 0.7240
vn 0.2834 -0.0206 -0.9588
vn 0.8279 -0.0240 -0.5604
vn 0.1041 -0.0171 0.9944
vn -0.1041 -0.0171 0.9944
vn -0.2834 -0.0206 -0.9588
vn 0.9973 -0.0228 0.0703
vn 0.6894 -0.0227 0.7240
vn 0.0000 -0.2800 -0.9600
vn 0.0000 0.4955 -0.8686
vn 0.1116 0.4999 -0.8588
vn -0.6119 0.5044 -0.6092
vn -0.9415 0.3359 -0.0270
vn 0.0000 -0.1151 0.9933
vn 0.1621 -0.0710 0.9842
vn -0.1621 -0.0710 0.9842
vn 0.0290 -0.7823 -0.6222
vn 0.0705 -0.4192 -0.9051
vn -0.8985 -0.4389 -0.0003
vn -0.5532 -0.4205 -0.7191
vn -0.2317 -0.8581 -0.4581
vn -0.4281 -0.9037 0.0007
vn -0.9962 0.0869 -0.0051
vn -0.6044 0.0866 -0.7919
vn -0.6364 0.0197 0.7711
vn 0.9962 0.0869 -0.0051
vn 0.4278 0.6280 -0.6500
vn 0.6044 0.0866 -0.7919
vn 0.6364 0.0197 0.7711
vn 0.0669 0.4555 -0.8877
vn 0.5233 0.5004 -0.6897
vn 0.0725 0.4476 -0.8913
vn 0.0000 -0.5009 0.8655
vn 0.0000 -0.8131 0.5821
vn 0.0626 -0.8134 0.5783
vn 0.1180 -0.4814 0.8685
vn -0.1180 -0.4814 0.8685
vn -0.0626 -0.8134 0.5783
vn -0.5636 -0.4555 0.6892
vn -0.2451 -0.8708 0.4262
vn 0.5636 -0.4555 0.6892
vn 0.2451 -0.8708 0.4262
vn 0.0000 0.4954 -0.8686
vn 0.1113 0.4999 -0.8589
vn 0.7963 0.1665 0.5815
vn 0.2874 0.0658 0.9555
vn -0.1116 0.4999 -0.8588
vn -0.2874 0.0658 0.9555
vn 0.0000 0.0529 0.9986
vn -0.7963 0.1665 0.5815
usemtl Clothes_UV
s 1
f 4068/4857/3831 4069/4858/3832 4026/4859/3833 4025/4860/3834
f 4057/4861/3835 4056/4862/3836 4029/4863/3837 4028/4864/3838
f 4053/4865/3839 4039/4866/3840 4127/4867/3841 4128/4868/3842
f 4067/4869/3843 4068/4857/3831 4025/4860/3834 4027/4870/3844
f 4069/4858/3832 4065/4871/3845 4023/4872/3846 4026/4859/3833
f 4056/4862/3836 4042/4873/3847 4041/4874/3848 4055/4875/3849
f 4055/4875/3849 4041/4874/3848 4040/4876/3850 4054/4877/3851
f 4054/4877/3851 4040/4876/3850 4039/4866/3840 4053/4865/3839
f 4064/4878/3852 4066/4879/3853 4063/4880/3854 4024/4881/3855
f 4129/4882/3856 4057/4861/3835 4028/4864/3838 4121/4883/3857
f 4218/4884/3858 4036/4885/3859 4037/4886/3860 4225/4887/3861
f 4214/4888/3862 4237/4889/3863 4230/4890/3864 4207/4891/3865
f 4090/4892/3866 4219/4893/3867 4224/4894/3868 4100/4895/3869
f 4206/4896/3870 4227/4897/3871 4217/4898/3872 4204/4899/3873
f 4130/4900/3874 4067/4869/3843 4027/4870/3844 4120/4901/3875
f 4052/4902/3876 4045/4903/3877 4044/4904/3878 4048/4905/3879
f 4049/4906/3880 4046/4907/3881 4045/4903/3877 4052/4902/3876
f 4050/4908/3882 4047/4909/3883 4046/4907/3881 4049/4906/3880
f 4048/4905/3879 4044/4904/3878 4043/4910/3884 4051/4911/3885
f 4058/4912/3886 4048/4905/3879 4051/4911/3885 4061/4913/3887
f 4060/4914/3888 4050/4908/3882 4049/4906/3880 4059/4915/3889
f 4059/4915/3889 4049/4906/3880 4052/4902/3876 4062/4916/3890
f 4062/4916/3890 4052/4902/3876 4048/4905/3879 4058/4912/3886
f 4123/4917/3891 4033/4918/3892 4057/4861/3835 4129/4882/3856
f 4031/4919/3893 4054/4877/3851 4053/4865/3839 4032/4920/3894
f 4030/4921/3895 4055/4875/3849 4054/4877/3851 4031/4919/3893
f 4029/4863/3837 4056/4862/3836 4055/4875/3849 4030/4921/3895
f 4032/4920/3894 4053/4865/3839 4128/4868/3842 4122/4922/3896
f 4033/4918/3892 4042/4873/3847 4056/4862/3836 4057/4861/3835
f 4041/4874/3848 4062/4916/3890 4058/4912/3886 4040/4876/3850
f 4042/4873/3847 4059/4915/3889 4062/4916/3890 4041/4874/3848
f 4033/4918/3892 4060/4914/3888 4059/4915/3889 4042/4873/3847
f 4040/4876/3850 4058/4912/3886 4061/4913/3887 4039/4866/3840
f 4071/4923/3897 4072/4924/3898 4031/4919/3893 4032/4920/3894
f 4199/4925/3899 4139/4926/3900 4140/4927/3901 4200/4928/3902
f 4158/4929/3903 4067/4869/3843 4130/4900/3874 4155/4930/3904
f 4024/4881/3855 4023/4872/3846 4065/4871/3845 4064/4878/3852
f 4160/4931/3905 4066/4879/3853 4064/4878/3852 4156/4932/3906
f 4157/4933/3907 4065/4871/3845 4069/4858/3832 4159/4934/3908
f 4161/4935/3909 4068/4857/3831 4067/4869/3843 4158/4929/3903
f 4159/4934/3908 4069/4858/3832 4068/4857/3831 4161/4935/3909
f 4030/4921/3895 4074/4936/3910 4070/4937/3911 4029/4863/3837
f 4028/4864/3838 4073/4938/3912 4138/4939/3913 4121/4883/3857
f 4122/4922/3896 4136/4940/3914 4071/4923/3897 4032/4920/3894
f 4031/4919/3893 4072/4924/3898 4074/4936/3910 4030/4921/3895
f 4029/4863/3837 4070/4937/3911 4073/4938/3912 4028/4864/3838
f 4134/4941/3915 4077/4942/3916 4078/4943/3917 4135/4944/3918
f 4111/4945/3919 4080/4946/3920 4081/4947/3921 4110/4948/3922
f 4107/4949/3923 4128/4950/3842 4127/4951/3841 4091/4952/3924
f 4133/4953/3925 4079/4954/3926 4077/4942/3916 4134/4941/3915
f 4135/4944/3918 4078/4943/3917 4075/4955/3927 4132/4956/3928
f 4110/4948/3922 4109/4957/3929 4093/4958/3930 4094/4959/3931
f 4109/4957/3929 4108/4960/3932 4092/4961/3933 4093/4958/3930
f 4108/4960/3932 4107/4949/3923 4091/4952/3924 4092/4961/3933
f 4131/4962/3934 4076/4963/3935 4063/4964/3854 4066/4965/3853
f 4129/4882/3856 4121/4883/3857 4080/4946/3920 4111/4945/3919
f 4220/4966/3936 4208/4967/3937 4210/4968/3938 4223/4969/3939
f 4061/4913/3887 4113/4970/3940 4127/4867/3841 4039/4866/3840
f 4213/4971/3941 4235/4972/3942 4237/4889/3863 4214/4888/3862
f 4209/4973/3943 4211/4974/3944 4231/4975/3945 4222/4976/3946
f 4212/4977/3947 4209/4973/3943 4222/4976/3946 4234/4978/3948
f 4113/4979/3940 4118/4980/3949 4091/4952/3924 4127/4951/3841
f 4105/4981/3950 4118/4980/3949 4113/4979/3940 4112/4982/3951
f 4095/4983/3952 4105/4981/3950 4112/4982/3951 4104/4984/3953
f 4130/4900/3874 4120/4901/3875 4079/4954/3926 4133/4953/3925
f 4272/4985/3954 4095/4983/3952 4104/4984/3953 4274/4986/3955
f 4106/4987/3956 4101/4988/3957 4096/4989/3958 4097/4990/3959
f 4102/4991/3960 4106/4987/3956 4097/4990/3959 4098/4992/3961
f 4103/4993/3962 4102/4991/3960 4098/4992/3961 4099/4994/3963
f 4112/4995/3951 4113/4970/3940 4061/4913/3887 4051/4911/3885
f 4104/4996/3953 4112/4995/3951 4051/4911/3885 4043/4910/3884
f 4101/4988/3957 4105/4981/3950 4095/4983/3952 4096/4989/3958
f 4274/4997/3955 4104/4996/3953 4043/4910/3884 4270/4998/3964
f 4114/4999/3965 4118/4980/3949 4105/4981/3950 4101/4988/3957
f 4116/5000/3966 4126/5001/3967 4123/4917/3891 4085/5002/3968
f 4126/5001/3967 4060/4914/3888 4033/4918/3892 4123/4917/3891
f 4116/5000/3966 4115/5003/3969 4102/4991/3960 4103/4993/3962
f 4115/5003/3969 4119/5004/3970 4106/4987/3956 4102/4991/3960
f 4119/5004/3970 4114/4999/3965 4101/4988/3957 4106/4987/3956
f 4116/5000/3966 4103/4993/3962 4125/5005/3971 4126/5001/3967
f 4103/4993/3962 4099/4994/3963 4117/5006/3972 4125/5005/3971
f 4123/4917/3891 4129/4882/3856 4111/4945/3919 4085/5002/3968
f 4083/5007/3973 4084/5008/3974 4107/4949/3923 4108/4960/3932
f 4082/5009/3975 4083/5007/3973 4108/4960/3932 4109/4957/3929
f 4081/4947/3921 4082/5009/3975 4109/4957/3929 4110/4948/3922
f 4084/5008/3974 4122/5010/3896 4128/4950/3842 4107/4949/3923
f 4085/5002/3968 4111/4945/3919 4110/4948/3922 4094/4959/3931
f 4093/4958/3930 4092/4961/3933 4114/4999/3965 4119/5004/3970
f 4094/4959/3931 4093/4958/3930 4119/5004/3970 4115/5003/3969
f 4085/5002/3968 4094/4959/3931 4115/5003/3969 4116/5000/3966
f 4126/5001/3967 4125/5005/3971 4050/4908/3882 4060/4914/3888
f 4125/5005/3971 4117/5006/3972 4047/4909/3883 4050/4908/3882
f 4092/4961/3933 4091/4952/3924 4118/4980/3949 4114/4999/3965
f 4213/4971/3941 4212/4977/3947 4234/4978/3948 4235/4972/3942
f 4139/4926/3900 4084/5008/3974 4083/5007/3973 4140/4927/3901
f 4160/5011/3905 4162/5012/3976 4131/4962/3934 4066/4965/3853
f 4076/4963/3935 4131/4962/3934 4132/4956/3928 4075/4955/3927
f 4164/5013/3977 4155/4930/3904 4130/4900/3874 4133/4953/3925
f 4163/5014/3978 4165/5015/3979 4135/4944/3918 4132/4956/3928
f 4166/5016/3980 4164/5013/3977 4133/4953/3925 4134/4941/3915
f 4165/5015/3979 4166/5016/3980 4134/4941/3915 4135/4944/3918
f 4082/5009/3975 4081/4947/3921 4137/5017/3981 4142/5018/3982
f 4080/4946/3920 4121/4883/3857 4138/4939/3913 4141/5019/3983
f 4122/5010/3896 4084/5008/3974 4139/4926/3900 4136/5020/3914
f 4083/5007/3973 4082/5009/3975 4142/5018/3982 4140/4927/3901
f 4081/4947/3921 4080/4946/3920 4141/5019/3983 4137/5017/3981
f 4186/5021/3984 4179/5022/3985 4154/5023/3986 4153/5024/3987
f 4187/5025/3988 4180/5026/3989 4149/5027/3990 4150/5028/3991
f 4188/5029/3992 4181/5030/3993 4145/5031/3994 4147/5032/3995
f 4180/5026/3989 4182/5033/3996 4152/5034/3997 4149/5027/3990
f 4189/5035/3998 4183/5036/3999 4144/5037/4000 4143/5038/4001
f 4182/5033/3996 4184/5039/4002 4151/5040/4003 4152/5034/3997
f 4179/5022/3985 4188/5029/3992 4147/5032/3995 4154/5023/3986
f 4183/5036/3999 4185/5041/4004 4148/5042/4005 4144/5037/4000
f 4185/5043/4004 4187/5025/3988 4150/5028/3991 4148/5044/4005
f 4184/5039/4002 4186/5021/3984 4153/5024/3987 4151/5040/4003
f 4190/5045/4006 4189/5035/3998 4143/5038/4001 4146/5046/4007
f 4181/5030/3993 4190/5045/4006 4146/5046/4007 4145/5031/3994
f 4196/5047/4008 4072/4924/3898 4071/4923/3897 4195/5048/4009
f 4065/4871/3845 4157/4933/3907 4156/4932/3906 4064/4878/3852
f 4202/5049/4010 4193/5050/4011 4262/5051/4012 4255/5052/4013
f 4193/5050/4011 4201/5053/4014 4254/5054/4015 4262/5051/4012
f 4200/4928/3902 4202/5049/4010 4255/5052/4013 4251/5055/4016
f 4197/5056/4017 4245/5057/4018 4240/5058/4019 4194/5059/4020
f 4250/5060/4021 4199/4925/3899 4200/4928/3902 4251/5055/4016
f 4198/5061/4022 4248/5062/4023 4259/5063/4024 4192/5064/4025
f 4192/5064/4025 4259/5063/4024 4245/5057/4018 4197/5056/4017
f 4196/5047/4008 4244/5065/4026 4248/5062/4023 4198/5061/4022
f 4243/5066/4027 4157/4933/3907 4159/4934/3908 4247/5067/4028
f 4201/5053/4014 4194/5059/4020 4240/5058/4019 4254/5054/4015
f 4131/4962/3934 4162/5012/3976 4163/5014/3978 4132/4956/3928
f 4025/4860/3834 4026/4859/3833 4178/5068/4029 4172/5069/4030
f 4026/4859/3833 4023/4872/3846 4174/5070/4031 4178/5068/4029
f 4077/4942/3916 4079/4954/3926 4167/5071/4032 4176/5072/4033
f 4063/4964/3854 4076/4963/3935 4169/5073/4034 4177/5074/4004
f 4024/4881/3855 4063/4880/3854 4177/5075/4004 4175/5076/4035
f 4120/4901/3875 4027/4870/3844 4171/5077/4036 4168/5078/3985
f 4078/4943/3917 4077/4942/3916 4176/5072/4033 4173/5079/4037
f 4023/4872/3846 4024/4881/3855 4175/5076/4035 4174/5070/4031
f 4075/4955/3927 4078/4943/3917 4173/5079/4037 4170/5080/4038
f 4027/4870/3844 4025/4860/3834 4172/5069/4030 4171/5077/4036
f 4076/4963/3935 4075/4955/3927 4170/5080/4038 4169/5073/4034
f 4079/4954/3926 4120/4901/3875 4168/5078/3985 4167/5071/4032
f 4172/5069/4030 4178/5068/4029 4190/5045/4006 4181/5030/3993
f 4178/5068/4029 4174/5070/4031 4189/5035/3998 4190/5045/4006
f 4176/5072/4033 4167/5071/4032 4186/5021/3984 4184/5039/4002
f 4177/5074/4004 4169/5073/4034 4187/5025/3988 4185/5043/4004
f 4175/5076/4035 4177/5075/4004 4185/5041/4004 4183/5036/3999
f 4168/5078/3985 4171/5077/4036 4188/5029/3992 4179/5022/3985
f 4173/5079/4037 4176/5072/4033 4184/5039/4002 4182/5033/3996
f 4174/5070/4031 4175/5076/4035 4183/5036/3999 4189/5035/3998
f 4170/5080/4038 4173/5079/4037 4182/5033/3996 4180/5026/3989
f 4171/5077/4036 4172/5069/4030 4181/5030/3993 4188/5029/3992
f 4169/5073/4034 4170/5080/4038 4180/5026/3989 4187/5025/3988
f 4167/5071/4032 4168/5078/3985 4179/5022/3985 4186/5021/3984
f 4073/4938/3912 4197/5056/4017 4194/5059/4020 4138/4939/3913
f 4136/4940/3914 4191/5081/4039 4195/5048/4009 4071/4923/3897
f 4072/4924/3898 4196/5047/4008 4198/5061/4022 4074/4936/3910
f 4070/4937/3911 4192/5064/4025 4197/5056/4017 4073/4938/3912
f 4074/4936/3910 4198/5061/4022 4192/5064/4025 4070/4937/3911
f 4136/5020/3914 4139/4926/3900 4199/4925/3899 4191/5082/4039
f 4141/5019/3983 4138/4939/3913 4194/5059/4020 4201/5053/4014
f 4140/4927/3901 4142/5018/3982 4202/5049/4010 4200/4928/3902
f 4137/5017/3981 4141/5019/3983 4201/5053/4014 4193/5050/4011
f 4142/5018/3982 4137/5017/3981 4193/5050/4011 4202/5049/4010
f 4258/5083/4040 4160/4931/3905 4156/4932/3906 4242/5084/4041
f 4252/5085/4042 4256/5086/4043 4165/5015/3979 4163/5014/3978
f 4269/5087/4044 4214/4888/3862 4207/4891/3865 4265/5088/4045
f 4268/5089/4046 4213/4971/3941 4214/4888/3862 4269/5087/4044
f 4225/4887/3861 4037/4886/3860 4038/5090/4047 4216/5091/4048
f 4221/5092/4049 4232/5093/4050 4089/5094/4051 4088/5095/4052
f 4273/5096/4053 4266/5097/4054 4211/4974/3944 4209/4973/3943
f 4267/5098/4055 4273/5096/4053 4209/4973/3943 4212/4977/3947
f 4268/5089/4046 4267/5098/4055 4212/4977/3947 4213/4971/3941
f 4266/5097/4054 4272/4985/3954 4208/4967/3937 4211/4974/3944
f 4271/5099/4056 4204/4899/3873 4205/5100/4057 4263/5101/4058
f 4264/5102/4059 4206/4896/3870 4204/4899/3873 4271/5099/4056
f 4265/5088/4045 4207/4891/3865 4206/4896/3870 4264/5102/4059
f 4263/5101/4058 4205/5100/4057 4203/5103/4060 4270/4998/3964
f 4211/4974/3944 4208/4967/3937 4220/4966/3936 4231/4975/3945
f 4205/5100/4057 4226/5104/4061 4215/5105/4062 4203/5103/4060
f 4238/5106/4063 4124/5107/4064 4034/5108/4065 4229/5109/4066
f 4236/5110/4067 4086/5111/4068 4124/5107/4064 4238/5106/4063
f 4207/4891/3865 4230/4890/3864 4227/4897/3871 4206/4896/3870
f 4233/5112/4069 4221/5092/4049 4088/5095/4052 4087/5113/4070
f 4236/5110/4067 4233/5112/4069 4087/5113/4070 4086/5111/4068
f 4232/5093/4050 4219/4893/3867 4090/4892/3866 4089/5094/4051
f 4228/5114/4071 4035/5115/4072 4036/4885/3859 4218/4884/3858
f 4204/4899/3873 4217/4898/3872 4226/5104/4061 4205/5100/4057
f 4229/5109/4066 4034/5108/4065 4035/5115/4072 4228/5114/4071
f 4223/5116/3939 4210/5117/3938 4203/5103/4060 4215/5105/4062
f 4220/4966/3936 4223/4969/3939 4224/4894/3868 4219/4893/3867
f 4223/5116/3939 4215/5105/4062 4216/5091/4048 4224/5118/3868
f 4238/5106/4063 4229/5109/4066 4230/4890/3864 4237/4889/3863
f 4236/5110/4067 4238/5106/4063 4237/4889/3863 4235/4972/3942
f 4232/5093/4050 4221/5092/4049 4222/4976/3946 4231/4975/3945
f 4221/5092/4049 4233/5112/4069 4234/4978/3948 4222/4976/3946
f 4233/5112/4069 4236/5110/4067 4235/4972/3942 4234/4978/3948
f 4219/4893/3867 4232/5093/4050 4231/4975/3945 4220/4966/3936
f 4218/4884/3858 4225/4887/3861 4226/5104/4061 4217/4898/3872
f 4228/5114/4071 4218/4884/3858 4217/4898/3872 4227/4897/3871
f 4229/5109/4066 4228/5114/4071 4227/4897/3871 4230/4890/3864
f 4225/4887/3861 4216/5091/4048 4215/5105/4062 4226/5104/4061
f 4100/5119/3869 4224/5118/3868 4216/5091/4048 4038/5090/4047
f 4191/5082/4039 4199/4925/3899 4250/5060/4021 4257/5120/4073
f 4191/5081/4039 4257/5121/4073 4241/5122/4074 4195/5048/4009
f 4157/4933/3907 4243/5066/4027 4242/5084/4041 4156/4932/3906
f 4244/5065/4026 4196/5047/4008 4195/5048/4009 4241/5122/4074
f 4260/5123/4075 4161/4935/3909 4158/4929/3903 4246/5124/4076
f 4247/5067/4028 4159/4934/3908 4161/4935/3909 4260/5123/4075
f 4162/5012/3976 4249/5125/4077 4252/5085/4042 4163/5014/3978
f 4258/5126/4040 4249/5125/4077 4162/5012/3976 4160/5011/3905
f 4253/5127/4078 4239/5128/4079 4155/4930/3904 4164/5013/3977
f 4261/5129/4080 4253/5127/4078 4164/5013/3977 4166/5016/3980
f 4256/5086/4043 4261/5129/4080 4166/5016/3980 4165/5015/3979
f 4250/5060/4021 4251/5055/4016 4252/5085/4042 4249/5125/4077
f 4244/5065/4026 4241/5122/4074 4242/5084/4041 4243/5066/4027
f 4246/5124/4076 4239/5128/4079 4240/5058/4019 4245/5057/4018
f 4258/5083/4040 4242/5084/4041 4241/5122/4074 4257/5121/4073
f 4243/5066/4027 4247/5067/4028 4248/5062/4023 4244/5065/4026
f 4260/5123/4075 4246/5124/4076 4245/5057/4018 4259/5063/4024
f 4247/5067/4028 4260/5123/4075 4259/5063/4024 4248/5062/4023
f 4249/5125/4077 4258/5126/4040 4257/5120/4073 4250/5060/4021
f 4239/5128/4079 4253/5127/4078 4254/5054/4015 4240/5058/4019
f 4256/5086/4043 4252/5085/4042 4251/5055/4016 4255/5052/4013
f 4253/5127/4078 4261/5129/4080 4262/5051/4012 4254/5054/4015
f 4261/5129/4080 4256/5086/4043 4255/5052/4013 4262/5051/4012
f 4246/5124/4076 4158/4929/3903 4155/4930/3904 4239/5128/4079
f 4044/4904/3878 4263/5101/4058 4270/4998/3964 4043/4910/3884
f 4047/4909/3883 4265/5088/4045 4264/5102/4059 4046/4907/3881
f 4046/4907/3881 4264/5102/4059 4271/5099/4056 4045/4903/3877
f 4045/4903/3877 4271/5099/4056 4263/5101/4058 4044/4904/3878
f 4096/4989/3958 4095/4983/3952 4272/4985/3954 4266/5097/4054
f 4099/4994/3963 4098/4992/3961 4267/5098/4055 4268/5089/4046
f 4098/4992/3961 4097/4990/3959 4273/5096/4053 4267/5098/4055
f 4097/4990/3959 4096/4989/3958 4266/5097/4054 4273/5096/4053
f 4099/4994/3963 4268/5089/4046 4269/5087/4044 4117/5006/3972
f 4117/5006/3972 4269/5087/4044 4265/5088/4045 4047/4909/3883
f 4210/5117/3938 4274/4997/3955 4270/4998/3964 4203/5103/4060
f 4208/4967/3937 4272/4985/3954 4274/4986/3955 4210/4968/3938
o Long_Hair_Cube.013
v 0.240971 1.278067 -0.160345
v 0.073099 1.594147 0.125527
v 0.122220 1.585338 0.082450
v 0.159037 1.586266 0.029317
v 0.123166 1.618912 0.088741
v 0.134002 1.607242 0.036469
v 0.125013 1.700840 0.082717
v 0.081660 1.632745 0.135627
v 0.080711 1.725149 0.118731
v 0.069345 1.776243 0.005676
v 0.059377 1.717422 -0.175101
v 0.127667 1.734428 -0.002697
v 0.121492 1.682880 -0.149792
v 0.111785 1.620414 -0.176299
v 0.056053 1.628141 -0.209107
v 0.060090 1.566872 -0.223964
v 0.058055 1.254584 -0.303209
v 0.103494 1.293317 -0.252886
v 0.157255 1.281718 -0.245591
v 0.149567 1.568490 -0.160378
v 0.198932 1.573750 -0.041116
v 0.137425 1.611615 -0.030237
v 0.159019 1.671045 -0.017153
v 0.151819 1.609504 -0.126910
v 0.135447 1.662464 -0.109826
v 0.146850 1.661127 0.041217
v 0.081880 1.554378 -0.146987
v 0.120916 1.267125 -0.082431
v 0.030725 1.584355 0.077643
v 0.077856 1.566969 0.044147
v 0.108187 1.583029 0.025182
v 0.082071 1.615422 0.061511
v 0.103518 1.612606 0.024354
v 0.111314 1.701697 0.066849
v 0.047404 1.624094 0.104659
v 0.060141 1.718711 0.087545
v 0.058310 1.756248 0.005604
v 0.046372 1.693282 -0.161638
v 0.099068 1.725331 -0.005966
v 0.075823 1.673512 -0.128348
v 0.074855 1.617791 -0.148537
v 0.036096 1.624849 -0.166418
v 0.026924 1.561383 -0.145947
v 0.029533 1.255140 -0.137476
v 0.067333 1.261674 -0.145712
v 0.081480 1.268785 -0.101444
v 0.099482 1.560132 -0.113714
v 0.123143 1.574982 -0.025137
v 0.112371 1.615196 -0.026981
v 0.119758 1.680636 -0.014509
v 0.113454 1.621508 -0.109950
v 0.102542 1.665121 -0.105137
v 0.129754 1.667563 0.042041
v 0.063392 1.559174 -0.136036
v 0.158554 1.273503 -0.084184
v 0.212533 1.269552 -0.114354
v 0.059891 1.562851 0.113085
v 0.027244 1.566680 0.088869
v 0.083158 1.552018 0.053668
v 0.101959 1.552009 0.060363
v 0.154050 1.554465 0.027049
v 0.106439 1.559281 0.022232
v 0.016112 1.599111 0.071957
v 0.009702 1.575646 0.126977
v 0.043942 1.222472 -0.211988
v 0.042407 1.229860 -0.176605
v 0.077870 1.254395 -0.168756
v 0.087279 1.260997 -0.198382
v 0.135575 1.253023 -0.195223
v 0.111167 1.245755 -0.142744
v 0.131099 1.561270 -0.013191
v 0.183343 1.548860 -0.004892
v 0.062859 1.764675 -0.097580
v 0.167515 1.285011 -0.190322
v 0.149672 1.576269 -0.082626
v 0.165648 1.618836 -0.077442
v 0.155240 1.669668 -0.068747
v 0.132360 1.737036 -0.086534
v 0.052876 1.747759 -0.095932
v 0.098020 1.277391 -0.098085
v 0.098307 1.561535 -0.048668
v 0.118071 1.621177 -0.059937
v 0.108595 1.675707 -0.061877
v 0.084914 1.707376 -0.077351
v 0.139297 1.262089 -0.120779
v 0.178321 1.257041 -0.159863
v 0.091147 1.444771 -0.098960
v 0.079953 1.491042 -0.090830
v 0.049285 1.488644 -0.071407
v 0.049232 1.441780 -0.073484
v 0.069246 1.438225 -0.083730
v 0.060658 1.485764 -0.086661
v 0.031928 1.464705 -0.169302
v 0.031966 1.506448 -0.148380
v 0.090317 1.466773 -0.144349
v 0.071868 1.506847 -0.126786
v 0.055125 1.439339 -0.140042
v 0.042549 1.474723 -0.123776
v 0.007966 1.489318 -0.106706
v 0.007958 1.444291 -0.115455
v 0.038828 1.489731 -0.096377
v 0.034787 1.444482 -0.102600
v 0.022498 1.489394 -0.101497
v 0.014126 1.447242 -0.101471
v 0.060052 1.488003 -0.075824
v 0.068286 1.446464 -0.070344
v 0.041100 1.442902 -0.086522
v 0.033152 1.489372 -0.077845
v 0.068607 1.487553 -0.105216
v 0.083075 1.439228 -0.115811
v 0.074324 1.356979 -0.370913
v 0.220814 1.358565 -0.293818
v 0.144565 1.365329 -0.277721
v 0.013054 1.366767 -0.170192
v 0.105441 1.365076 -0.142290
v 0.045946 1.366843 -0.149181
v 0.175646 1.358164 -0.047158
v 0.254884 1.362540 -0.153319
v 0.113990 1.359090 -0.051872
v 0.204473 1.363537 -0.074485
v 0.246403 1.364352 -0.200039
v 0.114769 1.364310 -0.108152
v -0.241477 1.278062 -0.160267
v -0.073443 1.594231 0.125460
v -0.122436 1.584988 0.082336
v -0.159102 1.586516 0.029308
v -0.123245 1.618466 0.089462
v -0.132375 1.608712 0.035903
v -0.127112 1.701558 0.082531
v -0.081551 1.632846 0.135805
v -0.081185 1.725023 0.118539
v -0.000137 1.644165 0.150880
v -0.000137 1.731819 0.130031
v -0.000137 1.787184 0.007417
v -0.000137 1.720490 -0.180767
v -0.069812 1.775977 0.005557
v -0.059154 1.717309 -0.175379
v -0.130528 1.734339 -0.003711
v -0.121239 1.684017 -0.149618
v -0.109438 1.622259 -0.176413
v -0.056160 1.628306 -0.209216
v -0.062007 1.567799 -0.223181
v -0.000125 1.631308 -0.218429
v -0.000139 1.565326 -0.216671
v -0.000138 1.287931 -0.275444
v -0.058330 1.254584 -0.303209
v -0.103769 1.293317 -0.252886
v -0.157531 1.281718 -0.245591
v -0.151973 1.569400 -0.157537
v -0.200342 1.573788 -0.040747
v -0.139609 1.613943 -0.027907
v -0.158765 1.673106 -0.017709
v -0.149929 1.611266 -0.121584
v -0.136527 1.663863 -0.109017
v -0.147899 1.661753 0.040561
v -0.078539 1.555586 -0.149277
v -0.121220 1.267164 -0.082613
v -0.030358 1.577229 0.077455
v -0.078015 1.567438 0.044075
v -0.108405 1.583311 0.025263
v -0.082243 1.615381 0.061539
v -0.103804 1.612588 0.024338
v -0.111589 1.701697 0.066848
v -0.047515 1.624029 0.104629
v -0.060417 1.718711 0.087545
v -0.000139 1.642331 0.117168
v -0.000138 1.725799 0.100520
v -0.000144 1.771279 0.012743
v -0.000136 1.707947 -0.171028
v -0.058591 1.756239 0.005601
v -0.046204 1.692857 -0.162358
v -0.099344 1.725331 -0.005966
v -0.076025 1.673754 -0.128239
v -0.075107 1.617799 -0.148531
v -0.036361 1.624855 -0.166381
v -0.027461 1.561395 -0.145781
v -0.000141 1.625654 -0.168618
v -0.000142 1.561880 -0.148012
v -0.000138 1.257650 -0.149338
v -0.029800 1.255141 -0.137525
v -0.067468 1.261607 -0.145745
v -0.080045 1.271151 -0.102352
v -0.099854 1.560160 -0.113637
v -0.123145 1.575324 -0.026955
v -0.112643 1.615200 -0.026983
v -0.120032 1.680638 -0.014510
v -0.113730 1.621507 -0.109953
v -0.102812 1.665116 -0.105128
v -0.130028 1.667563 0.042041
v -0.063461 1.559037 -0.136154
v -0.156582 1.272012 -0.085351
v -0.212508 1.270667 -0.111625
v -0.059272 1.562005 0.112288
v -0.027535 1.573062 0.088857
v -0.083095 1.552270 0.052827
v -0.101646 1.551781 0.060426
v -0.158222 1.554190 0.027238
v -0.106995 1.559214 0.022419
v -0.016458 1.599015 0.071995
v -0.009991 1.575476 0.126707
v -0.000143 1.615049 0.068461
v -0.000146 1.597027 0.128203
v -0.000138 1.258213 -0.209169
v -0.000138 1.242904 -0.189921
v -0.044218 1.222472 -0.211988
v -0.042682 1.229860 -0.176605
v -0.078095 1.254264 -0.168838
v -0.087554 1.260997 -0.198382
v -0.135850 1.253023 -0.195223
v -0.111381 1.245779 -0.142783
v -0.124672 1.562225 -0.011258
v -0.184806 1.548668 -0.004509
v -0.000137 1.780685 -0.105790
v -0.063820 1.764202 -0.097920
v -0.167828 1.284978 -0.190315
v -0.148690 1.575536 -0.078686
v -0.165717 1.618631 -0.074735
v -0.159917 1.672232 -0.065611
v -0.134757 1.737261 -0.085566
v -0.000145 1.765713 -0.098386
v -0.053658 1.747328 -0.096078
v -0.100017 1.275262 -0.097517
v -0.098737 1.561896 -0.047686
v -0.118345 1.621184 -0.059927
v -0.108871 1.675709 -0.061877
v -0.085270 1.707313 -0.077220
v -0.139555 1.262090 -0.120813
v -0.178597 1.257097 -0.159866
v -0.091280 1.444736 -0.102390
v -0.080007 1.490806 -0.090924
v -0.049608 1.488620 -0.071235
v -0.049346 1.441687 -0.073482
v -0.068716 1.438714 -0.083355
v -0.059579 1.483049 -0.086006
v -0.000135 1.487137 -0.142049
v -0.000135 1.440185 -0.155712
v -0.031982 1.464627 -0.169297
v -0.031439 1.507521 -0.148656
v -0.090487 1.466850 -0.144328
v -0.072178 1.507463 -0.126694
v -0.055239 1.439366 -0.140102
v -0.042818 1.475022 -0.123669
v -0.000033 1.443733 -0.120544
v -0.000047 1.488594 -0.111439
v -0.007687 1.489454 -0.107105
v -0.008174 1.444257 -0.115326
v -0.039024 1.489845 -0.096392
v -0.034418 1.444268 -0.102751
v -0.022804 1.489389 -0.101436
v -0.013853 1.447793 -0.101708
v -0.060070 1.489043 -0.075545
v -0.068468 1.446366 -0.070279
v -0.041078 1.443150 -0.086655
v -0.033369 1.489806 -0.078015
v -0.068544 1.487311 -0.105118
v -0.083168 1.439179 -0.115806
v -0.000138 1.365755 -0.310064
v -0.074580 1.356978 -0.370903
v -0.221125 1.358559 -0.293768
v -0.144840 1.365329 -0.277721
v -0.000118 1.365124 -0.182901
v -0.013188 1.366746 -0.170425
v -0.105238 1.365157 -0.142819
v -0.046046 1.366866 -0.148926
v -0.175306 1.356954 -0.047404
v -0.254564 1.363842 -0.152028
v -0.114179 1.359028 -0.052181
v -0.205423 1.363749 -0.074988
v -0.246678 1.364352 -0.200039
v -0.116378 1.364288 -0.106599
v -0.000135 1.418661 -0.232888
v 0.053126 1.426533 -0.270108
v 0.099845 1.418025 -0.208882
v 0.155565 1.428360 -0.219084
v 0.164739 1.417481 -0.157925
v -0.000076 1.420120 -0.151722
v 0.010506 1.421220 -0.142823
v 0.030036 1.422734 -0.125326
v 0.070114 1.420470 -0.122445
v 0.077934 1.419297 -0.097337
v 0.121966 1.418005 -0.058751
v 0.136859 1.416572 -0.079108
v 0.081611 1.416126 -0.062678
v 0.173015 1.419347 -0.126139
v -0.053281 1.426494 -0.270100
v -0.100040 1.418038 -0.208911
v -0.155806 1.428396 -0.219048
v -0.164923 1.417457 -0.157922
v -0.010681 1.421193 -0.142876
v -0.029950 1.423020 -0.125317
v -0.069828 1.420404 -0.122785
v -0.078728 1.419410 -0.096627
v -0.121887 1.417351 -0.058841
v -0.137070 1.416923 -0.079171
v -0.081762 1.416049 -0.062832
v -0.172922 1.419980 -0.127209
v 0.187682 1.507239 -0.061536
v 0.164204 1.507239 -0.038871
v 0.146893 1.507239 -0.092900
v 0.128636 1.507239 -0.037447
v 0.116035 1.507239 -0.041671
v 0.088461 1.507239 -0.058487
v -0.000135 1.507239 -0.188781
v 0.061943 1.507239 -0.196427
v 0.083730 1.507239 -0.139428
v 0.149017 1.507239 -0.148630
v -0.000135 1.507239 -0.133081
v 0.023469 1.507239 -0.129266
v 0.057793 1.507239 -0.120782
v 0.093072 1.507239 -0.105384
v -0.188694 1.507239 -0.061381
v -0.164489 1.507239 -0.038289
v -0.146216 1.507239 -0.090634
v -0.124348 1.507239 -0.036206
v -0.116279 1.507239 -0.042595
v -0.088923 1.507239 -0.058032
v -0.062904 1.507239 -0.196142
v -0.081689 1.507239 -0.140653
v -0.150872 1.507239 -0.146985
v -0.023669 1.507239 -0.129397
v -0.058071 1.507239 -0.120814
v -0.093481 1.507239 -0.105349
v 0.151466 1.274057 -0.232142
v 0.233378 1.275794 -0.148065
v 0.069572 1.585791 0.122205
v 0.051585 1.604439 0.140907
v 0.116810 1.576439 0.076553
v 0.157705 1.577775 0.028711
v 0.194770 1.567104 -0.031444
v -0.000139 1.621948 0.152415
v -0.000138 1.279996 -0.257748
v 0.054286 1.246010 -0.278852
v 0.099164 1.284687 -0.238333
v 0.170400 1.277543 -0.182189
v 0.074801 1.489633 -0.089717
v 0.085299 1.443023 -0.094894
v 0.241424 1.362806 -0.132270
v -0.151742 1.274057 -0.232142
v -0.233742 1.276087 -0.147279
v -0.069659 1.585626 0.121943
v -0.051582 1.604468 0.140965
v -0.116885 1.576121 0.076486
v -0.158867 1.577885 0.028755
v -0.196194 1.567081 -0.031071
v -0.054562 1.246010 -0.278852
v -0.099440 1.284687 -0.238333
v -0.170704 1.277534 -0.182185
v -0.074552 1.488735 -0.089611
v -0.085255 1.443128 -0.097307
v -0.241443 1.363817 -0.131458
v -0.163349 1.419164 -0.114382
v 0.163361 1.418606 -0.113582
v -0.182231 1.507239 -0.055215
v 0.181413 1.507239 -0.055484
v 0.116266 1.445623 -0.098656
v 0.102332 1.489066 -0.087368
v 0.057534 1.484330 -0.061073
v 0.052759 1.440107 -0.064805
v 0.089406 1.438309 -0.078545
v 0.078801 1.482899 -0.081068
v 0.039345 1.465503 -0.184117
v 0.041604 1.504544 -0.160697
v 0.112629 1.468092 -0.153878
v 0.090800 1.505726 -0.134902
v 0.067822 1.441111 -0.152208
v 0.054665 1.474162 -0.133864
v 0.005322 1.484484 -0.100444
v 0.002751 1.442337 -0.111636
v 0.037242 1.485527 -0.093226
v 0.035613 1.442363 -0.096665
v 0.023490 1.485036 -0.094317
v 0.011263 1.445601 -0.095384
v 0.077934 1.485147 -0.069111
v 0.087418 1.446302 -0.062962
v 0.040014 1.440826 -0.082429
v 0.030672 1.484665 -0.072898
v 0.089673 1.486021 -0.107598
v 0.106786 1.440479 -0.118850
v -0.116453 1.445725 -0.103665
v -0.102591 1.488688 -0.087752
v -0.057892 1.484327 -0.060885
v -0.052888 1.440032 -0.064805
v -0.089170 1.438712 -0.078733
v -0.078331 1.480236 -0.081446
v -0.000031 1.486001 -0.154877
v -0.000160 1.441849 -0.169772
v -0.039453 1.465392 -0.184124
v -0.040829 1.505559 -0.161067
v -0.112835 1.468165 -0.153847
v -0.091182 1.506319 -0.134768
v -0.067983 1.441144 -0.152260
v -0.054905 1.474477 -0.133773
v -0.000019 1.441038 -0.114774
v -0.000116 1.483222 -0.104850
v -0.005015 1.484614 -0.100869
v -0.002959 1.442309 -0.111538
v -0.037434 1.485671 -0.093319
v -0.035245 1.442171 -0.096786
v -0.023821 1.485016 -0.094261
v -0.010803 1.446093 -0.095735
v -0.077933 1.486116 -0.068779
v -0.087782 1.446293 -0.063081
v -0.040024 1.441097 -0.082499
v -0.030883 1.485126 -0.073156
v -0.089571 1.485871 -0.107462
v -0.106778 1.440591 -0.119284
v 0.093741 1.499948 -0.138241
v 0.108901 1.473974 -0.151257
v 0.104045 1.447804 -0.116920
v 0.092416 1.478675 -0.109548
v 0.032003 1.478043 -0.074499
v 0.038570 1.447513 -0.081026
v 0.035480 1.448408 -0.096275
v 0.037488 1.479504 -0.092776
v 0.085776 1.450478 -0.063022
v 0.078914 1.481018 -0.068409
v 0.080519 1.476505 -0.080942
v 0.088166 1.444797 -0.079352
v 0.053941 1.446519 -0.063853
v 0.056274 1.478030 -0.061538
v 0.104622 1.482923 -0.089662
v 0.114200 1.451740 -0.096377
v 0.022083 1.480673 -0.094413
v 0.013481 1.449963 -0.094769
v 0.002956 1.448233 -0.110133
v 0.004415 1.478781 -0.102200
v -0.000048 1.446787 -0.113422
v -0.000109 1.477473 -0.106203
v 0.067140 1.444026 -0.150445
v 0.055349 1.471603 -0.135533
v 0.041397 1.498638 -0.164220
v 0.040379 1.471669 -0.180267
v -0.000093 1.479146 -0.157190
v -0.000142 1.448697 -0.167462
v -0.109040 1.474317 -0.151104
v -0.094222 1.500271 -0.138203
v -0.092327 1.478527 -0.109618
v -0.104004 1.447938 -0.117242
v -0.038621 1.447732 -0.081151
v -0.032178 1.478554 -0.074691
v -0.037649 1.479568 -0.092784
v -0.035193 1.448286 -0.096372
v -0.079421 1.481574 -0.068544
v -0.086142 1.450917 -0.063231
v -0.088096 1.443643 -0.079430
v -0.079516 1.475439 -0.081010
v -0.056500 1.478099 -0.061393
v -0.054051 1.446326 -0.063857
v -0.114483 1.451760 -0.100296
v -0.104836 1.482684 -0.090672
v -0.013128 1.450157 -0.095012
v -0.022420 1.480973 -0.094387
v -0.004201 1.478842 -0.102548
v -0.003101 1.448295 -0.110083
v -0.055682 1.471705 -0.135537
v -0.067201 1.444252 -0.150405
v -0.040293 1.472004 -0.180189
v -0.040774 1.499184 -0.164689
v 0.107342 1.443466 -0.099787
v 0.094159 1.486974 -0.090924
v 0.058043 1.484720 -0.069752
v 0.057980 1.440654 -0.072016
v 0.081550 1.437311 -0.083185
v 0.071435 1.482011 -0.086380
v 0.037601 1.462210 -0.176464
v 0.037646 1.501461 -0.153657
v 0.106365 1.464154 -0.149263
v 0.084638 1.501835 -0.130118
v 0.064920 1.438359 -0.144568
v 0.050109 1.471630 -0.126838
v 0.009381 1.485353 -0.108230
v 0.009372 1.443015 -0.117767
v 0.045727 1.485741 -0.096971
v 0.040968 1.443194 -0.103755
v 0.026496 1.485424 -0.102552
v 0.016636 1.445789 -0.102524
v 0.070722 1.484117 -0.074567
v 0.080420 1.445058 -0.068593
v 0.048402 1.441709 -0.086229
v 0.039042 1.485404 -0.076770
v 0.080797 1.483694 -0.106606
v 0.097837 1.438254 -0.118155
v -0.107499 1.443433 -0.103525
v -0.094223 1.486752 -0.091027
v -0.058423 1.484697 -0.069565
v -0.058114 1.440566 -0.072014
v -0.080926 1.437771 -0.082776
v -0.070165 1.479459 -0.085666
v -0.000159 1.483303 -0.146756
v -0.000159 1.439154 -0.161649
v -0.037665 1.462137 -0.176458
v -0.037026 1.502469 -0.153957
v -0.106565 1.464227 -0.149240
v -0.085003 1.502415 -0.130018
v -0.065054 1.438384 -0.144634
v -0.050426 1.471911 -0.126721
v -0.000039 1.442490 -0.123314
v -0.000056 1.484673 -0.113389
v -0.009053 1.485481 -0.108665
v -0.009626 1.442983 -0.117627
v -0.045958 1.485848 -0.096988
v -0.040533 1.442993 -0.103919
v -0.026856 1.485420 -0.102486
v -0.016315 1.446307 -0.102782
v -0.070744 1.485094 -0.074263
v -0.080634 1.444966 -0.068523
v -0.048377 1.441942 -0.086374
v -0.039299 1.485812 -0.076956
v -0.080724 1.483466 -0.106500
v -0.097946 1.438208 -0.118149
v 0.088003 1.495999 -0.133083
v 0.102999 1.469991 -0.146297
v 0.095090 1.445578 -0.116293
v 0.083544 1.476369 -0.108467
v 0.040461 1.478781 -0.078204
v 0.046983 1.448332 -0.084795
v 0.041626 1.449075 -0.102817
v 0.045069 1.479861 -0.097909
v 0.079366 1.449300 -0.069242
v 0.071776 1.479875 -0.073918
v 0.072895 1.475563 -0.085919
v 0.080090 1.443759 -0.083646
v 0.057989 1.446967 -0.071692
v 0.058034 1.478406 -0.070077
v 0.096042 1.480760 -0.092190
v 0.105459 1.449681 -0.098521
v 0.025398 1.481010 -0.102549
v 0.017734 1.450203 -0.102527
v 0.009373 1.448823 -0.116458
v 0.009380 1.479545 -0.109538
v -0.000041 1.448239 -0.121961
v -0.000053 1.478924 -0.114742
v 0.063656 1.441197 -0.143056
v 0.051373 1.468791 -0.128350
v 0.037639 1.495404 -0.157176
v 0.037608 1.468266 -0.172945
v -0.000159 1.476453 -0.149066
v -0.000159 1.446004 -0.159338
v -0.103119 1.470330 -0.146168
v -0.088449 1.496312 -0.133090
v -0.083524 1.476108 -0.108394
v -0.095146 1.445566 -0.116255
v -0.047018 1.448511 -0.084964
v -0.040658 1.479243 -0.078366
v -0.045205 1.479901 -0.097950
v -0.041286 1.448940 -0.102958
v -0.071905 1.480382 -0.073589
v -0.079473 1.449678 -0.069197
v -0.079669 1.442640 -0.083113
v -0.071422 1.474589 -0.085329
v -0.058379 1.478485 -0.069909
v -0.058157 1.446778 -0.071669
v -0.105598 1.449637 -0.101735
v -0.096124 1.480548 -0.092817
v -0.017420 1.450409 -0.102751
v -0.025751 1.481318 -0.102517
v -0.009133 1.479591 -0.109907
v -0.009547 1.448873 -0.116385
v -0.051750 1.468878 -0.128341
v -0.063731 1.441417 -0.143013
v -0.037562 1.468640 -0.172830
v -0.037129 1.495966 -0.157586
v -0.060261 1.505444 -0.182828
v 0.060262 1.505444 -0.182828
v -0.060261 1.451275 -0.206030
v 0.060262 1.451275 -0.206030
v 0.064965 1.477296 -0.191947
v -0.064964 1.477296 -0.191947
v 0.011985 1.488616 -0.183395
v -0.011984 1.488616 -0.183395
v -0.011984 1.463296 -0.194241
v 0.011985 1.463296 -0.194241
v 0.008262 1.475832 -0.183423
v -0.008261 1.475832 -0.183423
v 0.044376 1.506636 -0.182857
v 0.044376 1.450474 -0.206914
v 0.047753 1.477980 -0.189029
v -0.044376 1.506636 -0.182857
v -0.044376 1.450474 -0.206914
v -0.047753 1.477980 -0.189029
v -0.060288 1.502525 -0.170880
v 0.060288 1.502525 -0.170880
v -0.060288 1.448337 -0.194091
v 0.060288 1.448337 -0.194091
v 0.065000 1.473391 -0.177724
v -0.064999 1.473391 -0.177724
v 0.012008 1.485696 -0.171448
v -0.012007 1.485696 -0.171448
v -0.012007 1.460359 -0.182301
v 0.012008 1.460359 -0.182301
v 0.008293 1.471927 -0.174306
v -0.008292 1.471927 -0.174306
v 0.044409 1.502744 -0.168629
v 0.044409 1.446556 -0.192697
v 0.047803 1.472122 -0.174761
v -0.044409 1.502744 -0.168629
v -0.044409 1.446556 -0.192697
v -0.047802 1.472122 -0.174761
v -0.063193 1.494589 -0.186126
v 0.063194 1.461152 -0.200449
v 0.063194 1.494589 -0.186126
v -0.063193 1.461152 -0.200449
v 0.008760 1.482638 -0.185858
v 0.008760 1.469203 -0.191613
v -0.008759 1.482638 -0.185858
v 0.055672 1.509004 -0.182922
v 0.025877 1.457249 -0.200561
v -0.025876 1.497363 -0.183378
v -0.055672 1.448887 -0.208673
v -0.008759 1.469203 -0.191613
v 0.027272 1.477272 -0.181294
v -0.059875 1.478114 -0.199939
v 0.025877 1.497363 -0.183378
v 0.055672 1.448887 -0.208673
v 0.059875 1.478114 -0.199939
v 0.046485 1.462295 -0.207615
v 0.046485 1.494584 -0.193784
v -0.055672 1.509004 -0.182922
v -0.025876 1.457249 -0.200561
v -0.027271 1.477272 -0.181294
v -0.046484 1.494584 -0.193784
v -0.046484 1.462295 -0.207615
v -0.063227 1.490859 -0.172291
v 0.063228 1.457407 -0.186620
v 0.063228 1.490859 -0.172291
v -0.063227 1.457407 -0.186620
v 0.008789 1.478907 -0.172022
v 0.008789 1.465459 -0.177783
v -0.008788 1.478907 -0.172022
v 0.055705 1.505279 -0.169085
v 0.025907 1.453500 -0.186733
v -0.025906 1.493637 -0.169541
v -0.055704 1.445137 -0.194846
v -0.008788 1.465459 -0.177783
v 0.027318 1.471659 -0.173679
v -0.059924 1.472501 -0.175644
v 0.025907 1.493637 -0.169541
v 0.055705 1.445137 -0.194846
v 0.059925 1.472501 -0.175644
v 0.046532 1.456670 -0.183325
v 0.046532 1.488982 -0.169484
v -0.055704 1.505279 -0.169085
v -0.025906 1.453500 -0.186733
v -0.027317 1.471659 -0.173679
v -0.046532 1.488982 -0.169484
v -0.046532 1.456670 -0.183325
v -0.060386 1.505951 -0.174021
v 0.060387 1.505951 -0.174021
v -0.060386 1.448247 -0.198739
v 0.060387 1.448247 -0.198739
v 0.066448 1.475344 -0.182282
v -0.066447 1.475344 -0.182282
v 0.008973 1.486635 -0.174743
v -0.008973 1.486635 -0.174743
v -0.008973 1.462096 -0.185254
v 0.008973 1.462096 -0.185254
v 0.001238 1.473660 -0.178352
v -0.001237 1.473660 -0.178352
v 0.043547 1.509291 -0.172290
v 0.043547 1.444690 -0.199962
v -0.043546 1.509291 -0.172290
v -0.043546 1.444690 -0.199962
v -0.026676 1.466036 -0.197372
v 0.058287 1.496126 -0.193759
v 0.058287 1.461213 -0.208714
v -0.026676 1.488991 -0.187539
v 0.026677 1.466036 -0.197372
v 0.026677 1.488991 -0.187539
v -0.058286 1.496126 -0.193759
v -0.058286 1.461213 -0.208714
v -0.026720 1.460648 -0.179713
v 0.058334 1.490759 -0.170009
v 0.058334 1.455824 -0.184974
v -0.026720 1.483623 -0.169872
v 0.026720 1.460648 -0.179713
v 0.026720 1.483623 -0.169872
v -0.058333 1.490759 -0.170009
v -0.058333 1.455824 -0.184974
v -0.064534 1.492649 -0.176743
v 0.064534 1.459394 -0.190987
v 0.064534 1.492649 -0.176743
v -0.064534 1.459394 -0.190987
v 0.002168 1.478807 -0.176447
v 0.002168 1.468730 -0.180763
v -0.002167 1.478807 -0.176447
v 0.054737 1.511957 -0.172595
v 0.025119 1.452796 -0.192785
v -0.025119 1.498503 -0.173206
v -0.054737 1.443071 -0.202102
v -0.002167 1.468730 -0.180763
v 0.025119 1.498503 -0.173206
v 0.054737 1.443071 -0.202102
v -0.054737 1.511957 -0.172595
v -0.025119 1.452796 -0.192785
v 0.014732 1.492385 -0.187056
v -0.014731 1.492385 -0.187056
v 0.012052 1.495733 -0.185621
v -0.012052 1.495733 -0.185621
v -0.014731 1.465009 -0.198782
v 0.014732 1.465009 -0.198782
v -0.012052 1.461661 -0.200217
v 0.012052 1.461661 -0.200217
v 0.014732 1.478697 -0.192919
v 0.012052 1.478697 -0.192919
v -0.012052 1.478697 -0.192919
v -0.014731 1.478697 -0.192919
v 0.014732 1.482620 -0.164261
v -0.014731 1.482620 -0.164261
v 0.012052 1.485969 -0.162827
v -0.012052 1.485969 -0.162827
v -0.014731 1.455245 -0.175987
v 0.014732 1.455245 -0.175987
v -0.012052 1.451896 -0.177422
v 0.012052 1.451896 -0.177422
v 0.014732 1.468933 -0.170124
v 0.012052 1.468933 -0.170124
v -0.012052 1.468933 -0.170124
v -0.014731 1.468933 -0.170124
vt 0.497268 0.411948
vt 0.501444 0.430592
vt 0.488985 0.433740
vt 0.484593 0.414481
vt 0.470547 0.475422
vt 0.462310 0.446783
vt 0.496362 0.446770
vt 0.508086 0.440596
vt 0.521276 0.457131
vt 0.520218 0.498341
vt 0.453918 0.486860
vt 0.453431 0.447660
vt 0.557721 0.505407
vt 0.518635 0.518416
vt 0.552723 0.488157
vt 0.618795 0.427832
vt 0.585229 0.477973
vt 0.557069 0.447249
vt 0.573489 0.420480
vt 0.539173 0.452190
vt 0.620137 0.379264
vt 0.573613 0.390721
vt 0.484593 0.414481
vt 0.459778 0.430021
vt 0.462310 0.446783
vt 0.488985 0.433740
vt 0.638820 0.375047
vt 0.637018 0.432979
vt 0.596806 0.492398
vt 0.565725 0.375854
vt 0.573613 0.390721
vt 0.620137 0.379264
vt 0.606999 0.354025
vt 0.587666 0.305132
vt 0.594565 0.309584
vt 0.584335 0.323034
vt 0.578398 0.319449
vt 0.547708 0.351476
vt 0.572124 0.315661
vt 0.559401 0.307980
vt 0.541619 0.345759
vt 0.527175 0.392045
vt 0.531531 0.402598
vt 0.515818 0.407024
vt 0.512401 0.397672
vt 0.520008 0.376067
vt 0.521122 0.378217
vt 0.507629 0.385433
vt 0.506750 0.383560
vt 0.512407 0.397685
vt 0.515818 0.407024
vt 0.515818 0.407024
vt 0.512423 0.397719
vt 0.565753 0.375881
vt 0.547244 0.398172
vt 0.541943 0.386408
vt 0.622232 0.345890
vt 0.638820 0.375047
vt 0.535869 0.423783
vt 0.519614 0.425913
vt 0.520862 0.439900
vt 0.532780 0.438504
vt 0.552124 0.421652
vt 0.544699 0.437107
vt 0.497268 0.411948
vt 0.501444 0.430592
vt 0.470547 0.475422
vt 0.496362 0.446770
vt 0.508086 0.440596
vt 0.521276 0.457131
vt 0.520218 0.498341
vt 0.453918 0.486860
vt 0.453431 0.447660
vt 0.557721 0.505407
vt 0.552723 0.488157
vt 0.518635 0.518416
vt 0.618795 0.427832
vt 0.573489 0.420480
vt 0.557069 0.447249
vt 0.585229 0.477973
vt 0.539173 0.452190
vt 0.459778 0.430021
vt 0.484593 0.414481
vt 0.484593 0.414481
vt 0.459778 0.430021
vt 0.637018 0.432979
vt 0.596806 0.492398
vt 0.572461 0.315865
vt 0.547854 0.351614
vt 0.541619 0.345759
vt 0.559401 0.307980
vt 0.587324 0.304911
vt 0.578104 0.319272
vt 0.584085 0.322883
vt 0.594276 0.309398
vt 0.484593 0.414481
vt 0.459778 0.430021
vt 0.462310 0.446783
vt 0.488985 0.433740
vt 0.527213 0.392119
vt 0.512432 0.397738
vt 0.515818 0.407024
vt 0.531531 0.402598
vt 0.520014 0.376077
vt 0.506755 0.383570
vt 0.507632 0.385439
vt 0.521110 0.378194
vt 0.506751 0.383561
vt 0.505873 0.381691
vt 0.505874 0.381694
vt 0.506754 0.383568
vt 0.541991 0.386495
vt 0.547244 0.398172
vt 0.512426 0.397726
vt 0.509035 0.388427
vt 0.509029 0.388414
vt 0.519614 0.425913
vt 0.535869 0.423783
vt 0.520862 0.439900
vt 0.532780 0.438504
vt 0.552124 0.421652
vt 0.544699 0.437107
vt 0.497268 0.411948
vt 0.484593 0.414481
vt 0.497268 0.411948
vt 0.559402 0.307980
vt 0.541619 0.345759
vt 0.459778 0.430021
vt 0.462310 0.446783
vt 0.453431 0.447660
vt 0.453431 0.447660
vt 0.462310 0.446783
vt 0.550726 0.354310
vt 0.553597 0.357006
vt 0.534589 0.370952
vt 0.533268 0.368574
vt 0.541619 0.345759
vt 0.529067 0.361020
vt 0.529067 0.361020
vt 0.541619 0.345759
vt 0.507629 0.385432
vt 0.516526 0.369344
vt 0.503985 0.377669
vt 0.503985 0.377669
vt 0.516526 0.369344
vt 0.565589 0.290886
vt 0.559402 0.307980
vt 0.559402 0.307980
vt 0.565589 0.290885
vt 0.462310 0.446783
vt 0.453431 0.447660
vt 0.516526 0.369344
vt 0.503985 0.377669
vt 0.503985 0.377669
vt 0.516526 0.369344
vt 0.529067 0.361020
vt 0.529067 0.361020
vt 0.565589 0.290885
vt 0.565589 0.290885
vt 0.497268 0.411948
vt 0.515818 0.407024
vt 0.509047 0.388452
vt 0.580372 0.300425
vt 0.505872 0.381689
vt 0.550489 0.354088
vt 0.533271 0.368581
vt 0.534596 0.370963
vt 0.553269 0.356699
vt 0.505877 0.381701
vt 0.518917 0.373960
vt 0.531946 0.366198
vt 0.518894 0.373916
vt 0.505871 0.381688
vt 0.503985 0.377669
vt 0.516526 0.369344
vt 0.531946 0.366197
vt 0.529067 0.361020
vt 0.565589 0.290885
vt 0.580768 0.300680
vt 0.557837 0.360988
vt 0.593861 0.328785
vt 0.536739 0.374818
vt 0.522895 0.381641
vt 0.506751 0.383563
vt 0.622289 0.345927
vt 0.607052 0.354057
vt 0.620137 0.379264
vt 0.536643 0.374645
vt 0.522819 0.381492
vt 0.507634 0.385443
vt 0.508996 0.388346
vt 0.507631 0.385436
vt 0.593968 0.328850
vt 0.557894 0.361041
vt 0.605643 0.316733
vt 0.508985 0.388321
vt 0.607052 0.354057
vt 0.605757 0.316807
vt 0.497268 0.411948
vt 0.501444 0.430592
vt 0.470547 0.475422
vt 0.496362 0.446770
vt 0.508086 0.440596
vt 0.521276 0.457131
vt 0.520218 0.498341
vt 0.552723 0.488157
vt 0.618795 0.427832
vt 0.573489 0.420480
vt 0.557069 0.447249
vt 0.585229 0.477973
vt 0.539173 0.452190
vt 0.573613 0.390721
vt 0.488985 0.433740
vt 0.462310 0.446783
vt 0.459778 0.430021
vt 0.484593 0.414481
vt 0.565725 0.375854
vt 0.557837 0.360988
vt 0.593861 0.328785
vt 0.606999 0.354025
vt 0.578398 0.319449
vt 0.584335 0.323034
vt 0.547708 0.351476
vt 0.541619 0.345759
vt 0.559401 0.307980
vt 0.572124 0.315661
vt 0.527175 0.392045
vt 0.512401 0.397672
vt 0.515818 0.407024
vt 0.531531 0.402598
vt 0.520008 0.376066
vt 0.506750 0.383560
vt 0.507629 0.385433
vt 0.521122 0.378217
vt 0.512407 0.397685
vt 0.512423 0.397719
vt 0.515818 0.407024
vt 0.515818 0.407024
vt 0.565753 0.375881
vt 0.541943 0.386409
vt 0.547244 0.398172
vt 0.620137 0.379264
vt 0.519614 0.425913
vt 0.535869 0.423783
vt 0.520862 0.439900
vt 0.532780 0.438504
vt 0.552124 0.421652
vt 0.544699 0.437107
vt 0.497268 0.411948
vt 0.501444 0.430592
vt 0.470547 0.475422
vt 0.496362 0.446770
vt 0.508086 0.440596
vt 0.521276 0.457131
vt 0.520218 0.498341
vt 0.552723 0.488157
vt 0.618795 0.427832
vt 0.585229 0.477973
vt 0.557069 0.447249
vt 0.573489 0.420480
vt 0.539173 0.452190
vt 0.573613 0.390721
vt 0.459778 0.430021
vt 0.484593 0.414481
vt 0.484593 0.414481
vt 0.459778 0.430021
vt 0.541619 0.345759
vt 0.547854 0.351614
vt 0.572461 0.315865
vt 0.559401 0.307980
vt 0.584085 0.322883
vt 0.578104 0.319272
vt 0.527213 0.392119
vt 0.531531 0.402598
vt 0.515818 0.407024
vt 0.512432 0.397738
vt 0.520014 0.376077
vt 0.521110 0.378194
vt 0.507632 0.385439
vt 0.506755 0.383570
vt 0.506751 0.383561
vt 0.506754 0.383568
vt 0.505874 0.381694
vt 0.505873 0.381691
vt 0.547244 0.398172
vt 0.541991 0.386495
vt 0.509029 0.388414
vt 0.509035 0.388427
vt 0.512426 0.397726
vt 0.535869 0.423783
vt 0.519614 0.425913
vt 0.520862 0.439900
vt 0.532780 0.438504
vt 0.552124 0.421652
vt 0.544699 0.437107
vt 0.497268 0.411948
vt 0.497268 0.411948
vt 0.484593 0.414481
vt 0.541619 0.345759
vt 0.559402 0.307980
vt 0.459778 0.430021
vt 0.462310 0.446783
vt 0.462310 0.446783
vt 0.550726 0.354310
vt 0.533267 0.368574
vt 0.534589 0.370952
vt 0.553597 0.357006
vt 0.541619 0.345759
vt 0.541619 0.345759
vt 0.529067 0.361020
vt 0.529067 0.361020
vt 0.507629 0.385432
vt 0.516526 0.369344
vt 0.516526 0.369344
vt 0.503985 0.377669
vt 0.503985 0.377669
vt 0.559402 0.307980
vt 0.559402 0.307980
vt 0.462310 0.446783
vt 0.516526 0.369344
vt 0.516526 0.369344
vt 0.503985 0.377669
vt 0.503985 0.377669
vt 0.529067 0.361020
vt 0.529067 0.361020
vt 0.497268 0.411948
vt 0.515818 0.407024
vt 0.509047 0.388452
vt 0.505872 0.381689
vt 0.550489 0.354088
vt 0.553269 0.356699
vt 0.534596 0.370963
vt 0.533271 0.368581
vt 0.505877 0.381701
vt 0.518917 0.373960
vt 0.531946 0.366198
vt 0.518894 0.373916
vt 0.516526 0.369344
vt 0.503985 0.377669
vt 0.505871 0.381688
vt 0.529067 0.361020
vt 0.531946 0.366197
vt 0.522895 0.381641
vt 0.536739 0.374818
vt 0.506751 0.383563
vt 0.459778 0.430021
vt 0.536643 0.374645
vt 0.522819 0.381492
vt 0.507634 0.385443
vt 0.508996 0.388346
vt 0.507630 0.385436
vt 0.593968 0.328850
vt 0.557894 0.361041
vt 0.508985 0.388321
vt 0.557837 0.360988
vt 0.593861 0.328785
vt 0.592520 0.327975
vt 0.557328 0.360510
vt 0.521395 0.378745
vt 0.507823 0.385846
vt 0.507629 0.385433
vt 0.521122 0.378217
vt 0.534892 0.371496
vt 0.553778 0.357176
vt 0.553269 0.356699
vt 0.534596 0.370963
vt 0.508985 0.388321
vt 0.509029 0.388414
vt 0.508828 0.387986
vt 0.508791 0.387908
vt 0.508882 0.388102
vt 0.509035 0.388427
vt 0.585426 0.323693
vt 0.584085 0.322883
vt 0.509047 0.388452
vt 0.522895 0.381641
vt 0.522625 0.381118
vt 0.508844 0.388021
vt 0.536739 0.374818
vt 0.536443 0.374285
vt 0.605757 0.316807
vt 0.593968 0.328850
vt 0.592482 0.327953
vt 0.604021 0.315686
vt 0.605643 0.316733
vt 0.604094 0.315733
vt 0.522819 0.381492
vt 0.522545 0.380964
vt 0.557894 0.361041
vt 0.536643 0.374645
vt 0.536325 0.374073
vt 0.557527 0.360697
vt 0.592415 0.327912
vt 0.593968 0.328850
vt 0.557505 0.360676
vt 0.557894 0.361041
vt 0.553986 0.357371
vt 0.553597 0.357006
vt 0.534589 0.370952
vt 0.534918 0.371542
vt 0.507831 0.385863
vt 0.507632 0.385439
vt 0.521110 0.378194
vt 0.521378 0.378710
vt 0.509035 0.388427
vt 0.508870 0.388075
vt 0.508847 0.388028
vt 0.509047 0.388452
vt 0.509029 0.388414
vt 0.508866 0.388067
vt 0.553270 0.356699
vt 0.584085 0.322883
vt 0.585440 0.323701
vt 0.553748 0.357149
vt 0.534893 0.371498
vt 0.534596 0.370963
vt 0.536739 0.374818
vt 0.536442 0.374283
vt 0.557358 0.360538
vt 0.557837 0.360988
vt 0.593861 0.328785
vt 0.592506 0.327967
vt 0.522819 0.381492
vt 0.522543 0.380960
vt 0.508791 0.387907
vt 0.508985 0.388321
vt 0.521398 0.378749
vt 0.521122 0.378217
vt 0.507629 0.385433
vt 0.507823 0.385847
vt 0.536643 0.374645
vt 0.536315 0.374055
vt 0.596302 0.310705
vt 0.594565 0.309584
vt 0.584335 0.323034
vt 0.585889 0.323972
vt 0.522895 0.381641
vt 0.522628 0.381125
vt 0.507629 0.385432
vt 0.507794 0.385783
vt 0.507797 0.385790
vt 0.507634 0.385443
vt 0.585822 0.323931
vt 0.584335 0.323034
vt 0.534907 0.371524
vt 0.534589 0.370952
vt 0.594276 0.309398
vt 0.595825 0.310397
vt 0.553964 0.357351
vt 0.553597 0.357006
vt 0.507629 0.385432
vt 0.507634 0.385443
vt 0.507835 0.385872
vt 0.507781 0.385757
vt 0.521381 0.378717
vt 0.521110 0.378194
vt 0.507835 0.385871
vt 0.507632 0.385439
vt 0.557837 0.360988
vt 0.557328 0.360510
vt 0.592520 0.327975
vt 0.593861 0.328785
vt 0.521395 0.378745
vt 0.521122 0.378217
vt 0.507629 0.385433
vt 0.507823 0.385846
vt 0.534892 0.371496
vt 0.534596 0.370963
vt 0.553269 0.356699
vt 0.553778 0.357176
vt 0.508985 0.388321
vt 0.508791 0.387908
vt 0.508828 0.387986
vt 0.509029 0.388414
vt 0.508882 0.388102
vt 0.509035 0.388427
vt 0.584085 0.322883
vt 0.585426 0.323693
vt 0.509047 0.388452
vt 0.508844 0.388021
vt 0.522625 0.381118
vt 0.522895 0.381641
vt 0.536739 0.374818
vt 0.536443 0.374285
vt 0.605757 0.316807
vt 0.604021 0.315686
vt 0.592482 0.327953
vt 0.593968 0.328850
vt 0.604094 0.315733
vt 0.605643 0.316733
vt 0.522819 0.381492
vt 0.522545 0.380964
vt 0.557894 0.361041
vt 0.557527 0.360697
vt 0.536325 0.374073
vt 0.536643 0.374645
vt 0.593968 0.328850
vt 0.592415 0.327912
vt 0.557894 0.361041
vt 0.557505 0.360676
vt 0.553986 0.357371
vt 0.534918 0.371542
vt 0.534589 0.370952
vt 0.553597 0.357006
vt 0.507831 0.385863
vt 0.521378 0.378710
vt 0.521110 0.378194
vt 0.507632 0.385439
vt 0.509035 0.388427
vt 0.509047 0.388452
vt 0.508847 0.388028
vt 0.508870 0.388075
vt 0.508866 0.388067
vt 0.509029 0.388414
vt 0.553270 0.356699
vt 0.553748 0.357149
vt 0.585440 0.323701
vt 0.584085 0.322883
vt 0.534893 0.371498
vt 0.534596 0.370963
vt 0.536739 0.374818
vt 0.557837 0.360988
vt 0.557358 0.360538
vt 0.536442 0.374283
vt 0.593861 0.328785
vt 0.592506 0.327967
vt 0.522819 0.381492
vt 0.508985 0.388321
vt 0.508791 0.387907
vt 0.522543 0.380960
vt 0.521398 0.378749
vt 0.507823 0.385847
vt 0.507629 0.385433
vt 0.521122 0.378217
vt 0.536643 0.374645
vt 0.536315 0.374055
vt 0.596302 0.310705
vt 0.585889 0.323972
vt 0.584335 0.323034
vt 0.594565 0.309584
vt 0.522895 0.381641
vt 0.522628 0.381125
vt 0.507629 0.385432
vt 0.507634 0.385443
vt 0.507797 0.385790
vt 0.507794 0.385783
vt 0.584335 0.323034
vt 0.585822 0.323931
vt 0.534907 0.371524
vt 0.534589 0.370952
vt 0.595825 0.310397
vt 0.594276 0.309398
vt 0.553597 0.357006
vt 0.553964 0.357351
vt 0.507629 0.385432
vt 0.507781 0.385757
vt 0.507835 0.385872
vt 0.507634 0.385443
vt 0.521381 0.378717
vt 0.521110 0.378194
vt 0.507632 0.385439
vt 0.507835 0.385871
vt 0.189290 0.500000
vt 0.279991 0.500000
vt 0.279480 0.738233
vt 0.189290 0.739583
vt 0.347032 0.500000
vt 0.344330 0.734182
vt 0.331258 0.875000
vt 0.277947 0.909529
vt 0.189290 0.916667
vt 0.810710 0.083333
vt 0.899367 0.090471
vt 0.900900 0.261767
vt 0.810710 0.260417
vt 0.952678 0.125000
vt 0.965750 0.265818
vt 0.968452 0.500000
vt 0.901412 0.500000
vt 0.810710 0.500000
vt 0.900900 0.738233
vt 0.810710 0.739583
vt 0.965750 0.734182
vt 0.952678 0.875000
vt 0.899367 0.909529
vt 0.810710 0.916667
vt 0.189290 0.083333
vt 0.277947 0.090471
vt 0.279480 0.261767
vt 0.189290 0.260417
vt 0.331258 0.125000
vt 0.344330 0.265818
vt 0.652968 0.500000
vt 0.720009 0.500000
vt 0.720520 0.738233
vt 0.655670 0.734182
vt 0.722053 0.909529
vt 0.668742 0.875000
vt 0.668743 0.125000
vt 0.722053 0.090471
vt 0.720520 0.261767
vt 0.655670 0.265818
vt 0.047323 0.125000
vt 0.100633 0.090471
vt 0.099100 0.261767
vt 0.034250 0.265818
vt 0.098589 0.500000
vt 0.031548 0.500000
vt 0.099100 0.738233
vt 0.034250 0.734182
vt 0.100633 0.909529
vt 0.047323 0.875000
vt 0.189290 0.500000
vt 0.189290 0.750000
vt 0.283935 0.750000
vt 0.283935 0.500000
vt 0.189290 1.000000
vt 0.283935 1.000000
vt 0.378580 1.000000
vt 0.378580 0.750000
vt 0.378580 0.500000
vt 0.810710 0.000000
vt 0.810710 0.250000
vt 0.905355 0.250000
vt 0.905355 0.000000
vt 0.810710 0.500000
vt 0.905355 0.500000
vt 1.000000 0.500000
vt 1.000000 0.250000
vt 1.000000 0.000000
vt 0.810710 0.750000
vt 0.905355 0.750000
vt 0.810710 1.000000
vt 0.905355 1.000000
vt 1.000000 1.000000
vt 1.000000 0.750000
vt 0.189290 0.000000
vt 0.189290 0.250000
vt 0.283935 0.250000
vt 0.283935 0.000000
vt 0.378580 0.250000
vt 0.378580 0.000000
vt 0.621420 0.500000
vt 0.621420 0.750000
vt 0.716065 0.750000
vt 0.716065 0.500000
vt 0.621420 1.000000
vt 0.716065 1.000000
vt 0.621420 0.000000
vt 0.621420 0.250000
vt 0.716065 0.250000
vt 0.716065 0.000000
vt 0.000000 0.000000
vt 0.000000 0.250000
vt 0.094645 0.250000
vt 0.094645 0.000000
vt 0.000000 0.500000
vt 0.094645 0.500000
vt 0.000000 0.750000
vt 0.094645 0.750000
vt 0.000000 1.000000
vt 0.094645 1.000000
vt 0.007741 0.261767
vt 0.034250 0.090471
vt 0.003944 0.500000
vt 0.003944 0.260417
vt 0.031548 0.083333
vt 0.992259 0.738233
vt 0.965750 0.909529
vt 0.996057 0.500000
vt 0.996057 0.739583
vt 0.968452 0.916667
vt 0.992259 0.261767
vt 0.965750 0.090471
vt 0.968452 0.083333
vt 0.996057 0.260417
vt 0.007741 0.738233
vt 0.034250 0.909529
vt 0.031548 0.916667
vt 0.003944 0.739583
vt 0.629161 0.261767
vt 0.655670 0.090471
vt 0.625364 0.500000
vt 0.625364 0.260417
vt 0.652968 0.083333
vt 0.629161 0.738233
vt 0.655670 0.909529
vt 0.652968 0.916667
vt 0.625364 0.739583
vt 0.370839 0.261767
vt 0.374636 0.500000
vt 0.344330 0.090471
vt 0.347032 0.083333
vt 0.374636 0.260417
vt 0.900900 0.020448
vt 0.810710 0.010417
vt 0.901412 0.010417
vt 0.720520 0.979553
vt 0.810710 0.989583
vt 0.720009 0.989583
vt 0.279480 0.020448
vt 0.189290 0.010417
vt 0.279991 0.010417
vt 0.099100 0.979553
vt 0.189290 0.989583
vt 0.098589 0.989583
vt 0.370839 0.738233
vt 0.344330 0.909529
vt 0.374637 0.739583
vt 0.347032 0.916667
vt 0.720520 0.020448
vt 0.720009 0.010417
vt 0.900900 0.979553
vt 0.901412 0.989583
vt 0.099100 0.020448
vt 0.098589 0.010417
vt 0.279480 0.979553
vt 0.279991 0.989583
vt 0.621420 0.500000
vt 0.621420 1.000000
vt 0.544443 1.020058
vt 0.544443 0.500000
vt 0.455557 1.020058
vt 0.455557 0.500000
vt 0.378580 1.000000
vt 0.378580 0.500000
vt 0.455557 -0.020058
vt 0.378580 0.000000
vt 0.544443 -0.020058
vt 0.621420 0.000000
vt 0.621420 0.500000
vt 0.544443 0.500000
vt 0.544443 1.020058
vt 0.621420 1.000000
vt 0.455557 0.500000
vt 0.455557 1.020058
vt 0.378580 0.500000
vt 0.378580 1.000000
vt 0.455557 -0.020058
vt 0.378580 0.000000
vt 0.544443 -0.020058
vt 0.621420 0.000000
vn 0.8641 0.2683 0.4259
vn 0.9405 0.1957 0.2776
vn 0.8170 -0.0270 0.5760
vn 0.7459 -0.2661 0.6106
vn 0.4408 0.5649 0.6975
vn 0.4887 -0.0210 0.8722
vn 0.8155 0.3593 0.4536
vn 0.9699 0.0136 0.2429
vn 0.7534 0.6463 0.1209
vn 0.3572 0.9216 0.1516
vn -0.0008 0.6246 0.7809
vn 0.0001 0.1174 0.9931
vn -0.0011 0.9365 -0.3507
vn -0.0016 0.9864 0.1642
vn 0.3452 0.8799 -0.3265
vn 0.3806 0.1461 -0.9131
vn 0.3321 0.5788 -0.7447
vn 0.7101 0.3723 -0.5976
vn 0.6530 0.0656 -0.7545
vn 0.7400 0.6207 -0.2592
vn 0.4296 -0.1956 -0.8816
vn 0.5696 -0.1584 -0.8065
vn -0.6603 -0.0739 -0.7473
vn -0.2470 0.0595 -0.9672
vn -0.2533 0.3038 -0.9185
vn -0.6256 0.2896 -0.7244
vn -0.0042 -0.1771 -0.9842
vn -0.0004 0.2389 -0.9710
vn 0.0004 0.6151 -0.7884
vn -0.2850 0.5973 0.7496
vn -0.4044 0.2621 0.8762
vn -0.1726 0.2980 0.9388
vn -0.1751 0.5816 0.7944
vn 0.0003 0.8855 -0.4646
vn 0.0023 0.7365 -0.6764
vn 0.1560 0.8142 -0.5592
vn 0.0388 0.8957 -0.4430
vn -0.3495 -0.1542 0.9242
vn -0.4964 -0.1300 0.8583
vn -0.2274 -0.4260 0.8756
vn -0.2264 -0.5956 0.7707
vn 0.6237 -0.6975 -0.3528
vn 0.9523 0.0882 -0.2922
vn 0.9688 0.2459 -0.0309
vn 0.8173 -0.5144 -0.2596
vn 0.4957 0.8685 -0.0076
vn 0.6798 0.7316 -0.0516
vn 0.6197 0.7548 0.2148
vn 0.4782 0.8675 0.1371
vn 0.5643 -0.7868 0.2501
vn 0.8619 -0.1891 0.4705
vn 0.6154 -0.4704 0.6324
vn 0.2976 -0.8145 0.4979
vn 0.4226 -0.8215 -0.3827
vn 0.6604 -0.1291 -0.7397
vn 0.5736 -0.5576 -0.6000
vn -0.0006 0.5542 0.8323
vn 0.0008 0.2968 0.9549
vn 0.9796 0.1592 -0.1227
vn 0.9581 0.2648 0.1093
vn 0.9872 0.0933 0.1288
vn 0.9781 0.1827 -0.0990
vn 0.9005 0.0372 -0.4332
vn 0.8926 0.2216 -0.3926
vn -0.8507 -0.1140 -0.5132
vn -0.9104 0.1438 -0.3878
vn -0.4551 -0.5259 -0.7186
vn -0.7947 -0.3312 -0.5087
vn -0.9561 0.0741 -0.2835
vn -0.7567 -0.6523 0.0428
vn -0.4425 -0.8880 -0.1250
vn 0.0002 -0.5925 -0.8056
vn 0.0000 0.2247 -0.9744
vn 0.0007 -0.9335 0.3585
vn -0.5335 -0.7678 0.3546
vn 0.0006 -0.9797 -0.2004
vn -0.2924 0.1203 0.9487
vn -0.5687 0.0564 0.8206
vn -0.7295 -0.3263 0.6011
vn -0.4823 -0.3519 0.8021
vn -0.7699 -0.5531 0.3183
vn -0.4786 -0.8192 -0.3157
vn -0.3851 -0.8505 -0.3583
vn 0.2448 -0.9285 0.2793
vn 0.0827 -0.8546 0.5126
vn -0.0014 0.1530 0.9882
vn -0.0010 -0.4695 0.8829
vn 0.1670 0.1272 -0.9777
vn 0.2716 0.2997 -0.9145
vn 0.4355 -0.6991 -0.5671
vn 0.0875 -0.7826 -0.6162
vn -0.0017 -0.6084 0.7936
vn -0.4890 -0.5845 0.6475
vn -0.5399 -0.4797 0.6917
vn -0.0012 -0.5940 0.8044
vn -0.7498 -0.2528 0.6114
vn -0.5076 -0.3913 0.7676
vn -0.4824 -0.0231 0.8756
vn -0.8160 -0.0332 0.5770
vn -0.7168 0.4128 0.5619
vn -0.4017 -0.5123 0.7590
vn -0.9653 -0.1206 0.2315
vn -0.9222 0.0960 0.3746
vn -0.7040 -0.7035 0.0972
vn -0.5849 -0.2930 0.7563
vn -0.5089 -0.4003 0.7620
vn -0.7965 -0.5306 0.2897
vn 0.2539 0.6537 0.7129
vn 0.3756 0.0575 0.9250
vn 0.7120 0.2539 0.6547
vn 0.4581 0.7997 0.3881
vn -0.7149 0.5934 0.3697
vn -0.8456 0.2406 0.4764
vn -0.2372 -0.7024 0.6711
vn 0.3066 -0.6659 0.6801
vn 0.7385 -0.3788 0.5578
vn -0.9973 0.0366 0.0627
vn -0.9919 0.0432 0.1196
vn -0.9724 -0.2035 0.1137
vn -0.9195 -0.3263 0.2191
vn -0.9049 0.0015 0.4255
vn -0.8280 -0.3674 0.4237
vn 0.7740 -0.2356 0.5876
vn 0.5822 -0.5373 0.6101
vn 0.4417 -0.8044 0.3973
vn 0.0867 -0.9647 0.2486
vn 0.1445 -0.9775 0.1535
vn 0.3840 -0.5435 0.7464
vn 0.1961 -0.3110 0.9299
vn 0.0004 -0.1966 0.9805
vn -0.0002 -0.8136 0.5814
vn -0.4754 -0.7788 0.4092
vn 0.1081 0.8688 -0.4832
vn 0.2436 0.7374 -0.6300
vn 0.3326 0.8820 -0.3337
vn 0.2167 0.8972 -0.3847
vn 0.3410 -0.8581 -0.3839
vn 0.3969 -0.7945 -0.4595
vn 0.1840 -0.9310 -0.3153
vn 0.3124 -0.9237 -0.2216
vn 0.4555 0.4460 0.7704
vn 0.4652 -0.7986 -0.3817
vn 0.7123 -0.6947 0.0998
vn 0.5965 -0.6996 0.3934
vn 0.3132 -0.9439 -0.1045
vn 0.0000 -0.9067 -0.4218
vn 0.0831 -0.9410 -0.3279
vn 0.0520 -0.9816 -0.1837
vn 0.0000 -0.9499 -0.3126
vn -0.2446 -0.0891 -0.9655
vn -0.0006 0.4193 -0.9078
vn 0.0782 -0.9647 0.2514
vn 0.1714 -0.7300 0.6616
vn -0.3978 -0.7464 0.5335
vn -0.6888 -0.4006 0.6041
vn -0.0381 -0.9814 0.1882
vn -0.5098 -0.3997 0.7618
vn -0.0000 -0.9961 0.0880
vn -0.0013 -0.4924 0.8703
vn -0.5200 -0.7230 -0.4547
vn -0.6673 -0.6657 0.3339
vn -0.3701 0.0131 0.9289
vn -0.0018 -0.0614 0.9981
vn 0.8001 0.2924 0.5238
vn -0.3056 -0.6160 0.7260
vn -0.4482 -0.6854 0.5739
vn -0.4868 -0.6047 0.6303
vn -0.4164 -0.3244 0.8493
vn -0.5482 -0.1993 0.8122
vn -0.9384 -0.2061 0.2771
vn -0.7076 -0.1391 0.6927
vn 0.8901 0.2380 -0.3886
vn 0.9507 0.3095 -0.0168
vn 0.7508 -0.6173 -0.2350
vn 0.7092 -0.6272 -0.3218
vn 0.6151 0.0543 -0.7866
vn 0.3289 -0.7294 -0.5998
vn 0.0000 -0.7089 -0.7052
vn 0.0001 0.3642 -0.9313
vn -0.3092 0.4725 0.8253
vn -0.4471 0.4233 0.7880
vn -0.5231 0.7169 0.4608
vn -0.8336 0.3954 0.3857
vn 0.4769 0.7615 0.4390
vn -0.0073 -0.8143 -0.5804
vn -0.4925 -0.6152 -0.6156
vn -0.4558 -0.1900 -0.8695
vn 0.4711 -0.8767 -0.0971
vn 0.9384 -0.2946 -0.1803
vn 0.6513 0.6562 0.3810
vn 0.3902 -0.6537 0.6484
vn 0.4259 0.4891 0.7611
vn 0.2487 -0.7790 -0.5755
vn 0.4631 -0.0523 -0.8848
vn -0.0026 0.4183 0.9083
vn 0.5033 -0.8627 0.0490
vn 0.4753 -0.6187 -0.6255
vn 0.0047 -0.2708 -0.9626
vn -0.8562 0.2787 0.4350
vn -0.9413 0.1882 0.2803
vn -0.4359 0.5654 0.7002
vn -0.8150 0.3576 0.4559
vn -0.9719 -0.0089 0.2354
vn -0.7490 0.6501 0.1276
vn -0.3504 0.9241 0.1523
vn -0.3418 0.8801 -0.3295
vn -0.3877 0.1458 -0.9102
vn -0.6676 0.0654 -0.7416
vn -0.7082 0.3614 -0.6065
vn -0.3305 0.5772 -0.7468
vn -0.7360 0.6243 -0.2619
vn -0.6210 -0.1387 -0.7714
vn 0.6343 0.2816 -0.7199
vn 0.2522 0.2982 -0.9206
vn 0.3700 -0.1281 -0.9201
vn 0.6711 -0.1108 -0.7330
vn 0.2854 0.5984 0.7486
vn 0.3099 0.4699 0.8265
vn 0.4416 0.4300 0.7874
vn 0.1742 0.5814 0.7947
vn -0.0381 0.8957 -0.4430
vn -0.1543 0.8125 -0.5622
vn 0.3508 -0.1534 0.9238
vn 0.2223 -0.5980 0.7700
vn 0.2289 -0.4260 0.8753
vn 0.4965 -0.1302 0.8582
vn -0.6177 -0.6968 -0.3645
vn -0.8119 -0.4992 -0.3025
vn -0.9668 0.2503 -0.0504
vn -0.9429 0.1057 -0.3157
vn -0.4927 0.8700 -0.0173
vn -0.4672 0.8760 0.1196
vn -0.6091 0.7827 0.1278
vn -0.6730 0.7363 -0.0699
vn -0.5728 -0.7888 0.2230
vn -0.3066 -0.8145 0.4924
vn -0.6330 -0.4555 0.6259
vn -0.8666 -0.1637 0.4713
vn -0.4146 -0.8147 -0.4054
vn -0.5990 -0.5560 -0.5763
vn -0.6974 -0.1068 -0.7086
vn 0.1729 0.2972 0.9390
vn -0.9618 0.2432 0.1257
vn -0.9806 0.1326 -0.1441
vn -0.9843 0.0895 0.1517
vn -0.9823 0.1640 -0.0903
vn -0.8997 0.0370 -0.4348
vn -0.8879 0.1828 -0.4220
vn 0.8595 -0.0813 -0.5046
vn 0.9105 0.1463 -0.3867
vn 0.4552 -0.5256 -0.7187
vn 0.7945 -0.3309 -0.5090
vn 0.9560 0.0742 -0.2838
vn 0.7569 -0.6522 0.0426
vn 0.4428 -0.8879 -0.1249
vn 0.5360 -0.7656 0.3558
vn 0.2916 0.1219 0.9487
vn 0.4786 -0.3473 0.8064
vn 0.7306 -0.3263 0.5997
vn 0.5689 0.0566 0.8205
vn 0.7702 -0.5527 0.3183
vn 0.4031 0.2617 0.8769
vn -0.0545 -0.8771 0.4772
vn -0.2138 -0.9379 0.2732
vn 0.4037 -0.8473 -0.3451
vn 0.3928 -0.8356 -0.3839
vn -0.4356 -0.6990 -0.5671
vn -0.2716 0.2998 -0.9145
vn -0.1669 0.1273 -0.9777
vn -0.0875 -0.7826 -0.6163
vn 0.5336 -0.4845 0.6931
vn 0.4885 -0.5840 0.6482
vn 0.7090 0.3909 0.5868
vn 0.9137 0.0912 0.3959
vn 0.9758 -0.0630 0.2094
vn 0.4832 -0.4962 0.7213
vn 0.6990 -0.7080 0.1002
vn 0.7964 -0.5268 0.2970
vn 0.5147 -0.4086 0.7537
vn 0.5881 -0.3032 0.7497
vn -0.2474 0.6384 0.7288
vn -0.4507 0.8013 0.3933
vn -0.7025 0.2566 0.6638
vn -0.3588 0.0417 0.9325
vn 0.8460 0.2398 0.4761
vn 0.7143 0.5948 0.3687
vn -0.8110 -0.3137 0.4939
vn -0.2159 -0.6802 0.7006
vn 0.3713 -0.6690 0.6438
vn 0.9918 0.0433 0.1202
vn 0.9974 0.0362 0.0626
vn 0.9724 -0.2035 0.1137
vn 0.9195 -0.3264 0.2190
vn 0.9048 0.0010 0.4259
vn 0.8278 -0.3673 0.4241
vn -0.7787 -0.1904 0.5977
vn -0.4670 -0.7783 0.4196
vn -0.5804 -0.5246 0.6227
vn -0.1460 -0.9763 0.1595
vn -0.0864 -0.9647 0.2487
vn -0.3807 -0.5485 0.7444
vn -0.1951 -0.3145 0.9290
vn 0.4624 -0.8018 0.3786
vn -0.1077 0.8687 -0.4834
vn -0.2172 0.8973 -0.3843
vn -0.3334 0.8826 -0.3314
vn -0.2434 0.7377 -0.6297
vn -0.3410 -0.8581 -0.3839
vn -0.3125 -0.9235 -0.2223
vn -0.1844 -0.9310 -0.3151
vn -0.3963 -0.7949 -0.4594
vn -0.4611 0.4609 0.7583
vn -0.4637 -0.8050 -0.3700
vn -0.3170 -0.9432 -0.0990
vn -0.5985 -0.6862 0.4133
vn -0.7122 -0.6930 0.1115
vn -0.0519 -0.9815 -0.1840
vn -0.0831 -0.9410 -0.3279
vn 0.2225 -0.0874 -0.9710
vn -0.0696 -0.9683 0.2399
vn 0.6516 -0.4723 0.5935
vn 0.4048 -0.7439 0.5317
vn -0.1581 -0.7450 0.6481
vn 0.5568 -0.3350 0.7600
vn 0.0495 -0.9816 0.1845
vn 0.5355 -0.7158 -0.4481
vn 0.8090 -0.5601 0.1784
vn 0.3638 -0.0027 0.9315
vn -0.7993 0.3007 0.5202
vn 0.3056 -0.6175 0.7247
vn 0.4199 -0.3153 0.8510
vn 0.4805 -0.6069 0.6330
vn 0.4372 -0.6835 0.5846
vn 0.5578 -0.2040 0.8045
vn 0.9338 -0.2076 0.2914
vn 0.6886 -0.1381 0.7118
vn -0.8907 0.2338 -0.3899
vn -0.7100 -0.6290 -0.3166
vn -0.7484 -0.6210 -0.2327
vn -0.9462 0.3232 -0.0123
vn -0.3287 -0.7295 -0.5998
vn -0.6154 0.0544 -0.7863
vn 0.8294 0.4010 0.3889
vn 0.5229 0.7188 0.4581
vn -0.4663 0.7802 0.4169
vn 0.5113 -0.3870 0.7673
vn -0.4531 -0.8820 -0.1294
vn -0.9369 -0.2808 -0.2083
vn -0.6706 0.6492 0.3590
vn -0.4498 -0.6637 0.5976
vn -0.4667 0.4953 0.7327
vn -0.2423 -0.7868 -0.5676
vn -0.4516 -0.0494 -0.8908
vn -0.5116 -0.8589 -0.0214
vn -0.1646 0.6589 0.7339
vn -0.4053 0.6033 0.6868
vn -0.5825 -0.1035 0.8062
vn -0.2644 -0.0370 0.9637
vn 0.9167 0.3921 -0.0770
vn 0.9059 0.3099 0.2886
vn 0.9547 -0.2804 0.0991
vn 0.7160 -0.6441 -0.2691
vn -0.6419 -0.1314 0.7555
vn -0.3591 -0.0317 0.9327
vn -0.4821 -0.5689 0.6662
vn -0.3242 -0.9188 0.2252
vn 0.5336 0.7320 0.4237
vn 0.3330 0.9085 0.2523
vn 0.8028 0.1377 0.5801
vn 0.8999 0.3326 0.2821
vn 0.7500 0.1764 0.6375
vn 0.5868 0.6960 0.4137
vn -0.7321 -0.0541 0.6790
vn -0.4054 -0.7844 0.4694
vn -0.0150 0.5926 0.8053
vn -0.7603 0.5213 0.3873
vn -0.9117 -0.1387 0.3866
vn -0.1823 -0.0634 0.9812
vn -0.3264 0.9170 0.2291
vn -0.8134 -0.0691 0.5775
vn 0.0137 0.8900 -0.4557
vn 0.3763 0.8806 -0.2879
vn 0.4033 0.4661 -0.7874
vn 0.0068 0.4165 -0.9091
vn 0.0140 0.7362 0.6765
vn 0.0007 -0.2138 0.9769
vn 0.4291 0.8939 0.1293
vn 0.9134 0.3893 -0.1186
vn 0.1514 0.9398 -0.3063
vn 0.2174 0.9502 -0.2231
vn 0.5430 0.6123 -0.5746
vn 0.4454 0.4338 -0.7832
vn -0.3938 0.4649 -0.7929
vn -0.3512 0.8896 -0.2918
vn -0.4377 0.4374 -0.7855
vn -0.1547 0.9380 -0.3100
vn -0.3449 0.4056 -0.8464
vn -0.3050 -0.6539 -0.6923
vn -0.7692 0.0276 -0.6384
vn -0.5877 0.6012 -0.5414
vn 0.3429 -0.0847 0.9355
vn 0.3306 -0.7117 0.6197
vn 0.6119 -0.7464 0.2616
vn 0.8974 -0.1255 0.4229
vn -0.6001 0.7113 0.3658
vn -0.8039 0.1866 0.5647
vn 0.1880 -0.0695 0.9797
vn 0.0204 0.5711 0.8206
vn -0.4276 0.8796 0.2082
vn -0.8537 0.1314 0.5039
vn 0.5051 -0.5570 0.6592
vn 0.3898 -0.7898 0.4735
vn 0.7364 -0.0490 0.6748
vn 0.3609 -0.0355 0.9319
vn 0.6371 -0.1315 0.7595
vn 0.3270 -0.9163 0.2313
vn 0.3283 0.9199 0.2145
vn 0.8134 -0.0651 0.5780
vn 0.2662 -0.0361 0.9632
vn 0.1637 0.6567 0.7361
vn 0.4105 0.6096 0.6782
vn 0.5835 -0.1008 0.8058
vn -0.4164 0.8986 0.1380
vn -0.9047 0.4056 -0.1302
vn -0.9084 0.3390 0.2447
vn -0.5235 0.7177 0.4592
vn -0.9005 0.4190 -0.1157
vn -0.7001 -0.6505 -0.2944
vn -0.9667 -0.2534 -0.0353
vn -0.9262 0.3041 0.2226
vn -0.2203 0.9512 -0.2160
vn -0.5522 0.6088 -0.5695
vn 0.0012 0.4417 -0.8972
vn -0.0009 -0.6508 -0.7592
vn -0.1687 -0.1018 -0.9804
vn -0.3055 0.4831 -0.8205
vn 0.7580 0.5314 0.3781
vn 0.9132 -0.1326 0.3853
vn -0.6648 -0.3732 0.6471
vn -0.6855 0.1569 0.7110
vn -0.8761 0.1502 0.4581
vn -0.5127 -0.7519 0.4143
vn 0.3120 0.4854 -0.8167
vn 0.1567 -0.0994 -0.9826
vn 0.5819 0.6029 -0.5457
vn 0.7703 0.0283 -0.6371
vn 0.0045 -0.9665 0.2566
vn -0.0004 -0.2212 0.9752
vn 0.3419 0.4005 -0.8501
vn 0.3045 -0.6552 -0.6913
vn 0.6524 -0.3799 0.6558
vn 0.4707 -0.7580 0.4515
vn 0.8370 0.1690 0.5204
vn 0.6541 0.1439 0.7425
vn -0.8996 -0.1316 0.4164
vn -0.6126 -0.7505 0.2479
vn -0.3417 -0.0883 0.9356
vn -0.3270 -0.7129 0.6203
vn 0.1841 0.7475 -0.6382
vn 0.3286 0.0528 -0.9430
vn 0.4982 0.1197 -0.8587
vn 0.1907 0.8132 -0.5498
vn -0.9296 -0.3617 0.0701
vn -0.5131 -0.8494 -0.1237
vn -0.2040 -0.9788 -0.0183
vn -0.9075 -0.3358 -0.2521
vn 0.6446 0.1064 -0.7570
vn 0.4098 -0.5181 -0.7507
vn 0.3272 -0.8125 -0.4825
vn 0.4333 0.0368 -0.9004
vn -0.4967 0.8621 -0.0998
vn -0.8889 -0.3518 -0.2932
vn -0.7968 -0.1556 -0.5838
vn -0.7056 0.4513 -0.5462
vn -0.7456 -0.1875 -0.6394
vn -0.4292 0.7830 -0.4502
vn 0.6251 -0.5813 -0.5209
vn 0.6573 0.0921 -0.7480
vn 0.0156 0.8211 -0.5705
vn 0.1748 0.0590 -0.9828
vn 0.8935 0.1183 -0.4331
vn 0.3193 0.9379 -0.1353
vn 0.7207 0.6085 -0.3321
vn 0.8036 0.0574 -0.5924
vn -0.0025 0.1966 0.9805
vn -0.0070 -0.4070 0.9134
vn -0.3890 -0.4897 0.7803
vn -0.1355 0.6638 0.7355
vn 0.0057 0.2226 -0.9749
vn 0.0117 0.7072 -0.7069
vn -0.9254 0.2141 0.3126
vn -0.9193 -0.3738 0.1233
vn -0.5074 0.1099 0.8546
vn -0.4134 -0.4276 0.8039
vn -0.5901 -0.5981 0.5423
vn -0.6212 0.6879 0.3753
vn 0.1363 0.6651 0.7342
vn 0.3772 -0.4875 0.7874
vn 0.5004 0.1039 0.8596
vn 0.4082 -0.4299 0.8053
vn 0.3551 -0.4331 0.8284
vn 0.6097 -0.6022 0.5153
vn -0.1186 -0.9713 -0.2058
vn 0.1141 -0.8800 0.4611
vn -0.4148 0.0725 -0.9070
vn -0.8800 0.1264 -0.4578
vn -0.6517 -0.6424 -0.4031
vn -0.3851 -0.7779 -0.4965
vn 0.3251 0.7935 -0.5145
vn -0.0034 0.8202 -0.5721
vn -0.1864 0.0605 -0.9806
vn 0.7878 -0.1965 -0.5836
vn 0.8501 -0.1413 -0.5072
vn 0.7540 0.4125 -0.5112
vn -0.3403 -0.8070 -0.4825
vn -0.4375 0.0387 -0.8984
vn -0.6605 0.0902 -0.7454
vn -0.6352 -0.5844 -0.5050
vn -0.6387 0.1039 -0.7624
vn -0.3960 -0.5272 -0.7518
vn -0.7236 0.6046 -0.3329
vn -0.1851 0.7477 -0.6377
vn -0.3301 0.0541 -0.9424
vn -0.8010 0.0531 -0.5962
vn -0.1853 0.8117 -0.5539
vn -0.4947 0.1174 -0.8611
vn 0.9273 0.1999 0.3163
vn 0.5076 0.8615 -0.0089
vn 0.9028 -0.3480 -0.2525
vn 0.9105 -0.3902 0.1370
vn 0.9172 -0.3831 0.1091
vn 0.9224 -0.3445 -0.1743
vn 0.1916 -0.9799 0.0558
vn 0.5053 -0.8587 -0.0846
vn 0.6178 0.6884 0.3800
vn 0.5939 -0.5995 0.5365
vn -0.0022 -0.4070 0.9134
vn 0.2778 -0.5044 0.8175
vn 0.0230 -0.9939 0.1081
vn -0.0005 -0.9073 0.4203
vn -0.3283 0.9345 -0.1375
vn -0.8960 0.1104 -0.4301
vn 0.2757 -0.9600 -0.0486
vn 0.6146 -0.7593 -0.2138
vn 0.8838 -0.1662 -0.4374
vn 0.7027 -0.2027 -0.6819
vn -0.0222 -0.9944 0.1028
vn -0.2821 -0.5097 0.8128
vn -0.6076 -0.6017 0.5184
vn 0.1245 -0.9711 -0.2036
vn 0.0007 0.2227 -0.9749
vn 0.0009 -0.5169 -0.8560
vn -0.1124 -0.8792 0.4630
vn -0.3567 -0.4322 0.8282
vn -0.3008 -0.9509 -0.0730
vn -0.6745 -0.1921 -0.7128
vn -0.8444 -0.1710 -0.5076
vn -0.5864 -0.7660 -0.2633
vn 0.8819 0.1330 -0.4523
vn 0.6506 -0.6465 -0.3984
vn 0.3904 -0.7756 -0.4960
vn 0.4091 0.0718 -0.9097
vn 0.3385 0.2866 -0.8962
vn 0.1149 0.2255 -0.9674
vn 0.2272 0.5606 -0.7963
vn 0.2748 0.3865 -0.8804
vn 0.4867 0.2835 -0.8263
vn 0.5855 0.3066 -0.7505
vn 0.5885 -0.2725 -0.7612
vn 0.4908 -0.2970 -0.8191
vn 0.3242 -0.3740 -0.8689
vn -0.2947 0.8027 -0.5184
vn 0.2733 0.8444 -0.4608
vn 0.3031 0.4215 -0.8547
vn -0.3038 0.2448 -0.9207
vn 0.8120 0.5123 -0.2795
vn 0.9035 0.2988 -0.3072
vn 0.9405 0.1297 -0.3142
vn 0.3466 0.3792 -0.8579
vn -0.3385 0.2866 -0.8962
vn 0.3318 0.2406 -0.9121
vn -0.2748 0.3865 -0.8804
vn 0.9315 -0.0237 -0.3630
vn 0.8375 -0.2918 -0.4620
vn 0.2884 -0.4633 -0.8379
vn -0.3242 -0.3740 -0.8689
vn 0.2947 0.8027 -0.5184
vn 0.4433 0.7349 -0.5132
vn 0.2269 0.0633 -0.9718
vn 0.3038 0.2448 -0.9207
vn 0.5426 0.6826 -0.4895
vn 0.5022 0.1692 -0.8480
vn -0.4867 0.2835 -0.8263
vn -0.1149 0.2255 -0.9674
vn -0.2272 0.5606 -0.7963
vn -0.5855 0.3066 -0.7505
vn -0.4908 -0.2970 -0.8191
vn -0.5885 -0.2725 -0.7612
vn -0.5426 0.6826 -0.4895
vn -0.4433 0.7349 -0.5132
vn -0.2269 0.0633 -0.9718
vn -0.5022 0.1692 -0.8480
vn -0.8120 0.5123 -0.2794
vn -0.2733 0.8444 -0.4608
vn -0.3031 0.4215 -0.8547
vn -0.9035 0.2988 -0.3072
vn -0.3466 0.3792 -0.8579
vn -0.9405 0.1297 -0.3142
vn -0.3318 0.2406 -0.9121
vn -0.9315 -0.0237 -0.3630
vn -0.2884 -0.4633 -0.8379
vn -0.8375 -0.2918 -0.4620
vn -0.0716 -0.3927 0.9168
vn -0.0441 -0.5958 0.8019
vn 0.0252 -0.5928 0.8050
vn -0.0138 -0.3937 0.9191
vn 0.1016 -0.8648 0.4917
vn 0.2337 -0.8567 0.4598
vn 0.3621 -0.8282 0.4278
vn 0.3583 -0.6318 0.6873
vn 0.3019 -0.3754 0.8763
vn -0.1016 0.2407 0.9652
vn 0.0441 -0.1694 0.9845
vn 0.2417 -0.1398 0.9602
vn 0.2703 0.2949 0.9165
vn 0.0716 -0.3927 0.9168
vn 0.2569 -0.3805 0.8883
vn 0.7562 -0.2576 0.6014
vn 0.7420 -0.0193 0.6701
vn 0.6997 0.2090 0.6831
vn 0.0441 -0.5958 0.8019
vn 0.2417 -0.5986 0.7637
vn -0.1016 -0.8648 0.4917
vn 0.2703 -0.8669 0.4188
vn 0.6997 -0.6387 0.3200
vn 0.7420 -0.4718 0.4763
vn 0.1016 0.2407 0.9652
vn -0.0441 -0.1694 0.9845
vn 0.0252 -0.1737 0.9845
vn 0.2337 0.2582 0.9374
vn 0.3583 -0.0616 0.9315
vn 0.3621 0.2617 0.8946
vn -0.3019 -0.3754 0.8763
vn -0.3583 -0.6318 0.6873
vn -0.0252 -0.5928 0.8050
vn 0.0138 -0.3937 0.9191
vn -0.3621 -0.8282 0.4278
vn -0.2337 -0.8567 0.4598
vn -0.3621 0.2617 0.8946
vn -0.3583 -0.0616 0.9315
vn -0.0252 -0.1737 0.9845
vn -0.2337 0.2582 0.9374
vn -0.6997 0.2090 0.6831
vn -0.7420 -0.0193 0.6701
vn -0.2417 -0.1398 0.9602
vn -0.2703 0.2949 0.9165
vn -0.7562 -0.2576 0.6015
vn -0.2569 -0.3805 0.8883
vn -0.7420 -0.4718 0.4763
vn -0.2417 -0.5986 0.7637
vn -0.6997 -0.6387 0.3200
vn -0.2703 -0.8669 0.4188
vn -0.9783 0.1690 0.1193
vn -0.8252 0.5119 0.2386
vn -0.9973 -0.0245 0.0698
vn 0.9778 -0.2093 -0.0074
vn 0.8250 -0.5578 -0.0905
vn 0.9973 -0.0245 0.0698
vn 0.9783 0.1690 0.1193
vn 0.8252 0.5119 0.2386
vn -0.9778 -0.2093 -0.0074
vn -0.8250 -0.5578 -0.0905
vn -0.9593 0.1583 0.2335
vn -0.7023 0.6241 0.3424
vn -0.9865 -0.0800 0.1425
vn -0.9630 -0.2635 0.0558
vn -0.6917 -0.7156 -0.0972
vn 0.9593 0.1583 0.2336
vn 0.9865 -0.0800 0.1425
vn 0.7023 0.6241 0.3424
vn 0.2204 0.9122 0.3453
vn -0.3209 0.8668 0.3815
vn -0.4682 -0.8703 -0.1528
vn -0.3020 -0.9306 -0.2066
vn 0.5018 0.7832 0.3670
vn 0.3209 0.8668 0.3815
vn -0.2204 -0.9419 -0.2534
vn 0.3020 -0.9306 -0.2066
vn 0.9630 -0.2635 0.0558
vn 0.6917 -0.7156 -0.0972
vn -0.5018 0.7832 0.3670
vn 0.2204 -0.9419 -0.2534
vn -0.2204 0.9122 0.3453
vn 0.4682 -0.8703 -0.1528
vn 0.7071 0.2784 -0.6500
vn 0.7276 0.0337 -0.6852
vn 0.3547 -0.4013 -0.8444
vn 0.0000 0.3937 -0.9192
vn -0.3547 -0.4013 -0.8444
vn -0.7276 0.0337 -0.6852
vn -0.7071 0.2784 -0.6500
vn -0.3547 0.8881 -0.2921
vn -0.7275 0.4728 -0.4972
vn 0.3547 0.8881 -0.2921
vn 0.7275 0.4728 -0.4972
vn 0.7071 -0.2784 0.6500
vn 0.0000 -0.3937 0.9192
vn 0.3547 -0.8881 0.2921
vn 0.7275 -0.4727 0.4972
vn -0.3547 -0.8881 0.2921
vn -0.7071 -0.2784 0.6500
vn -0.7275 -0.4727 0.4972
vn -0.3547 0.4013 0.8444
vn -0.7275 -0.0338 0.6852
vn 0.3547 0.4013 0.8444
vn 0.7275 -0.0338 0.6852
usemtl Hair+Eyebrow
s 1
f 4278/5130/4081 4280/5131/4082 4279/5132/4083 4277/5133/4084
f 4283/5134/4085 4282/5135/4086 4279/5132/4083 4281/5136/4087
f 4280/5131/4082 4300/5137/4088 4281/5136/4087 4279/5132/4083
f 4286/5138/4089 4284/5139/4090 4283/5134/4085 4281/5136/4087
f 4407/5140/4091 4406/5141/4092 4282/5135/4086 4283/5134/4085
f 4487/5142/4093 4408/5143/4094 4284/5139/4090 4347/5144/4095
f 4283/5134/4085 4284/5139/4090 4408/5143/4094 4407/5140/4091
f 4289/5145/4096 4285/5146/4097 4287/5147/4098 4288/5148/4099
f 4352/5149/4100 4347/5144/4095 4284/5139/4090 4286/5138/4089
f 4290/5150/4101 4289/5145/4096 4288/5148/4099 4301/5151/4102
f 4304/5152/4103 4303/5153/4104 4309/5154/4105 4306/5155/4106
f 4289/5145/4096 4290/5150/4101 4418/5156/4107 4417/5157/4108
f 4285/5146/4097 4289/5145/4096 4417/5157/4108 4409/5158/4109
f 4583/5159/4110 4328/5160/4111 4317/5161/4112 4582/5162/4113
f 4545/5163/4114 4510/5164/4115 4367/5165/4116 4546/5166/4117
f 4390/5167/4118 4388/5168/4119 4318/5169/4120 4319/5170/4121
f 4573/5171/4122 4349/5172/4123 4295/5173/4124 4571/5174/4125
f 4549/5175/4126 4384/5176/4127 4361/5177/4128 4558/5178/4129
f 4628/5179/4130 4603/5180/4131 4346/5181/4132 4572/5182/4133
f 4579/5183/4134 4301/5151/4102 4294/5184/4135 4580/5185/4136
f 4581/5186/4137 4582/5162/4113 4317/5161/4112 4452/5187/4138
f 4349/5172/4123 4350/5188/4139 4296/5189/4140 4295/5173/4124
f 4295/5173/4124 4296/5189/4140 4280/5131/4082 4278/5130/4081
f 4296/5189/4140 4297/5190/4141 4300/5137/4088 4280/5131/4082
f 4350/5188/4139 4351/5191/4142 4297/5190/4141 4296/5189/4140
f 4301/5151/4102 4288/5148/4099 4298/5192/4143 4294/5184/4135
f 4288/5148/4099 4287/5147/4098 4299/5193/4144 4298/5192/4143
f 4351/5191/4142 4352/5149/4100 4286/5138/4089 4297/5190/4141
f 4297/5190/4141 4286/5138/4089 4281/5136/4087 4300/5137/4088
f 4305/5194/4145 4304/5152/4103 4306/5155/4106 4307/5195/4146
f 4306/5155/4106 4309/5154/4105 4310/5196/4147 4308/5197/4148
f 4307/5195/4146 4306/5155/4106 4308/5197/4148 4327/5198/4149
f 4313/5199/4150 4308/5197/4148 4310/5196/4147 4311/5200/4151
f 4441/5201/4152 4310/5196/4147 4309/5154/4105 4440/5202/4153
f 4494/5203/4154 4353/5204/4155 4311/5200/4151 4442/5205/4156
f 4310/5196/4147 4441/5201/4152 4442/5205/4156 4311/5200/4151
f 4316/5206/4157 4315/5207/4158 4314/5208/4159 4312/5209/4160
f 4358/5210/4161 4313/5199/4150 4311/5200/4151 4353/5204/4155
f 4317/5161/4112 4328/5160/4111 4315/5207/4158 4316/5206/4157
f 4332/5211/4162 4333/5212/4163 4334/5213/4164 4331/5214/4165
f 4316/5206/4157 4451/5215/4166 4452/5187/4138 4317/5161/4112
f 4312/5209/4160 4443/5216/4167 4451/5215/4166 4316/5206/4157
f 4385/5217/4168 4387/5218/4169 4292/5219/4170 4291/5220/4171
f 4550/5221/4172 4551/5222/4173 4374/5223/4174 4517/5224/4175
f 4399/5225/4176 4398/5226/4177 4404/5227/4178 4401/5228/4179
f 4576/5229/4180 4575/5230/4181 4322/5231/4182 4355/5232/4183
f 4554/5233/4184 4557/5234/4185 4364/5235/4186 4381/5236/4187
f 4555/5237/4188 4391/5238/4189 4394/5239/4190 4556/5240/4191
f 4583/5159/4110 4584/5241/4192 4321/5242/4193 4328/5160/4111
f 4574/5243/4194 4379/5244/4195 4366/5245/4196 4572/5182/4133
f 4355/5232/4183 4322/5231/4182 4323/5246/4197 4356/5247/4198
f 4322/5231/4182 4305/5194/4145 4307/5195/4146 4323/5246/4197
f 4323/5246/4197 4307/5195/4146 4327/5198/4149 4324/5248/4199
f 4356/5247/4198 4323/5246/4197 4324/5248/4199 4357/5249/4200
f 4328/5160/4111 4321/5242/4193 4325/5250/4201 4315/5207/4158
f 4315/5207/4158 4325/5250/4201 4326/5251/4202 4314/5208/4159
f 4357/5249/4200 4324/5248/4199 4313/5199/4150 4358/5210/4161
f 4324/5248/4199 4327/5198/4149 4308/5197/4148 4313/5199/4150
f 4602/5252/4203 4601/5253/4204 4334/5213/4164 4335/5254/4205
f 4340/5255/4206 4341/5256/4207 4319/5170/4121 4318/5169/4120
f 4601/5253/4204 4599/5257/4208 4331/5214/4165 4334/5213/4164
f 4600/5258/4209 4604/5259/4210 4476/5260/4211 4338/5261/4212
f 4287/5147/4098 4285/5146/4097 4347/5144/4095 4352/5149/4100
f 4547/5262/4213 4371/5263/4214 4369/5264/4215 4548/5265/4216
f 4607/5266/4217 4597/5267/4218 4343/5268/4219 4342/5269/4220
f 4555/5237/4188 4380/5270/4221 4364/5235/4186 4557/5234/4185
f 4608/5271/4222 4598/5272/4223 4330/5273/4224 4360/5274/4225
f 4603/5180/4131 4602/5252/4203 4335/5254/4205 4346/5181/4132
f 4605/5275/4226 4606/5276/4227 4339/5277/4228 4477/5278/4229
f 4599/5257/4208 4600/5258/4209 4338/5261/4212 4331/5214/4165
f 4332/5211/4162 4337/5279/4230 4309/5154/4105 4303/5153/4104
f 4606/5276/4227 4607/5266/4217 4342/5269/4220 4339/5277/4228
f 4337/5279/4230 4475/5280/4231 4440/5202/4153 4309/5154/4105
f 4359/5281/4232 4329/5282/4233 4302/5283/4234 4354/5284/4235
f 4341/5256/4207 4344/5285/4236 4320/5286/4237 4319/5170/4121
f 4478/5287/4238 4340/5255/4206 4318/5169/4120 4453/5288/4239
f 4336/5289/4240 4333/5212/4163 4304/5152/4103 4305/5194/4145
f 4345/5290/4241 4336/5289/4240 4305/5194/4145 4322/5231/4182
f 4341/5256/4207 4340/5255/4206 4339/5277/4228 4342/5269/4220
f 4340/5255/4206 4478/5287/4238 4477/5278/4229 4339/5277/4228
f 4336/5289/4240 4345/5290/4241 4346/5181/4132 4335/5254/4205
f 4574/5243/4194 4575/5230/4181 4363/5291/4242 4379/5244/4195
f 4344/5285/4236 4341/5256/4207 4342/5269/4220 4343/5268/4219
f 4359/5281/4232 4344/5285/4236 4343/5268/4219 4360/5274/4225
f 4332/5211/4162 4303/5153/4104 4304/5152/4103 4333/5212/4163
f 4475/5280/4231 4337/5279/4230 4338/5261/4212 4476/5260/4211
f 4337/5279/4230 4332/5211/4162 4331/5214/4165 4338/5261/4212
f 4333/5212/4163 4336/5289/4240 4335/5254/4205 4334/5213/4164
f 4548/5265/4216 4369/5264/4215 4384/5176/4127 4549/5175/4126
f 4580/5185/4136 4294/5184/4135 4349/5172/4123 4573/5171/4122
f 4388/5168/4119 4535/5292/4243 4453/5288/4239 4318/5169/4120
f 4611/5293/4244 4394/5239/4190 4330/5273/4224 4598/5272/4223
f 4552/5294/4245 4553/5295/4246 4376/5296/4247 4378/5297/4248
f 4393/5298/4249 4396/5299/4250 4354/5284/4235 4302/5283/4234
f 4389/5300/4251 4390/5167/4118 4319/5170/4121 4320/5286/4237
f 4391/5238/4189 4393/5298/4249 4302/5283/4234 4329/5282/4233
f 4551/5222/4173 4552/5294/4245 4378/5297/4248 4374/5223/4174
f 4395/5301/4252 4392/5302/4253 4275/5303/4254 4348/5304/4255
f 4387/5218/4169 4386/5305/4256 4293/5306/4257 4292/5219/4170
f 4419/5307/4258 4531/5308/4259 4385/5217/4168 4291/5220/4171
f 4394/5239/4190 4391/5238/4189 4329/5282/4233 4330/5273/4224
f 4329/5282/4233 4359/5281/4232 4360/5274/4225 4330/5273/4224
f 4344/5285/4236 4359/5281/4232 4354/5284/4235 4320/5286/4237
f 4597/5267/4218 4608/5271/4222 4360/5274/4225 4343/5268/4219
f 4326/5251/4202 4357/5249/4200 4358/5210/4161 4314/5208/4159
f 4325/5250/4201 4356/5247/4198 4357/5249/4200 4326/5251/4202
f 4321/5242/4193 4355/5232/4183 4356/5247/4198 4325/5250/4201
f 4377/5309/4260 4373/5310/4261 4374/5223/4174 4378/5297/4248
f 4443/5216/4167 4312/5209/4160 4353/5204/4155 4494/5203/4154
f 4299/5193/4144 4287/5147/4098 4352/5149/4100 4351/5191/4142
f 4298/5192/4143 4299/5193/4144 4351/5191/4142 4350/5188/4139
f 4294/5184/4135 4298/5192/4143 4350/5188/4139 4349/5172/4123
f 4576/5229/4180 4584/5241/4192 4375/5311/4262 4382/5312/4263
f 4396/5299/4250 4389/5300/4251 4320/5286/4237 4354/5284/4235
f 4358/5210/4161 4353/5204/4155 4312/5209/4160 4314/5208/4159
f 4409/5158/4109 4487/5142/4093 4347/5144/4095 4285/5146/4097
f 4386/5305/4256 4395/5301/4252 4348/5304/4255 4293/5306/4257
f 4554/5233/4184 4553/5295/4246 4389/5300/4251 4396/5299/4250
f 4626/5313/4264 4556/5240/4191 4394/5239/4190 4611/5293/4244
f 4577/5314/4265 4591/5315/4266 4416/5316/4267 4418/5156/4107
f 4370/5317/4268 4383/5318/4269 4384/5176/4127 4369/5264/4215
f 4382/5312/4263 4375/5311/4262 4376/5296/4247 4381/5236/4187
f 4380/5270/4221 4365/5319/4270 4366/5245/4196 4379/5244/4195
f 4379/5244/4195 4363/5291/4242 4364/5235/4186 4380/5270/4221
f 4609/5320/4271 4366/5245/4196 4365/5319/4270 4610/5321/4272
f 4363/5291/4242 4382/5312/4263 4381/5236/4187 4364/5235/4186
f 4375/5311/4262 4377/5309/4260 4378/5297/4248 4376/5296/4247
f 4368/5322/4273 4372/5323/4274 4371/5263/4214 4367/5165/4116
f 4373/5310/4261 4518/5324/4275 4517/5224/4175 4374/5223/4174
f 4383/5318/4269 4362/5325/4276 4361/5177/4128 4384/5176/4127
f 4372/5323/4274 4370/5317/4268 4369/5264/4215 4371/5263/4214
f 4579/5183/4134 4372/5323/4274 4368/5322/4273 4578/5326/4277
f 4509/5327/4278 4368/5322/4273 4367/5165/4116 4510/5164/4115
f 4546/5166/4117 4367/5165/4116 4371/5263/4214 4547/5262/4213
f 4400/5328/4279 4399/5225/4176 4401/5228/4179 4402/5329/4280
f 4401/5228/4179 4404/5227/4178 4405/5330/4281 4403/5331/4282
f 4402/5329/4280 4401/5228/4179 4403/5331/4282 4429/5332/4283
f 4412/5333/4284 4403/5331/4282 4405/5330/4281 4410/5334/4285
f 4407/5140/4091 4405/5330/4281 4404/5227/4178 4406/5141/4092
f 4487/5142/4093 4488/5335/4286 4410/5334/4285 4408/5143/4094
f 4405/5330/4281 4407/5140/4091 4408/5143/4094 4410/5334/4285
f 4415/5336/4287 4414/5337/4288 4413/5338/4289 4411/5339/4290
f 4493/5340/4291 4412/5333/4284 4410/5334/4285 4488/5335/4286
f 4416/5316/4267 4430/5341/4292 4414/5337/4288 4415/5336/4287
f 4435/5342/4293 4438/5343/4294 4432/5344/4295 4433/5345/4296
f 4415/5336/4287 4417/5157/4108 4418/5156/4107 4416/5316/4267
f 4411/5339/4290 4409/5158/4109 4417/5157/4108 4415/5336/4287
f 4595/5346/4297 4523/5347/4298 4519/5348/4299 4594/5349/4300
f 4545/5163/4114 4559/5350/4301 4511/5351/4302 4510/5164/4115
f 4538/5352/4303 4455/5353/4304 4454/5354/4305 4536/5355/4306
f 4587/5356/4307 4585/5357/4308 4424/5358/4309 4490/5359/4310
f 4562/5360/4311 4570/5361/4312 4503/5362/4313 4530/5363/4314
f 4627/5364/4315 4586/5365/4316 4486/5366/4317 4618/5367/4318
f 4592/5368/4319 4593/5369/4320 4423/5370/4321 4430/5341/4292
f 4581/5186/4137 4452/5187/4138 4450/5371/4322 4594/5349/4300
f 4490/5359/4310 4424/5358/4309 4425/5372/4323 4491/5373/4324
f 4424/5358/4309 4400/5328/4279 4402/5329/4280 4425/5372/4323
f 4425/5372/4323 4402/5329/4280 4429/5332/4283 4426/5374/4325
f 4491/5373/4324 4425/5372/4323 4426/5374/4325 4492/5375/4326
f 4430/5341/4292 4423/5370/4321 4427/5376/4327 4414/5337/4288
f 4414/5337/4288 4427/5376/4327 4428/5377/4328 4413/5338/4289
f 4492/5375/4326 4426/5374/4325 4412/5333/4284 4493/5340/4291
f 4426/5374/4325 4429/5332/4283 4403/5331/4282 4412/5333/4284
f 4434/5378/4329 4436/5379/4330 4435/5342/4293 4433/5345/4296
f 4439/5380/4331 4438/5343/4294 4435/5342/4293 4437/5381/4332
f 4436/5379/4330 4463/5382/4333 4437/5381/4332 4435/5342/4293
f 4446/5383/4334 4444/5384/4335 4439/5380/4331 4437/5381/4332
f 4441/5201/4152 4440/5202/4153 4438/5343/4294 4439/5380/4331
f 4494/5203/4154 4442/5205/4156 4444/5384/4335 4495/5385/4336
f 4439/5380/4331 4444/5384/4335 4442/5205/4156 4441/5201/4152
f 4449/5386/4337 4445/5387/4338 4447/5388/4339 4448/5389/4340
f 4500/5390/4341 4495/5385/4336 4444/5384/4335 4446/5383/4334
f 4450/5371/4322 4449/5386/4337 4448/5389/4340 4464/5391/4342
f 4467/5392/4343 4470/5393/4344 4469/5394/4345 4468/5395/4346
f 4449/5386/4337 4450/5371/4322 4452/5187/4138 4451/5215/4166
f 4445/5387/4338 4449/5386/4337 4451/5215/4166 4443/5216/4167
f 4421/5396/4347 4534/5397/4348 4532/5398/4349 4420/5399/4350
f 4550/5221/4172 4517/5224/4175 4520/5400/4351 4563/5401/4352
f 4590/5402/4353 4497/5403/4354 4458/5404/4355 4589/5405/4356
f 4566/5406/4357 4527/5407/4358 4506/5408/4359 4569/5409/4360
f 4567/5410/4361 4568/5411/4362 4542/5412/4363 4539/5413/4364
f 4595/5346/4297 4464/5391/4342 4457/5414/4365 4596/5415/4366
f 4586/5365/4316 4508/5416/4367 4525/5417/4368 4588/5418/4369
f 4497/5403/4354 4498/5419/4370 4459/5420/4371 4458/5404/4355
f 4458/5404/4355 4459/5420/4371 4436/5379/4330 4434/5378/4329
f 4459/5420/4371 4460/5421/4372 4463/5382/4333 4436/5379/4330
f 4498/5419/4370 4499/5422/4373 4460/5421/4372 4459/5420/4371
f 4464/5391/4342 4448/5389/4340 4461/5423/4374 4457/5414/4365
f 4448/5389/4340 4447/5388/4339 4462/5424/4375 4461/5423/4374
f 4499/5422/4373 4500/5390/4341 4446/5383/4334 4460/5421/4372
f 4460/5421/4372 4446/5383/4334 4437/5381/4332 4463/5382/4333
f 4617/5425/4376 4471/5426/4377 4470/5393/4344 4616/5427/4378
f 4455/5353/4304 4481/5428/4379 4480/5429/4380 4454/5354/4305
f 4614/5430/4381 4398/5226/4177 4399/5225/4176 4616/5427/4378
f 4615/5431/4382 4474/5432/4383 4476/5260/4211 4604/5259/4210
f 4493/5340/4291 4488/5335/4286 4411/5339/4290 4413/5338/4289
f 4560/5433/4384 4561/5434/4385 4513/5435/4386 4515/5436/4387
f 4620/5437/4388 4482/5438/4389 4483/5439/4390 4612/5440/4391
f 4567/5410/4361 4569/5409/4360 4506/5408/4359 4526/5441/4392
f 4621/5442/4393 4502/5443/4394 4466/5444/4395 4613/5445/4396
f 4618/5367/4318 4486/5366/4317 4471/5426/4377 4617/5425/4376
f 4605/5275/4226 4477/5278/4229 4479/5446/4397 4619/5447/4398
f 4614/5430/4381 4467/5392/4343 4474/5432/4383 4615/5431/4382
f 4468/5395/4346 4432/5344/4295 4438/5343/4294 4473/5448/4399
f 4619/5447/4398 4479/5446/4397 4482/5438/4389 4620/5437/4388
f 4473/5448/4399 4438/5343/4294 4440/5202/4153 4475/5280/4231
f 4501/5449/4400 4496/5450/4401 4431/5451/4402 4465/5452/4403
f 4481/5428/4379 4455/5353/4304 4456/5453/4404 4484/5454/4405
f 4478/5287/4238 4453/5288/4239 4454/5354/4305 4480/5429/4380
f 4472/5455/4406 4434/5378/4329 4433/5345/4296 4469/5394/4345
f 4485/5456/4407 4458/5404/4355 4434/5378/4329 4472/5455/4406
f 4481/5428/4379 4482/5438/4389 4479/5446/4397 4480/5429/4380
f 4480/5429/4380 4479/5446/4397 4477/5278/4229 4478/5287/4238
f 4472/5455/4406 4471/5426/4377 4486/5366/4317 4485/5456/4407
f 4589/5405/4356 4588/5418/4369 4525/5417/4368 4505/5457/4408
f 4484/5454/4405 4483/5439/4390 4482/5438/4389 4481/5428/4379
f 4501/5449/4400 4502/5443/4394 4483/5439/4390 4484/5454/4405
f 4433/5345/4296 4432/5344/4295 4468/5395/4346 4469/5394/4345
f 4475/5280/4231 4476/5260/4211 4474/5432/4383 4473/5448/4399
f 4473/5448/4399 4474/5432/4383 4467/5392/4343 4468/5395/4346
f 4469/5394/4345 4470/5393/4344 4471/5426/4377 4472/5455/4406
f 4561/5434/4385 4562/5360/4311 4530/5363/4314 4513/5435/4386
f 4593/5369/4320 4587/5356/4307 4490/5359/4310 4423/5370/4321
f 4536/5355/4306 4454/5354/4305 4453/5288/4239 4535/5292/4243
f 4624/5458/4409 4613/5445/4396 4466/5444/4395 4542/5412/4363
f 4564/5459/4410 4524/5460/4411 4522/5461/4412 4565/5462/4413
f 4541/5463/4414 4431/5451/4402 4496/5450/4401 4544/5464/4415
f 4537/5465/4416 4456/5453/4404 4455/5353/4304 4538/5352/4303
f 4539/5413/4364 4465/5452/4403 4431/5451/4402 4541/5463/4414
f 4563/5401/4352 4520/5400/4351 4524/5460/4411 4564/5459/4410
f 4543/5466/4417 4489/5467/4418 4397/5468/4419 4540/5469/4420
f 4534/5397/4348 4421/5396/4347 4422/5470/4421 4533/5471/4422
f 4419/5307/4258 4420/5399/4350 4532/5398/4349 4531/5308/4259
f 4539/5413/4364 4542/5412/4363 4466/5444/4395 4465/5452/4403
f 4465/5452/4403 4466/5444/4395 4502/5443/4394 4501/5449/4400
f 4484/5454/4405 4456/5453/4404 4496/5450/4401 4501/5449/4400
f 4612/5440/4391 4483/5439/4390 4502/5443/4394 4621/5442/4393
f 4462/5424/4375 4447/5388/4339 4500/5390/4341 4499/5422/4373
f 4461/5423/4374 4462/5424/4375 4499/5422/4373 4498/5419/4370
f 4457/5414/4365 4461/5423/4374 4498/5419/4370 4497/5403/4354
f 4524/5460/4411 4520/5400/4351 4519/5348/4299 4523/5347/4298
f 4443/5216/4167 4494/5203/4154 4495/5385/4336 4445/5387/4338
f 4428/5377/4328 4492/5375/4326 4493/5340/4291 4413/5338/4289
f 4427/5376/4327 4491/5373/4324 4492/5375/4326 4428/5377/4328
f 4423/5370/4321 4490/5359/4310 4491/5373/4324 4427/5376/4327
f 4596/5415/4366 4590/5402/4353 4528/5472/4423 4521/5473/4424
f 4544/5464/4415 4496/5450/4401 4456/5453/4404 4537/5465/4416
f 4447/5388/4339 4445/5387/4338 4495/5385/4336 4500/5390/4341
f 4409/5158/4109 4411/5339/4290 4488/5335/4286 4487/5142/4093
f 4533/5471/4422 4422/5470/4421 4489/5467/4418 4543/5466/4417
f 4565/5462/4413 4566/5406/4357 4544/5464/4415 4537/5465/4416
f 4625/5474/4425 4570/5361/4312 4540/5469/4420 4624/5458/4409
f 4279/5132/4083 4282/5135/4086 4276/5475/4426 4277/5133/4084
f 4514/5476/4427 4513/5435/4386 4530/5363/4314 4529/5477/4428
f 4528/5472/4423 4527/5407/4358 4522/5461/4412 4521/5473/4424
f 4526/5441/4392 4525/5417/4368 4508/5416/4367 4507/5478/4429
f 4525/5417/4368 4526/5441/4392 4506/5408/4359 4505/5457/4408
f 4622/5479/4430 4623/5480/4431 4507/5478/4429 4508/5416/4367
f 4505/5457/4408 4506/5408/4359 4527/5407/4358 4528/5472/4423
f 4521/5473/4424 4522/5461/4412 4524/5460/4411 4523/5347/4298
f 4512/5481/4432 4511/5351/4302 4515/5436/4387 4516/5482/4433
f 4519/5348/4299 4520/5400/4351 4517/5224/4175 4518/5324/4275
f 4529/5477/4428 4530/5363/4314 4503/5362/4313 4504/5483/4434
f 4516/5482/4433 4515/5436/4387 4513/5435/4386 4514/5476/4427
f 4592/5368/4319 4430/5341/4292 4416/5316/4267 4591/5315/4266
f 4509/5327/4278 4510/5164/4115 4511/5351/4302 4512/5481/4432
f 4559/5350/4301 4560/5433/4384 4515/5436/4387 4511/5351/4302
f 4577/5314/4265 4418/5156/4107 4290/5150/4101 4578/5326/4277
f 4532/5398/4349 4534/5397/4348 4560/5433/4384 4559/5350/4301
f 4623/5480/4431 4503/5362/4313 4570/5361/4312 4625/5474/4425
f 4522/5461/4412 4527/5407/4358 4566/5406/4357 4565/5462/4413
f 4536/5355/4306 4563/5401/4352 4564/5459/4410 4538/5352/4303
f 4538/5352/4303 4564/5459/4410 4565/5462/4413 4537/5465/4416
f 4533/5471/4422 4543/5466/4417 4562/5360/4311 4561/5434/4385
f 4539/5413/4364 4541/5463/4414 4569/5409/4360 4567/5410/4361
f 4534/5397/4348 4533/5471/4422 4561/5434/4385 4560/5433/4384
f 4526/5441/4392 4507/5478/4429 4568/5411/4362 4567/5410/4361
f 4544/5464/4415 4566/5406/4357 4569/5409/4360 4541/5463/4414
f 4535/5292/4243 4550/5221/4172 4563/5401/4352 4536/5355/4306
f 4543/5466/4417 4540/5469/4420 4570/5361/4312 4562/5360/4311
f 4531/5308/4259 4532/5398/4349 4559/5350/4301 4545/5163/4114
f 4385/5217/4168 4546/5166/4117 4547/5262/4213 4387/5218/4169
f 4610/5321/4272 4365/5319/4270 4556/5240/4191 4626/5313/4264
f 4381/5236/4187 4376/5296/4247 4553/5295/4246 4554/5233/4184
f 4388/5168/4119 4390/5167/4118 4552/5294/4245 4551/5222/4173
f 4390/5167/4118 4389/5300/4251 4553/5295/4246 4552/5294/4245
f 4386/5305/4256 4548/5265/4216 4549/5175/4126 4395/5301/4252
f 4391/5238/4189 4555/5237/4188 4557/5234/4185 4393/5298/4249
f 4387/5218/4169 4547/5262/4213 4548/5265/4216 4386/5305/4256
f 4380/5270/4221 4555/5237/4188 4556/5240/4191 4365/5319/4270
f 4396/5299/4250 4393/5298/4249 4557/5234/4185 4554/5233/4184
f 4535/5292/4243 4388/5168/4119 4551/5222/4173 4550/5221/4172
f 4395/5301/4252 4549/5175/4126 4558/5178/4129 4392/5302/4253
f 4531/5308/4259 4545/5163/4114 4546/5166/4117 4385/5217/4168
f 4509/5327/4278 4577/5314/4265 4578/5326/4277 4368/5322/4273
f 4516/5482/4433 4592/5368/4319 4591/5315/4266 4512/5481/4432
f 4457/5414/4365 4497/5403/4354 4590/5402/4353 4596/5415/4366
f 4514/5476/4427 4529/5477/4428 4587/5356/4307 4593/5369/4320
f 4458/5404/4355 4485/5456/4407 4588/5418/4369 4589/5405/4356
f 4486/5366/4317 4586/5365/4316 4588/5418/4369 4485/5456/4407
f 4523/5347/4298 4595/5346/4297 4596/5415/4366 4521/5473/4424
f 4528/5472/4423 4590/5402/4353 4589/5405/4356 4505/5457/4408
f 4518/5324/4275 4581/5186/4137 4594/5349/4300 4519/5348/4299
f 4516/5482/4433 4514/5476/4427 4593/5369/4320 4592/5368/4319
f 4622/5479/4430 4508/5416/4367 4586/5365/4316 4627/5364/4315
f 4529/5477/4428 4504/5483/4434 4585/5357/4308 4587/5356/4307
f 4464/5391/4342 4595/5346/4297 4594/5349/4300 4450/5371/4322
f 4301/5151/4102 4579/5183/4134 4578/5326/4277 4290/5150/4101
f 4509/5327/4278 4512/5481/4432 4591/5315/4266 4577/5314/4265
f 4355/5232/4183 4321/5242/4193 4584/5241/4192 4576/5229/4180
f 4370/5317/4268 4580/5185/4136 4573/5171/4122 4383/5318/4269
f 4345/5290/4241 4322/5231/4182 4575/5230/4181 4574/5243/4194
f 4345/5290/4241 4574/5243/4194 4572/5182/4133 4346/5181/4132
f 4377/5309/4260 4375/5311/4262 4584/5241/4192 4583/5159/4110
f 4382/5312/4263 4363/5291/4242 4575/5230/4181 4576/5229/4180
f 4518/5324/4275 4373/5310/4261 4582/5162/4113 4581/5186/4137
f 4372/5323/4274 4579/5183/4134 4580/5185/4136 4370/5317/4268
f 4609/5320/4271 4628/5179/4130 4572/5182/4133 4366/5245/4196
f 4383/5318/4269 4573/5171/4122 4571/5174/4125 4362/5325/4276
f 4377/5309/4260 4583/5159/4110 4582/5162/4113 4373/5310/4261
f 4362/5325/4276 4571/5174/4125 4628/5179/4130 4609/5320/4271
f 4504/5483/4434 4622/5479/4430 4627/5364/4315 4585/5357/4308
f 4361/5177/4128 4610/5321/4272 4626/5313/4264 4558/5178/4129
f 4507/5478/4429 4623/5480/4431 4625/5474/4425 4568/5411/4362
f 4504/5483/4434 4503/5362/4313 4623/5480/4431 4622/5479/4430
f 4568/5411/4362 4625/5474/4425 4624/5458/4409 4542/5412/4363
f 4422/5470/4421 4612/5440/4391 4621/5442/4393 4489/5467/4418
f 4540/5469/4420 4397/5468/4419 4613/5445/4396 4624/5458/4409
f 4420/5399/4350 4619/5447/4398 4620/5437/4388 4421/5396/4347
f 4398/5226/4177 4614/5430/4381 4615/5431/4382 4404/5227/4178
f 4419/5307/4258 4605/5275/4226 4619/5447/4398 4420/5399/4350
f 4424/5358/4309 4618/5367/4318 4617/5425/4376 4400/5328/4279
f 4489/5467/4418 4621/5442/4393 4613/5445/4396 4397/5468/4419
f 4421/5396/4347 4620/5437/4388 4612/5440/4391 4422/5470/4421
f 4404/5227/4178 4615/5431/4382 4604/5259/4210 4406/5141/4092
f 4467/5392/4343 4614/5430/4381 4616/5427/4378 4470/5393/4344
f 4400/5328/4279 4617/5425/4376 4616/5427/4378 4399/5225/4176
f 4585/5357/4308 4627/5364/4315 4618/5367/4318 4424/5358/4309
f 4362/5325/4276 4609/5320/4271 4610/5321/4272 4361/5177/4128
f 4558/5178/4129 4626/5313/4264 4611/5293/4244 4392/5302/4253
f 4293/5306/4257 4348/5304/4255 4608/5271/4222 4597/5267/4218
f 4392/5302/4253 4611/5293/4244 4598/5272/4223 4275/5303/4254
f 4291/5220/4171 4292/5219/4170 4607/5266/4217 4606/5276/4227
f 4276/5475/4426 4282/5135/4086 4600/5258/4209 4599/5257/4208
f 4419/5307/4258 4291/5220/4171 4606/5276/4227 4605/5275/4226
f 4295/5173/4124 4278/5130/4081 4602/5252/4203 4603/5180/4131
f 4348/5304/4255 4275/5303/4254 4598/5272/4223 4608/5271/4222
f 4292/5219/4170 4293/5306/4257 4597/5267/4218 4607/5266/4217
f 4282/5135/4086 4406/5141/4092 4604/5259/4210 4600/5258/4209
f 4277/5133/4084 4276/5475/4426 4599/5257/4208 4601/5253/4204
f 4278/5130/4081 4277/5133/4084 4601/5253/4204 4602/5252/4203
f 4571/5174/4125 4295/5173/4124 4603/5180/4131 4628/5179/4130
usemtl Material.005
f 4645/5484/4435 4641/5485/4436 4700/5486/4437 4697/5487/4438
f 4683/5488/4439 4696/5489/4440 4629/5490/4441 4652/5491/4442
f 4687/5492/4443 4698/5493/4444 4646/5494/4445 4644/5495/4446
f 4630/5496/4447 4634/5497/4448 4691/5498/4449 4695/5499/4450
f 4690/5500/4451 4691/5498/4449 4634/5497/4448 4647/5501/4452
f 4698/5493/4444 4699/5502/4453 4642/5503/4454 4646/5494/4445
f 4631/5504/4455 4650/5505/4456 4685/5506/4457 4694/5507/4458
f 4643/5508/4459 4645/5484/4435 4697/5487/4438 4688/5509/4460
f 4659/5510/4461 4636/5511/4462 4705/5512/4463 4707/5513/4464
f 4641/5485/4436 4668/5514/4465 4702/5515/4466 4700/5486/4437
f 4651/5516/4467 4630/5496/4447 4695/5499/4450 4684/5517/4468
f 4640/5518/4469 4638/5519/4470 4681/5520/4471 4704/5521/4472
f 4659/5510/4461 4707/5513/4464 4732/5522/4473 4662/5523/4474
f 4662/5523/4474 4732/5522/4473 4729/5524/4475 4666/5525/4476
f 4730/5526/4477 4665/5527/4478 4663/5528/4479 4709/5529/4480
f 4722/5530/4481 4656/5531/4482 4677/5532/4483 4713/5533/4484
f 4675/5534/4485 4717/5535/4486 4721/5536/4487 4655/5537/4488
f 4717/5535/4486 4675/5534/4485 4658/5538/4489 4720/5539/4490
f 4674/5540/4491 4670/5541/4492 4728/5542/4493 4725/5543/4494
f 4716/5544/4495 4672/5545/4496 4674/5540/4491 4725/5543/4494
f 4671/5546/4497 4715/5547/4498 4726/5548/4499 4673/5549/4500
f 4669/5550/4501 4727/5551/4502 4702/5515/4466 4668/5514/4465
f 4679/5552/4503 4711/5553/4504 4724/5554/4505 4654/5555/4506
f 4712/5556/4507 4680/5557/4508 4653/5558/4509 4723/5559/4510
f 4664/5560/4511 4710/5561/4512 4711/5553/4504 4679/5552/4503
f 4708/5562/4513 4660/5563/4514 4661/5564/4515 4731/5565/4516
f 4709/5529/4480 4663/5528/4479 4680/5557/4508 4712/5556/4507
f 4678/5566/4517 4714/5567/4518 4715/5547/4498 4671/5546/4497
f 4636/5511/4462 4640/5518/4469 4704/5521/4472 4705/5512/4463
f 4731/5565/4516 4661/5564/4515 4665/5527/4478 4730/5526/4477
f 4676/5568/4519 4718/5569/4520 4719/5570/4521 4657/5571/4522
f 4713/5533/4484 4677/5532/4483 4672/5545/4496 4716/5544/4495
f 4723/5559/4510 4653/5558/4509 4657/5571/4522 4719/5570/4521
f 4654/5555/4506 4724/5554/4505 4720/5539/4490 4658/5538/4489
f 4718/5569/4520 4676/5568/4519 4656/5531/4482 4722/5530/4481
f 4655/5537/4488 4721/5536/4487 4714/5567/4518 4678/5566/4517
f 4666/5525/4476 4729/5524/4475 4710/5561/4512 4664/5560/4511
f 4726/5548/4499 4727/5551/4502 4669/5550/4501 4673/5549/4500
f 4708/5562/4513 4706/5572/4523 4635/5573/4524 4660/5563/4514
f 4682/5574/4525 4683/5488/4439 4652/5491/4442 4637/5575/4526
f 4650/5505/4456 4643/5508/4459 4688/5509/4460 4685/5506/4457
f 4728/5542/4493 4670/5541/4492 4667/5576/4527 4701/5577/4528
f 4706/5572/4523 4703/5578/4529 4639/5579/4530 4635/5573/4524
f 4648/5580/4531 4633/5581/4532 4692/5582/4533 4689/5583/4534
f 4686/5584/4535 4687/5492/4443 4644/5495/4446 4649/5585/4536
f 4696/5489/4440 4692/5582/4533 4633/5581/4532 4629/5490/4441
f 4689/5583/4534 4693/5586/4537 4632/5587/4538 4648/5580/4531
f 4647/5501/4452 4631/5504/4455 4694/5507/4458 4690/5500/4451
f 4693/5586/4537 4686/5584/4535 4649/5585/4536 4632/5587/4538
f 4703/5578/4529 4682/5574/4525 4637/5575/4526 4639/5579/4530
f 4699/5502/4453 4701/5577/4528 4667/5576/4527 4642/5503/4454
f 4708/5562/4513 4731/5565/4516 4732/5522/4473 4707/5513/4464
f 4730/5526/4477 4709/5529/4480 4710/5561/4512 4729/5524/4475
f 4712/5556/4507 4723/5559/4510 4724/5554/4505 4711/5553/4504
f 4728/5542/4493 4701/5577/4528 4702/5515/4466 4727/5551/4502
f 4731/5565/4516 4730/5526/4477 4729/5524/4475 4732/5522/4473
f 4716/5544/4495 4725/5543/4494 4726/5548/4499 4715/5547/4498
f 4722/5530/4481 4713/5533/4484 4714/5567/4518 4721/5536/4487
f 4723/5559/4510 4719/5570/4521 4720/5539/4490 4724/5554/4505
f 4718/5569/4520 4722/5530/4481 4721/5536/4487 4717/5535/4486
f 4717/5535/4486 4720/5539/4490 4719/5570/4521 4718/5569/4520
f 4713/5533/4484 4716/5544/4495 4715/5547/4498 4714/5567/4518
f 4709/5529/4480 4712/5556/4507 4711/5553/4504 4710/5561/4512
f 4727/5551/4502 4726/5548/4499 4725/5543/4494 4728/5542/4493
f 4706/5572/4523 4708/5562/4513 4707/5513/4464 4705/5512/4463
f 4682/5574/4525 4703/5578/4529 4704/5521/4472 4681/5520/4471
f 4696/5489/4440 4683/5488/4439 4684/5517/4468 4695/5499/4450
f 4701/5577/4528 4699/5502/4453 4700/5486/4437 4702/5515/4466
f 4703/5578/4529 4706/5572/4523 4705/5512/4463 4704/5521/4472
f 4698/5493/4444 4687/5492/4443 4688/5509/4460 4697/5487/4438
f 4686/5584/4535 4693/5586/4537 4694/5507/4458 4685/5506/4457
f 4692/5582/4533 4696/5489/4440 4695/5499/4450 4691/5498/4449
f 4693/5586/4537 4689/5583/4534 4690/5500/4451 4694/5507/4458
f 4691/5498/4449 4690/5500/4451 4689/5583/4534 4692/5582/4533
f 4687/5492/4443 4686/5584/4535 4685/5506/4457 4688/5509/4460
f 4683/5488/4439 4682/5574/4525 4681/5520/4471 4684/5517/4468
f 4699/5502/4453 4698/5493/4444 4697/5487/4438 4700/5486/4437
f 4638/5519/4470 4651/5516/4467 4684/5517/4468 4681/5520/4471
f 4749/5588/4539 4801/5589/4540 4804/5590/4541 4745/5591/4542
f 4787/5592/4543 4756/5593/4544 4733/5594/4545 4800/5595/4546
f 4791/5596/4547 4748/5597/4548 4750/5598/4549 4802/5599/4550
f 4734/5600/4551 4799/5601/4552 4795/5602/4553 4738/5603/4554
f 4794/5604/4555 4751/5605/4556 4738/5603/4554 4795/5602/4553
f 4802/5599/4550 4750/5598/4549 4746/5606/4557 4803/5607/4558
f 4735/5608/4559 4798/5609/4560 4789/5610/4561 4754/5611/4562
f 4747/5612/4563 4792/5613/4564 4801/5589/4540 4749/5588/4539
f 4763/5614/4565 4811/5615/4566 4809/5616/4567 4740/5617/4568
f 4745/5591/4542 4804/5590/4541 4806/5618/4569 4772/5619/4570
f 4755/5620/4571 4788/5621/4572 4799/5601/4552 4734/5600/4551
f 4744/5622/4573 4808/5623/4574 4785/5624/4575 4742/5625/4576
f 4763/5614/4565 4766/5626/4577 4836/5627/4578 4811/5615/4566
f 4766/5626/4577 4770/5628/4579 4833/5629/4580 4836/5627/4578
f 4834/5630/4581 4813/5631/4582 4767/5632/4583 4769/5633/4584
f 4826/5634/4585 4817/5635/4586 4781/5636/4587 4760/5637/4588
f 4779/5638/4589 4759/5639/4590 4825/5640/4591 4821/5641/4592
f 4821/5641/4592 4824/5642/4593 4762/5643/4594 4779/5638/4589
f 4778/5644/4595 4829/5645/4596 4832/5646/4597 4774/5647/4598
f 4820/5648/4599 4829/5645/4596 4778/5644/4595 4776/5649/4600
f 4775/5650/4601 4777/5651/4602 4830/5652/4603 4819/5653/4604
f 4773/5654/4605 4772/5619/4570 4806/5618/4569 4831/5655/4606
f 4783/5656/4607 4758/5657/4608 4828/5658/4609 4815/5659/4610
f 4816/5660/4611 4827/5661/4612 4757/5662/4613 4784/5663/4614
f 4768/5664/4615 4783/5656/4607 4815/5659/4610 4814/5665/4616
f 4812/5666/4617 4835/5667/4618 4765/5668/4619 4764/5669/4620
f 4813/5631/4582 4816/5660/4611 4784/5663/4614 4767/5632/4583
f 4782/5670/4621 4775/5650/4601 4819/5653/4604 4818/5671/4622
f 4740/5617/4568 4809/5616/4567 4808/5623/4574 4744/5622/4573
f 4835/5667/4618 4834/5630/4581 4769/5633/4584 4765/5668/4619
f 4780/5672/4623 4761/5673/4624 4823/5674/4625 4822/5675/4626
f 4817/5635/4586 4820/5648/4599 4776/5649/4600 4781/5636/4587
f 4827/5661/4612 4823/5674/4625 4761/5673/4624 4757/5662/4613
f 4758/5657/4608 4762/5643/4594 4824/5642/4593 4828/5658/4609
f 4822/5675/4626 4826/5634/4585 4760/5637/4588 4780/5672/4623
f 4759/5639/4590 4782/5670/4621 4818/5671/4622 4825/5640/4591
f 4770/5628/4579 4768/5664/4615 4814/5665/4616 4833/5629/4580
f 4830/5652/4603 4777/5651/4602 4773/5654/4605 4831/5655/4606
f 4812/5666/4617 4764/5669/4620 4739/5676/4627 4810/5677/4628
f 4786/5678/4629 4741/5679/4630 4756/5593/4544 4787/5592/4543
f 4754/5611/4562 4789/5610/4561 4792/5613/4564 4747/5612/4563
f 4832/5646/4597 4805/5680/4631 4771/5681/4632 4774/5647/4598
f 4810/5677/4628 4739/5676/4627 4743/5682/4633 4807/5683/4634
f 4752/5684/4635 4793/5685/4636 4796/5686/4637 4737/5687/4638
f 4790/5688/4639 4753/5689/4640 4748/5597/4548 4791/5596/4547
f 4800/5595/4546 4733/5594/4545 4737/5687/4638 4796/5686/4637
f 4793/5685/4636 4752/5684/4635 4736/5690/4641 4797/5691/4642
f 4751/5605/4556 4794/5604/4555 4798/5609/4560 4735/5608/4559
f 4797/5691/4642 4736/5690/4641 4753/5689/4640 4790/5688/4639
f 4807/5683/4634 4743/5682/4633 4741/5679/4630 4786/5678/4629
f 4803/5607/4558 4746/5606/4557 4771/5681/4632 4805/5680/4631
f 4812/5666/4617 4811/5615/4566 4836/5627/4578 4835/5667/4618
f 4834/5630/4581 4833/5629/4580 4814/5665/4616 4813/5631/4582
f 4816/5660/4611 4815/5659/4610 4828/5658/4609 4827/5661/4612
f 4832/5646/4597 4831/5655/4606 4806/5618/4569 4805/5680/4631
f 4835/5667/4618 4836/5627/4578 4833/5629/4580 4834/5630/4581
f 4820/5648/4599 4819/5653/4604 4830/5652/4603 4829/5645/4596
f 4826/5634/4585 4825/5640/4591 4818/5671/4622 4817/5635/4586
f 4827/5661/4612 4828/5658/4609 4824/5642/4593 4823/5674/4625
f 4822/5675/4626 4821/5641/4592 4825/5640/4591 4826/5634/4585
f 4821/5641/4592 4822/5675/4626 4823/5674/4625 4824/5642/4593
f 4817/5635/4586 4818/5671/4622 4819/5653/4604 4820/5648/4599
f 4813/5631/4582 4814/5665/4616 4815/5659/4610 4816/5660/4611
f 4831/5655/4606 4832/5646/4597 4829/5645/4596 4830/5652/4603
f 4810/5677/4628 4809/5616/4567 4811/5615/4566 4812/5666/4617
f 4786/5678/4629 4785/5624/4575 4808/5623/4574 4807/5683/4634
f 4800/5595/4546 4799/5601/4552 4788/5621/4572 4787/5592/4543
f 4805/5680/4631 4806/5618/4569 4804/5590/4541 4803/5607/4558
f 4807/5683/4634 4808/5623/4574 4809/5616/4567 4810/5677/4628
f 4802/5599/4550 4801/5589/4540 4792/5613/4564 4791/5596/4547
f 4790/5688/4639 4789/5610/4561 4798/5609/4560 4797/5691/4642
f 4796/5686/4637 4795/5602/4553 4799/5601/4552 4800/5595/4546
f 4797/5691/4642 4798/5609/4560 4794/5604/4555 4793/5685/4636
f 4795/5602/4553 4796/5686/4637 4793/5685/4636 4794/5604/4555
f 4791/5596/4547 4792/5613/4564 4789/5610/4561 4790/5688/4639
f 4787/5592/4543 4788/5621/4572 4785/5624/4575 4786/5678/4629
f 4803/5607/4558 4804/5590/4541 4801/5589/4540 4802/5599/4550
f 4742/5625/4576 4785/5624/4575 4788/5621/4572 4755/5620/4571
f 4651/5516/4467 4638/5519/4470 4742/5625/4576 4755/5620/4571
f 4637/5575/4526 4652/5491/4442 4756/5593/4544 4741/5679/4630
f 4643/5508/4459 4650/5505/4456 4754/5611/4562 4747/5612/4563
f 4649/5585/4536 4644/5495/4446 4748/5597/4548 4753/5689/4640
f 4633/5581/4532 4648/5580/4531 4752/5684/4635 4737/5687/4638
f 4647/5501/4452 4634/5497/4448 4738/5603/4554 4751/5605/4556
f 4631/5504/4455 4647/5501/4452 4751/5605/4556 4735/5608/4559
f 4648/5580/4531 4632/5587/4538 4736/5690/4641 4752/5684/4635
f 4634/5497/4448 4630/5496/4447 4734/5600/4551 4738/5603/4554
f 4629/5490/4441 4633/5581/4532 4737/5687/4638 4733/5594/4545
f 4650/5505/4456 4631/5504/4455 4735/5608/4559 4754/5611/4562
f 4632/5587/4538 4649/5585/4536 4753/5689/4640 4736/5690/4641
f 4645/5484/4435 4643/5508/4459 4747/5612/4563 4749/5588/4539
f 4644/5495/4446 4646/5494/4445 4750/5598/4549 4748/5597/4548
f 4641/5485/4436 4645/5484/4435 4749/5588/4539 4745/5591/4542
f 4646/5494/4445 4642/5503/4454 4746/5606/4557 4750/5598/4549
f 4668/5514/4465 4641/5485/4436 4745/5591/4542 4772/5619/4570
f 4642/5503/4454 4667/5576/4527 4771/5681/4632 4746/5606/4557
f 4630/5496/4447 4651/5516/4467 4755/5620/4571 4734/5600/4551
f 4652/5491/4442 4629/5490/4441 4733/5594/4545 4756/5593/4544
f 4638/5519/4470 4640/5518/4469 4744/5622/4573 4742/5625/4576
f 4639/5579/4530 4637/5575/4526 4741/5679/4630 4743/5682/4633
f 4640/5518/4469 4636/5511/4462 4740/5617/4568 4744/5622/4573
f 4635/5573/4524 4639/5579/4530 4743/5682/4633 4739/5676/4627
f 4636/5511/4462 4659/5510/4461 4763/5614/4565 4740/5617/4568
f 4660/5563/4514 4635/5573/4524 4739/5676/4627 4764/5669/4620
f 4664/5560/4511 4679/5552/4503 4783/5656/4607 4768/5664/4615
f 4680/5557/4508 4663/5528/4479 4767/5632/4583 4784/5663/4614
f 4678/5566/4517 4671/5546/4497 4775/5650/4601 4782/5670/4621
f 4672/5545/4496 4677/5532/4483 4781/5636/4587 4776/5649/4600
f 4676/5568/4519 4657/5571/4522 4761/5673/4624 4780/5672/4623
f 4658/5538/4489 4675/5534/4485 4779/5638/4589 4762/5643/4594
f 4675/5534/4485 4655/5537/4488 4759/5639/4590 4779/5638/4589
f 4656/5531/4482 4676/5568/4519 4780/5672/4623 4760/5637/4588
f 4654/5555/4506 4658/5538/4489 4762/5643/4594 4758/5657/4608
f 4657/5571/4522 4653/5558/4509 4757/5662/4613 4761/5673/4624
f 4655/5537/4488 4678/5566/4517 4782/5670/4621 4759/5639/4590
f 4677/5532/4483 4656/5531/4482 4760/5637/4588 4781/5636/4587
f 4671/5546/4497 4673/5549/4500 4777/5651/4602 4775/5650/4601
f 4674/5540/4491 4672/5545/4496 4776/5649/4600 4778/5644/4595
f 4673/5549/4500 4669/5550/4501 4773/5654/4605 4777/5651/4602
f 4670/5541/4492 4674/5540/4491 4778/5644/4595 4774/5647/4598
f 4669/5550/4501 4668/5514/4465 4772/5619/4570 4773/5654/4605
f 4667/5576/4527 4670/5541/4492 4774/5647/4598 4771/5681/4632
f 4679/5552/4503 4654/5555/4506 4758/5657/4608 4783/5656/4607
f 4653/5558/4509 4680/5557/4508 4784/5663/4614 4757/5662/4613
f 4666/5525/4476 4664/5560/4511 4768/5664/4615 4770/5628/4579
f 4663/5528/4479 4665/5527/4478 4769/5633/4584 4767/5632/4583
f 4662/5523/4474 4666/5525/4476 4770/5628/4579 4766/5626/4577
f 4665/5527/4478 4661/5564/4515 4765/5668/4619 4769/5633/4584
f 4659/5510/4461 4662/5523/4474 4766/5626/4577 4763/5614/4565
f 4661/5564/4515 4660/5563/4514 4764/5669/4620 4765/5668/4619
f 4854/5692/4643 4894/5693/4644 4937/5694/4645 4896/5695/4646
f 4894/5693/4644 4848/5696/4647 4884/5697/4648 4937/5694/4645
f 4937/5694/4645 4884/5697/4648 4845/5698/4649 4893/5699/4650
f 4896/5695/4646 4937/5694/4645 4893/5699/4650 4853/5700/4651
f 4849/5701/4652 4880/5702/4653 4938/5703/4654 4891/5704/4655
f 4880/5702/4653 4838/5705/4656 4875/5706/4657 4938/5703/4654
f 4938/5703/4654 4875/5706/4657 4841/5707/4658 4889/5708/4659
f 4891/5704/4655 4938/5703/4654 4889/5708/4659 4851/5709/4660
f 4851/5709/4660 4889/5708/4659 4939/5710/4661 4890/5711/4662
f 4889/5708/4659 4841/5707/4658 4874/5712/4663 4939/5710/4661
f 4939/5710/4661 4874/5712/4663 4840/5713/4664 4888/5714/4665
f 4890/5711/4662 4939/5710/4661 4888/5714/4665 4850/5715/4666
f 4852/5716/4667 4882/5717/4668 4940/5718/4669 4895/5719/4670
f 4882/5717/4668 4844/5720/4671 4879/5721/4672 4940/5718/4669
f 4940/5718/4669 4879/5721/4672 4848/5696/4647 4894/5693/4644
f 4895/5719/4670 4940/5718/4669 4894/5693/4644 4854/5692/4643
f 4847/5722/4673 4885/5723/4674 4941/5724/4675 4878/5725/4676
f 4885/5723/4674 4851/5709/4660 4890/5711/4662 4941/5724/4675
f 4941/5724/4675 4890/5711/4662 4850/5715/4666 4881/5726/4677
f 4878/5725/4676 4941/5724/4675 4881/5726/4677 4846/5727/4678
f 4843/5728/4679 4887/5729/4680 4942/5730/4681 4877/5731/4682
f 4887/5729/4680 4849/5701/4652 4891/5704/4655 4942/5730/4681
f 4942/5730/4681 4891/5704/4655 4851/5709/4660 4885/5723/4674
f 4877/5731/4682 4942/5730/4681 4885/5723/4674 4847/5722/4673
f 4837/5732/4683 4892/5733/4684 4943/5734/4685 4873/5735/4686
f 4892/5733/4684 4852/5716/4667 4895/5719/4670 4943/5734/4685
f 4943/5734/4685 4895/5719/4670 4854/5692/4643 4886/5736/4687
f 4873/5735/4686 4943/5734/4685 4886/5736/4687 4842/5737/4688
f 4842/5737/4688 4886/5736/4687 4944/5738/4689 4876/5739/4690
f 4886/5736/4687 4854/5692/4643 4896/5695/4646 4944/5738/4689
f 4944/5738/4689 4896/5695/4646 4853/5700/4651 4883/5740/4691
f 4876/5739/4690 4944/5738/4689 4883/5740/4691 4839/5741/4692
f 4872/5742/4693 4920/5743/4694 4945/5744/4695 4918/5745/4696
f 4920/5743/4694 4871/5746/4697 4917/5747/4698 4945/5744/4695
f 4945/5744/4695 4917/5747/4698 4863/5748/4699 4908/5749/4700
f 4918/5745/4696 4945/5744/4695 4908/5749/4700 4866/5750/4701
f 4867/5751/4702 4915/5752/4703 4946/5753/4704 4904/5754/4705
f 4915/5752/4703 4869/5755/4706 4913/5756/4707 4946/5753/4704
f 4946/5753/4704 4913/5756/4707 4859/5757/4708 4899/5758/4709
f 4904/5754/4705 4946/5753/4704 4899/5758/4709 4856/5759/4710
f 4869/5755/4706 4914/5760/4711 4947/5761/4712 4913/5756/4707
f 4914/5760/4711 4868/5762/4713 4912/5763/4714 4947/5761/4712
f 4947/5761/4712 4912/5763/4714 4858/5764/4715 4898/5765/4716
f 4913/5756/4707 4947/5761/4712 4898/5765/4716 4859/5757/4708
f 4870/5766/4717 4919/5767/4718 4948/5768/4719 4906/5769/4720
f 4919/5767/4718 4872/5742/4693 4918/5745/4696 4948/5768/4719
f 4948/5768/4719 4918/5745/4696 4866/5750/4701 4903/5770/4721
f 4906/5769/4720 4948/5768/4719 4903/5770/4721 4862/5771/4722
f 4865/5772/4723 4902/5773/4724 4949/5774/4725 4909/5775/4726
f 4902/5773/4724 4864/5776/4727 4905/5777/4728 4949/5774/4725
f 4949/5774/4725 4905/5777/4728 4868/5762/4713 4914/5760/4711
f 4909/5775/4726 4949/5774/4725 4914/5760/4711 4869/5755/4706
f 4861/5778/4729 4901/5779/4730 4950/5780/4731 4911/5781/4732
f 4901/5779/4730 4865/5772/4723 4909/5775/4726 4950/5780/4731
f 4950/5780/4731 4909/5775/4726 4869/5755/4706 4915/5752/4703
f 4911/5781/4732 4950/5780/4731 4915/5752/4703 4867/5751/4702
f 4855/5782/4733 4897/5783/4734 4951/5784/4735 4916/5785/4736
f 4897/5783/4734 4860/5786/4737 4910/5787/4738 4951/5784/4735
f 4951/5784/4735 4910/5787/4738 4872/5742/4693 4919/5767/4718
f 4916/5785/4736 4951/5784/4735 4919/5767/4718 4870/5766/4717
f 4860/5786/4737 4900/5788/4739 4952/5789/4740 4910/5787/4738
f 4900/5788/4739 4857/5790/4741 4907/5791/4742 4952/5789/4740
f 4952/5789/4740 4907/5791/4742 4871/5746/4697 4920/5743/4694
f 4910/5787/4738 4952/5789/4740 4920/5743/4694 4872/5742/4693
f 4837/5732/4683 4873/5735/4686 4953/5792/4743 4921/5793/4744
f 4873/5735/4686 4842/5737/4688 4926/5794/4745 4953/5792/4743
f 4953/5792/4743 4926/5794/4745 4860/5786/4737 4897/5795/4734
f 4921/5793/4744 4953/5792/4743 4897/5795/4734 4855/5796/4733
f 4840/5713/4664 4874/5712/4663 4954/5797/4746 4924/5798/4747
f 4874/5712/4663 4841/5707/4658 4925/5799/4748 4954/5797/4746
f 4954/5797/4746 4925/5799/4748 4859/5757/4708 4898/5800/4716
f 4924/5798/4747 4954/5797/4746 4898/5800/4716 4858/5801/4715
f 4841/5707/4658 4875/5706/4657 4955/5802/4749 4925/5799/4748
f 4875/5706/4657 4838/5705/4656 4922/5803/4750 4955/5802/4749
f 4955/5802/4749 4922/5803/4750 4856/5804/4710 4899/5805/4709
f 4925/5799/4748 4955/5802/4749 4899/5805/4709 4859/5757/4708
f 4842/5737/4688 4876/5739/4690 4956/5806/4751 4926/5794/4745
f 4876/5739/4690 4839/5741/4692 4923/5807/4752 4956/5806/4751
f 4956/5806/4751 4923/5807/4752 4857/5808/4741 4900/5809/4739
f 4926/5794/4745 4956/5806/4751 4900/5809/4739 4860/5786/4737
f 4843/5728/4679 4877/5731/4682 4957/5810/4753 4927/5811/4754
f 4877/5731/4682 4847/5722/4673 4931/5812/4755 4957/5810/4753
f 4957/5810/4753 4931/5812/4755 4865/5772/4723 4901/5813/4730
f 4927/5811/4754 4957/5810/4753 4901/5813/4730 4861/5814/4729
f 4847/5722/4673 4878/5725/4676 4958/5815/4756 4931/5812/4755
f 4878/5725/4676 4846/5727/4678 4930/5816/4757 4958/5815/4756
f 4958/5815/4756 4930/5816/4757 4864/5817/4727 4902/5818/4724
f 4931/5812/4755 4958/5815/4756 4902/5818/4724 4865/5772/4723
f 4848/5696/4647 4879/5721/4672 4959/5819/4758 4932/5820/4759
f 4879/5721/4672 4844/5720/4671 4928/5821/4760 4959/5819/4758
f 4959/5819/4758 4928/5821/4760 4862/5822/4722 4903/5823/4721
f 4932/5820/4759 4959/5819/4758 4903/5823/4721 4866/5750/4701
f 4838/5705/4656 4880/5702/4653 4960/5824/4761 4922/5803/4750
f 4880/5702/4653 4849/5701/4652 4933/5825/4762 4960/5824/4761
f 4960/5824/4761 4933/5825/4762 4867/5751/4702 4904/5826/4705
f 4922/5803/4750 4960/5824/4761 4904/5826/4705 4856/5804/4710
f 4846/5727/4678 4881/5726/4677 4961/5827/4763 4930/5816/4757
f 4881/5726/4677 4850/5715/4666 4934/5828/4764 4961/5827/4763
f 4961/5827/4763 4934/5828/4764 4868/5762/4713 4905/5829/4728
f 4930/5816/4757 4961/5827/4763 4905/5829/4728 4864/5817/4727
f 4844/5720/4671 4882/5717/4668 4962/5830/4765 4928/5821/4760
f 4882/5717/4668 4852/5716/4667 4935/5831/4766 4962/5830/4765
f 4962/5830/4765 4935/5831/4766 4870/5766/4717 4906/5832/4720
f 4928/5821/4760 4962/5830/4765 4906/5832/4720 4862/5822/4722
f 4839/5741/4692 4883/5740/4691 4963/5833/4767 4923/5807/4752
f 4883/5740/4691 4853/5700/4651 4936/5834/4768 4963/5833/4767
f 4963/5833/4767 4936/5834/4768 4871/5746/4697 4907/5835/4742
f 4923/5807/4752 4963/5833/4767 4907/5835/4742 4857/5808/4741
f 4845/5698/4649 4884/5697/4648 4964/5836/4769 4929/5837/4770
f 4884/5697/4648 4848/5696/4647 4932/5820/4759 4964/5836/4769
f 4964/5836/4769 4932/5820/4759 4866/5750/4701 4908/5838/4700
f 4929/5837/4770 4964/5836/4769 4908/5838/4700 4863/5839/4699
f 4849/5701/4652 4887/5729/4680 4965/5840/4771 4933/5825/4762
f 4887/5729/4680 4843/5728/4679 4927/5811/4754 4965/5840/4771
f 4965/5840/4771 4927/5811/4754 4861/5814/4729 4911/5841/4732
f 4933/5825/4762 4965/5840/4771 4911/5841/4732 4867/5751/4702
f 4850/5715/4666 4888/5714/4665 4966/5842/4772 4934/5828/4764
f 4888/5714/4665 4840/5713/4664 4924/5798/4747 4966/5842/4772
f 4966/5842/4772 4924/5798/4747 4858/5801/4715 4912/5843/4714
f 4934/5828/4764 4966/5842/4772 4912/5843/4714 4868/5762/4713
f 4852/5716/4667 4892/5733/4684 4967/5844/4773 4935/5831/4766
f 4892/5733/4684 4837/5732/4683 4921/5793/4744 4967/5844/4773
f 4967/5844/4773 4921/5793/4744 4855/5796/4733 4916/5845/4736
f 4935/5831/4766 4967/5844/4773 4916/5845/4736 4870/5766/4717
f 4853/5700/4651 4893/5699/4650 4968/5846/4774 4936/5834/4768
f 4893/5699/4650 4845/5698/4649 4929/5837/4770 4968/5846/4774
f 4968/5846/4774 4929/5837/4770 4863/5839/4699 4917/5847/4698
f 4936/5834/4768 4968/5846/4774 4917/5847/4698 4871/5746/4697
f 4977/5848/4775 4974/5849/4776 4976/5850/4777 4978/5851/4778
f 4978/5851/4778 4976/5850/4777 4975/5852/4779 4979/5853/4778
f 4979/5853/4778 4975/5852/4779 4973/5854/4780 4980/5855/4781
f 4972/5856/4782 4979/5853/4778 4980/5855/4781 4970/5857/4783
f 4971/5858/4784 4978/5851/4778 4979/5853/4778 4972/5856/4782
f 4969/5859/4785 4977/5848/4775 4978/5851/4778 4971/5858/4784
f 4989/5860/4786 4990/5861/4787 4988/5862/4788 4986/5863/4789
f 4990/5861/4787 4991/5864/4787 4987/5865/4790 4988/5862/4788
f 4991/5864/4787 4992/5866/4791 4985/5867/4792 4987/5865/4790
f 4984/5868/4793 4982/5869/4794 4992/5866/4791 4991/5864/4787
f 4983/5870/4795 4984/5868/4793 4991/5864/4787 4990/5861/4787
f 4981/5871/4796 4983/5870/4795 4990/5861/4787 4989/5860/4786
f 4977/5848/4775 4969/5859/4785 4981/5871/4796 4989/5860/4786
f 4969/5859/4785 4971/5858/4784 4983/5870/4795 4981/5871/4796
f 4974/5849/4776 4977/5848/4775 4989/5860/4786 4986/5863/4789
f 4976/5850/4777 4974/5849/4776 4986/5863/4789 4988/5862/4788
f 4971/5858/4784 4972/5856/4782 4984/5868/4793 4983/5870/4795
f 4975/5852/4779 4976/5850/4777 4988/5862/4788 4987/5865/4790
f 4972/5856/4782 4970/5857/4783 4982/5869/4794 4984/5868/4793
f 4973/5854/4780 4975/5852/4779 4987/5865/4790 4985/5867/4792
f 4970/5857/4783 4980/5855/4781 4992/5866/4791 4982/5869/4794
f 4980/5855/4781 4973/5854/4780 4985/5867/4792 4992/5866/4791
o Sleeveless_Knitwear_Cube.002
v 0.097305 1.378597 -0.057437
v 0.077592 1.392593 -0.070022
v 0.092936 1.380481 0.056190
v 0.075472 1.325546 -0.084331
v 0.098570 1.325546 -0.076407
v 0.066892 1.315504 0.148512
v 0.103105 1.327995 0.112073
v 0.106043 1.289683 -0.064444
v 0.102334 1.297641 0.119996
v 0.071597 1.270860 -0.083603
v 0.075313 1.263381 0.167262
v 0.100026 1.213692 -0.043854
v 0.115873 1.213692 0.117949
v 0.063324 1.213692 -0.064736
v 0.077646 1.213692 0.143014
v 0.124280 1.213692 0.018488
v 0.084458 1.151889 -0.029584
v 0.092389 1.151889 0.071499
v 0.048346 1.151889 -0.050192
v 0.067192 1.151888 0.100766
v 0.105949 1.151889 0.018459
v 0.073128 1.131808 -0.024644
v 0.085721 1.131808 0.066748
v 0.038001 1.131808 -0.043600
v 0.057128 1.131808 0.094616
v 0.098767 1.131808 0.018459
v 0.056409 1.191764 -0.052654
v 0.066209 1.191765 0.104179
v 0.113325 1.191768 0.018451
v 0.094759 1.191763 -0.031661
v 0.097911 1.191764 0.085366
v 0.075547 1.399972 0.056190
v 0.067257 1.353793 0.104430
v 0.079240 1.422791 0.000154
v 0.099744 1.400791 0.000154
v 0.120279 1.253841 0.018510
v 0.086892 1.135246 -0.032977
v 0.097880 1.135246 0.073753
v 0.112480 1.135246 0.018020
v 0.068607 1.135246 0.106103
v 0.047831 1.135246 -0.054732
v 0.068635 1.386149 -0.067750
v 0.062249 1.325546 -0.076505
v 0.061299 1.276813 -0.072691
v 0.064361 1.397364 0.056190
v 0.057168 1.358005 0.094722
v 0.072146 1.413819 0.000154
v 0.094955 1.131808 0.072348
v 0.083817 1.131808 -0.030770
v 0.109160 1.131808 0.018457
v 0.066081 1.131808 0.103753
v 0.045776 1.131808 -0.051859
v 0.076223 1.135206 -0.026285
v 0.089214 1.135206 0.068195
v 0.040222 1.135206 -0.045828
v 0.059924 1.135206 0.097338
v 0.102663 1.135206 0.018459
v 0.071889 1.151889 -0.024057
v 0.084351 1.151889 0.066230
v 0.037038 1.151889 -0.042804
v 0.055966 1.151889 0.093647
v 0.097254 1.151889 0.018460
v 0.098387 1.147545 0.018460
v 0.072797 1.147545 -0.024524
v 0.056795 1.147545 0.094420
v 0.085370 1.147545 0.066642
v 0.037705 1.147545 -0.043438
v 0.086127 1.173492 -0.028420
v 0.094355 1.173450 0.070269
v 0.053058 1.173439 -0.048404
v 0.067840 1.173330 0.094703
v 0.105341 1.173525 0.018455
v 0.054314 1.358269 0.104194
v 0.064554 1.400745 0.056190
v 0.070189 1.417292 0.000154
v 0.060433 1.325546 -0.079644
v 0.059490 1.278502 -0.077898
v 0.066698 1.387148 -0.069114
v 0.092844 1.351160 0.090782
v 0.047284 1.144147 -0.050905
v 0.066740 1.144147 0.102038
v 0.107309 1.144147 0.018457
v 0.084204 1.144147 -0.030091
v 0.093474 1.144147 0.071866
v 0.017782 1.295269 0.156129
v 0.022747 1.256202 0.161128
v 0.023918 1.213692 0.139187
v 0.027597 1.151888 0.109899
v 0.027571 1.131808 0.103382
v 0.023898 1.198236 0.113287
v 0.017434 1.318744 0.126094
v 0.028563 1.135246 0.115600
v 0.016492 1.327006 0.111331
v -0.000584 1.326148 0.113138
v 0.027597 1.131808 0.112934
v 0.027578 1.135206 0.106240
v 0.027568 1.151889 0.102357
v 0.027570 1.147545 0.103171
v 0.027589 1.173324 0.105619
v 0.016458 1.334087 0.117641
v -0.000430 1.332292 0.119625
v 0.027599 1.144147 0.111189
v 0.014863 1.135246 -0.054891
v 0.014402 1.266244 -0.080869
v 0.014374 1.213692 -0.066511
v 0.014367 1.151889 -0.050407
v 0.014340 1.131808 -0.043665
v 0.014366 1.191767 -0.058194
v 0.013560 1.278124 -0.070059
v 0.014361 1.131808 -0.052001
v 0.014346 1.135206 -0.045899
v 0.014337 1.151889 -0.042867
v 0.014339 1.147545 -0.043503
v 0.013879 1.173432 -0.049932
v 0.013555 1.279874 -0.075463
v 0.014365 1.144147 -0.051087
v 0.068669 1.173416 -0.021708
v 0.080535 1.173416 0.065185
v 0.035487 1.173416 -0.039576
v 0.053507 1.173416 0.090019
v 0.092808 1.173416 0.018770
v 0.026457 1.173416 0.098331
v 0.000000 1.173416 0.101153
v 0.013848 1.173416 -0.039652
v 0.079414 1.385355 -0.066666
v 0.073432 1.325546 -0.077219
v 0.077795 1.263970 -0.070941
v 0.068829 1.389444 0.056190
v 0.064877 1.341902 0.101345
v 0.077153 1.404231 0.000154
v 0.021955 1.312997 0.111053
v 0.000590 1.302157 0.117724
v 0.014429 1.255970 -0.068446
v 0.087026 1.141564 -0.032718
v 0.097319 1.141564 0.073568
v 0.048385 1.141564 -0.054369
v 0.068844 1.141564 0.105454
v 0.111780 1.141564 0.018020
v 0.028564 1.141564 0.114939
v 0.014864 1.141564 -0.054542
v 0.109016 1.382321 -0.062523
v 0.109295 1.325546 -0.074731
v 0.103903 1.385658 0.056190
v 0.115181 1.331375 0.114918
v 0.120229 1.290012 -0.067269
v 0.130285 1.301889 0.118525
v 0.111752 1.405984 0.000154
v 0.140666 1.256599 0.018435
v 0.105409 1.353614 0.095095
v 0.111308 1.401920 0.000154
v 0.109820 1.379440 -0.058588
v 0.108794 1.325546 -0.072355
v 0.115662 1.290613 -0.065170
v 0.112223 1.329472 0.111149
v 0.100648 1.382942 0.056190
v 0.118205 1.301332 0.117750
v 0.132927 1.255600 0.018675
v 0.098438 1.353311 0.089732
v 0.125946 1.213692 0.077437
v 0.099169 1.151889 0.048306
v 0.092244 1.131808 0.045931
v 0.108668 1.191766 0.058987
v 0.105180 1.135246 0.049214
v 0.111447 1.266464 0.079756
v 0.102057 1.131808 0.048730
v 0.095938 1.135206 0.046654
v 0.090803 1.151889 0.045672
v 0.091879 1.147545 0.045878
v 0.099848 1.173487 0.047690
v 0.100391 1.144147 0.048489
v 0.086672 1.173416 0.044970
v 0.104550 1.141564 0.049121
v 0.136388 1.269632 0.078852
v 0.124236 1.266575 0.079725
v 0.112153 1.213692 -0.016170
v 0.095204 1.151889 -0.009049
v 0.085948 1.131808 -0.006579
v 0.104042 1.191766 -0.010092
v 0.099686 1.135246 -0.010966
v 0.113735 1.260145 -0.023259
v 0.096488 1.131808 -0.009643
v 0.089443 1.135206 -0.007400
v 0.084572 1.151889 -0.006286
v 0.085592 1.147545 -0.006519
v 0.095734 1.173508 -0.008470
v 0.095756 1.144147 -0.009304
v 0.080738 1.173416 -0.004956
v 0.099403 1.141564 -0.010836
v 0.130547 1.261149 -0.023259
v 0.118603 1.260303 -0.023259
v 0.110223 1.325546 -0.088407
v 0.096974 1.325546 -0.090393
v 0.096010 1.389447 -0.068533
v 0.107209 1.384758 -0.065851
v 0.107483 1.415974 -0.001361
v 0.097197 1.421144 -0.001361
v 0.122651 1.278008 -0.074754
v 0.112906 1.272261 -0.072834
v 0.093861 1.397301 0.057935
v 0.102850 1.396608 0.057935
v 0.104179 1.362716 0.094835
v 0.094152 1.361834 0.098925
v 0.102895 1.328092 0.126709
v 0.114043 1.331614 0.122112
v 0.133744 1.294244 0.124366
v 0.122986 1.288737 0.129896
v 0.146036 1.247201 0.017993
v 0.135711 1.239236 0.018040
v 0.131190 1.253363 0.086957
v 0.142305 1.260439 0.084921
v 0.128257 1.244082 -0.025932
v 0.138593 1.252522 -0.025932
v 0.091399 1.386815 -0.064940
v 0.094583 1.387214 -0.065484
v 0.093314 1.386570 -0.061797
v 0.095400 1.325546 -0.081914
v 0.092887 1.325546 -0.081015
v 0.094520 1.325546 -0.077945
v 0.088993 1.398118 0.055158
v 0.092553 1.399989 0.056051
v 0.091192 1.398420 0.055331
v 0.098025 1.326833 0.125185
v 0.101243 1.327884 0.123513
v 0.099897 1.327526 0.122574
v 0.111670 1.275503 -0.069863
v 0.109355 1.275406 -0.067270
v 0.110734 1.276152 -0.068193
v 0.118145 1.288700 0.127527
v 0.121021 1.289532 0.126201
v 0.119792 1.289445 0.125215
v 0.095020 1.418735 0.000526
v 0.091875 1.417414 0.000953
v 0.093820 1.417159 0.000893
v 0.129347 1.241914 0.018708
v 0.131847 1.242787 0.018502
v 0.130316 1.243265 0.018658
v 0.092910 1.359433 0.097320
v 0.089173 1.357233 0.096535
v 0.091432 1.358048 0.096594
v 0.126537 1.255439 0.083761
v 0.124418 1.254065 0.081941
v 0.125047 1.255424 0.082631
v 0.123930 1.247608 -0.023922
v 0.120992 1.246715 -0.022342
v 0.122235 1.248027 -0.023072
v 0.063443 1.363032 0.108736
v 0.053524 1.364870 0.103438
v 0.066785 1.408509 0.060509
v 0.073317 1.408050 0.060509
v 0.078068 1.425838 0.000071
v 0.071361 1.425306 0.000071
v 0.070176 1.391555 -0.075133
v 0.076965 1.391024 -0.074407
v 0.072781 1.325546 -0.092243
v 0.063177 1.325546 -0.089790
v 0.059029 1.280473 -0.088863
v 0.070159 1.271125 -0.089487
v 0.017169 1.329501 0.130571
v 0.016722 1.337824 0.123325
v 0.013880 1.276200 -0.083495
v 0.014077 1.266510 -0.085678
v 0.066354 1.355979 0.105449
v 0.075020 1.401884 0.057212
v 0.017371 1.321290 0.126416
v 0.078963 1.424643 0.000134
v 0.077444 1.393353 -0.071059
v 0.074836 1.325546 -0.086204
v 0.071257 1.270922 -0.084996
v 0.014325 1.266307 -0.082007
v -0.097305 1.378597 -0.057437
v -0.077591 1.392593 -0.070022
v -0.092936 1.380481 0.056190
v -0.075472 1.325546 -0.084331
v -0.098570 1.325546 -0.076407
v -0.066891 1.315504 0.148512
v -0.103104 1.327995 0.109564
v -0.106043 1.289683 -0.064444
v -0.102333 1.297641 0.119996
v -0.071596 1.270860 -0.083603
v -0.075312 1.263381 0.167262
v -0.100026 1.213692 -0.043854
v -0.115873 1.213692 0.117949
v -0.063323 1.213692 -0.064736
v -0.077645 1.213692 0.143014
v -0.124279 1.213692 0.018488
v -0.084458 1.151889 -0.029584
v -0.092389 1.151889 0.071499
v -0.048345 1.151889 -0.050192
v -0.067191 1.151888 0.100766
v -0.105948 1.151889 0.018459
v -0.073127 1.131808 -0.024644
v -0.085721 1.131808 0.066748
v -0.038000 1.131808 -0.043600
v -0.057127 1.131808 0.094616
v -0.098767 1.131808 0.018459
v -0.056409 1.191764 -0.052654
v -0.066208 1.191765 0.104179
v -0.113324 1.191768 0.018451
v -0.094758 1.191763 -0.031661
v -0.097910 1.191764 0.085366
v -0.075547 1.399972 0.056190
v -0.067256 1.353793 0.104430
v -0.079239 1.422791 0.000154
v -0.099743 1.400791 0.000154
v -0.120278 1.253841 0.018510
v -0.086891 1.135246 -0.032977
v -0.097879 1.135246 0.073753
v -0.112480 1.135246 0.018020
v -0.068607 1.135246 0.106103
v -0.047830 1.135246 -0.054732
v -0.068634 1.386149 -0.067750
v -0.062248 1.325546 -0.076505
v -0.061298 1.276813 -0.072691
v -0.064360 1.397364 0.056190
v -0.057167 1.358005 0.094722
v -0.072145 1.413819 0.000154
v -0.094954 1.131808 0.072348
v -0.083816 1.131808 -0.030770
v -0.109159 1.131808 0.018457
v -0.066080 1.131808 0.103753
v -0.045775 1.131808 -0.051859
v -0.076222 1.135206 -0.026285
v -0.089213 1.135206 0.068195
v -0.040221 1.135206 -0.045828
v -0.059924 1.135206 0.097338
v -0.102663 1.135206 0.018459
v -0.071889 1.151889 -0.024057
v -0.084351 1.151889 0.066230
v -0.037037 1.151889 -0.042804
v -0.055965 1.151889 0.093647
v -0.097253 1.151889 0.018460
v -0.098387 1.147545 0.018460
v -0.072797 1.147545 -0.024524
v -0.056795 1.147545 0.094420
v -0.085369 1.147545 0.066642
v -0.037704 1.147545 -0.043438
v -0.086126 1.173492 -0.028420
v -0.094354 1.173450 0.070269
v -0.053057 1.173439 -0.048404
v -0.067839 1.173330 0.094703
v -0.105341 1.173525 0.018455
v -0.054314 1.358269 0.104194
v -0.064554 1.400745 0.056190
v -0.070188 1.417292 0.000154
v -0.060432 1.325546 -0.079644
v -0.059489 1.278502 -0.077898
v -0.066697 1.387148 -0.069114
v -0.092844 1.351160 0.090782
v -0.047283 1.144147 -0.050905
v -0.066739 1.144147 0.102038
v -0.107308 1.144147 0.018457
v -0.084203 1.144147 -0.030091
v -0.093473 1.144147 0.071866
v -0.017781 1.295269 0.156129
v 0.000000 1.294072 0.147991
v -0.022746 1.256202 0.161128
v 0.000000 1.254260 0.154655
v -0.023917 1.213692 0.139187
v 0.000000 1.223926 0.135790
v -0.027597 1.151888 0.109899
v 0.000000 1.151888 0.112753
v -0.027570 1.131808 0.103382
v 0.000000 1.131808 0.106326
v -0.023897 1.198236 0.113287
v 0.000000 1.210414 0.117274
v -0.017433 1.318744 0.126094
v 0.000000 1.318284 0.126258
v -0.028562 1.135246 0.115600
v 0.000000 1.135246 0.118592
v -0.016492 1.327006 0.111331
v -0.027596 1.131808 0.112934
v 0.000000 1.131808 0.115833
v -0.027578 1.135206 0.106240
v 0.000000 1.135206 0.109153
v -0.027567 1.151889 0.102357
v 0.000000 1.151889 0.105319
v -0.027569 1.147545 0.103171
v 0.000000 1.147545 0.106122
v -0.027588 1.173324 0.105619
v 0.000000 1.173320 0.109095
v -0.016457 1.334087 0.117641
v -0.027598 1.144147 0.111189
v 0.000000 1.144147 0.114061
v -0.014862 1.135246 -0.054891
v -0.014401 1.266244 -0.080869
v -0.014373 1.213692 -0.066511
v -0.014366 1.151889 -0.050407
v -0.014339 1.131808 -0.043665
v -0.014366 1.191767 -0.058194
v -0.013559 1.278124 -0.070059
v -0.014361 1.131808 -0.052001
v -0.014345 1.135206 -0.045899
v -0.014337 1.151889 -0.042867
v -0.014338 1.147545 -0.043503
v -0.013879 1.173432 -0.049932
v -0.013554 1.279874 -0.075463
v -0.014365 1.144147 -0.051087
v -0.068668 1.173416 -0.021708
v -0.080535 1.173416 0.065185
v -0.035486 1.173416 -0.039576
v -0.053507 1.173416 0.090019
v -0.092807 1.173416 0.018770
v -0.026456 1.173416 0.098331
v -0.013847 1.173416 -0.039652
v -0.079413 1.385355 -0.066666
v -0.073431 1.325546 -0.077219
v -0.077795 1.263970 -0.070941
v -0.068828 1.389444 0.056190
v -0.064877 1.341902 0.101345
v -0.077152 1.404231 0.000154
v -0.021955 1.312997 0.111053
v -0.014429 1.255970 -0.068446
v -0.087025 1.141564 -0.032718
v -0.097318 1.141564 0.073568
v -0.048385 1.141564 -0.054369
v -0.068844 1.141564 0.105454
v -0.111779 1.141564 0.018020
v -0.028563 1.141564 0.114939
v 0.000000 1.141564 0.117922
v -0.014864 1.141564 -0.054542
v -0.109015 1.382321 -0.062523
v -0.109294 1.325546 -0.074731
v -0.103902 1.385658 0.056190
v -0.115180 1.331375 0.114918
v -0.120228 1.290012 -0.067269
v -0.130285 1.301889 0.118525
v -0.111751 1.405984 0.000154
v -0.140665 1.256599 0.018435
v -0.105408 1.353614 0.095095
v -0.111308 1.401920 0.000154
v -0.109820 1.379440 -0.058588
v -0.108793 1.325546 -0.072355
v -0.115661 1.290613 -0.065170
v -0.112222 1.329472 0.108640
v -0.100648 1.382942 0.056190
v -0.118205 1.301332 0.117750
v -0.132927 1.255600 0.018675
v -0.098437 1.353311 0.089732
v -0.125945 1.213692 0.077437
v -0.099168 1.151889 0.048306
v -0.092244 1.131808 0.045931
v -0.108667 1.191766 0.058987
v -0.105179 1.135246 0.049214
v -0.111446 1.266464 0.079756
v -0.102056 1.131808 0.048730
v -0.095938 1.135206 0.046654
v -0.090802 1.151889 0.045672
v -0.091878 1.147545 0.045878
v -0.099848 1.173487 0.047690
v -0.100390 1.144147 0.048489
v -0.086671 1.173416 0.044970
v -0.104549 1.141564 0.049121
v -0.136387 1.269632 0.078852
v -0.124235 1.266575 0.079725
v -0.112152 1.213692 -0.016170
v -0.095203 1.151889 -0.009049
v -0.085947 1.131808 -0.006579
v -0.104041 1.191766 -0.010092
v -0.099686 1.135246 -0.010966
v -0.113734 1.260145 -0.023259
v -0.096488 1.131808 -0.009643
v -0.089442 1.135206 -0.007400
v -0.084571 1.151889 -0.006286
v -0.085592 1.147545 -0.006519
v -0.095734 1.173508 -0.008470
v -0.095756 1.144147 -0.009304
v -0.080738 1.173416 -0.004956
v -0.099402 1.141564 -0.010836
v -0.130547 1.261149 -0.023259
v -0.118602 1.260303 -0.023259
v 0.000000 1.266251 -0.080877
v 0.000000 1.213692 -0.066523
v 0.000000 1.173432 -0.049942
v 0.000000 1.151889 -0.050409
v 0.000000 1.131808 -0.052003
v 0.000000 1.131808 -0.043666
v 0.000000 1.191767 -0.058210
v 0.000000 1.144147 -0.051090
v 0.000000 1.135246 -0.054893
v 0.000000 1.135206 -0.045898
v 0.000000 1.147545 -0.043504
v 0.000000 1.151889 -0.042869
v 0.000000 1.279861 -0.075455
v 0.000000 1.278087 -0.070006
v 0.000000 1.173416 -0.039653
v 0.000000 1.255930 -0.068389
v 0.000000 1.141564 -0.054545
v -0.110223 1.325546 -0.088407
v -0.096973 1.325546 -0.087585
v -0.096009 1.389447 -0.065725
v -0.107208 1.384758 -0.065851
v -0.107482 1.415974 -0.001361
v -0.097197 1.421144 -0.001361
v -0.122650 1.278008 -0.074754
v -0.112905 1.272261 -0.072834
v -0.093860 1.397301 0.057935
v -0.102849 1.396608 0.057935
v -0.104178 1.362716 0.094835
v -0.094151 1.361834 0.098925
v -0.102894 1.328092 0.126709
v -0.114042 1.331614 0.122112
v -0.133743 1.294244 0.124366
v -0.122985 1.288737 0.129896
v -0.146036 1.247201 0.017993
v -0.135710 1.239236 0.018040
v -0.131189 1.253363 0.086957
v -0.142304 1.260439 0.084921
v -0.128256 1.244082 -0.025932
v -0.138592 1.252522 -0.025932
v -0.091399 1.386815 -0.064940
v -0.094582 1.387214 -0.065484
v -0.093313 1.386570 -0.064605
v -0.095399 1.325546 -0.081914
v -0.092887 1.325546 -0.081015
v -0.094520 1.325546 -0.080753
v -0.088992 1.398118 0.055158
v -0.092553 1.399989 0.056051
v -0.091192 1.398420 0.055331
v -0.098025 1.326833 0.122976
v -0.101243 1.327884 0.123513
v -0.099896 1.327526 0.122574
v -0.111669 1.275503 -0.069863
v -0.109354 1.275406 -0.067270
v -0.110733 1.276152 -0.068193
v -0.118144 1.288700 0.125317
v -0.121020 1.289532 0.126201
v -0.119791 1.289445 0.125215
v -0.095019 1.418735 0.000526
v -0.091874 1.417414 0.000953
v -0.093819 1.417159 0.000893
v -0.129346 1.241914 0.018708
v -0.131846 1.242787 0.018502
v -0.130315 1.243265 0.018658
v -0.092909 1.359433 0.097320
v -0.089172 1.357233 0.096535
v -0.091431 1.358048 0.096594
v -0.126537 1.255439 0.083761
v -0.124417 1.254065 0.081941
v -0.125046 1.255424 0.082631
v -0.123929 1.247608 -0.023922
v -0.120991 1.246715 -0.022342
v -0.122234 1.248027 -0.023072
v -0.063442 1.363032 0.108736
v -0.053523 1.364870 0.103438
v -0.066784 1.408509 0.060509
v -0.073316 1.408050 0.060509
v -0.078068 1.425838 0.000071
v -0.071360 1.425306 0.000071
v -0.070175 1.391555 -0.075133
v -0.076964 1.391024 -0.074407
v -0.072781 1.325546 -0.092243
v -0.063177 1.325546 -0.089790
v -0.059029 1.280473 -0.088863
v -0.070159 1.271125 -0.089487
v 0.000000 1.328375 0.131741
v 0.000000 1.333692 0.124471
v -0.017168 1.329501 0.130571
v -0.016722 1.337824 0.123325
v -0.013879 1.276200 -0.083495
v -0.014076 1.266510 -0.085678
v 0.000000 1.276419 -0.083481
v 0.000000 1.266447 -0.085691
v -0.066353 1.355979 0.105449
v -0.075019 1.401884 0.057212
v -0.017370 1.321290 0.126416
v -0.078962 1.424643 0.000134
v -0.077443 1.393353 -0.071059
v -0.074835 1.325546 -0.086204
v -0.071256 1.270922 -0.084996
v -0.014324 1.266307 -0.082007
v 0.000000 1.320672 0.126818
v 0.000000 1.266297 -0.082016
v -0.000252 1.308439 0.147498
v -0.000252 1.293639 0.147102
v -0.004177 1.295487 0.148419
v -0.007504 1.298743 0.148588
v -0.009727 1.302908 0.147584
v -0.010508 1.307351 0.145559
v -0.009727 1.311394 0.142823
v -0.007504 1.314422 0.139790
v -0.004177 1.315974 0.136924
v -0.005802 1.294483 0.146628
v -0.010508 1.296886 0.145279
v -0.013652 1.300483 0.143261
v -0.014756 1.304726 0.140881
v -0.013652 1.308969 0.138500
v -0.010508 1.312566 0.136482
v -0.005802 1.314969 0.135133
v -0.000252 1.315813 0.134660
v -0.004177 1.293478 0.144838
v -0.007504 1.295030 0.141971
v -0.009727 1.298057 0.138939
v -0.010508 1.302101 0.136202
v -0.009727 1.306543 0.134177
v -0.007504 1.310709 0.133173
v -0.004177 1.313965 0.133343
v -0.000252 1.293062 0.144096
v -0.000252 1.294261 0.140601
v -0.000252 1.297053 0.137148
v -0.000252 1.301013 0.134264
v -0.000252 1.305539 0.132387
v -0.000252 1.309940 0.131803
v -0.000252 1.313548 0.132601
v 0.003673 1.293478 0.144838
v 0.007000 1.295030 0.141971
v 0.009223 1.298057 0.138939
v 0.010004 1.302101 0.136202
v 0.009223 1.306543 0.134177
v 0.007000 1.310709 0.133173
v 0.003673 1.313965 0.133343
v 0.005299 1.294483 0.146628
v 0.010004 1.296886 0.145279
v 0.013148 1.300483 0.143261
v 0.014252 1.304726 0.140881
v 0.013148 1.308969 0.138500
v 0.010004 1.312566 0.136482
v 0.005299 1.314969 0.135133
v 0.003673 1.295487 0.148419
v 0.007000 1.298743 0.148588
v 0.009223 1.302908 0.147584
v 0.010004 1.307351 0.145559
v 0.009223 1.311394 0.142823
v 0.007000 1.314422 0.139790
v 0.003673 1.315974 0.136924
v -0.000252 1.295903 0.149160
v -0.000252 1.299512 0.149958
v -0.000252 1.303913 0.149375
v -0.000252 1.312399 0.144613
v -0.000252 1.315191 0.141161
v -0.000252 1.316390 0.137665
v -0.000252 1.246510 0.159893
v -0.000252 1.236769 0.148743
v -0.004177 1.237054 0.150995
v -0.007504 1.239136 0.153503
v -0.009727 1.242697 0.155886
v -0.010508 1.247197 0.157780
v -0.009727 1.251950 0.158897
v -0.007504 1.256232 0.159068
v -0.004177 1.259391 0.158266
v -0.005802 1.237689 0.149043
v -0.010508 1.240310 0.149896
v -0.013652 1.244231 0.151172
v -0.014756 1.248858 0.152678
v -0.013652 1.253484 0.154184
v -0.010508 1.257406 0.155461
v -0.005802 1.260027 0.156314
v -0.000252 1.260947 0.156613
v -0.004177 1.238325 0.147090
v -0.007504 1.241484 0.146288
v -0.009727 1.245766 0.146459
v -0.010508 1.250519 0.147577
v -0.009727 1.255018 0.149471
v -0.007504 1.258580 0.151853
v -0.004177 1.260662 0.154361
v -0.000252 1.238588 0.146282
v -0.000252 1.241971 0.144794
v -0.000252 1.246401 0.144507
v -0.000252 1.251207 0.145463
v -0.000252 1.255654 0.147518
v -0.000252 1.259067 0.150359
v -0.000252 1.260926 0.153553
v 0.003673 1.238325 0.147090
v 0.007000 1.241484 0.146288
v 0.009223 1.245766 0.146459
v 0.010004 1.250519 0.147577
v 0.009223 1.255018 0.149471
v 0.007000 1.258580 0.151853
v 0.003673 1.260662 0.154361
v 0.005299 1.237689 0.149043
v 0.010004 1.240310 0.149896
v 0.013148 1.244231 0.151172
v 0.014252 1.248858 0.152678
v 0.013148 1.253484 0.154184
v 0.010004 1.257406 0.155461
v 0.005299 1.260027 0.156314
v 0.003673 1.237054 0.150995
v 0.007000 1.239136 0.153503
v 0.009223 1.242697 0.155886
v 0.010004 1.247197 0.157780
v 0.009223 1.251950 0.158897
v 0.007000 1.256232 0.159068
v 0.003673 1.259391 0.158266
v -0.000252 1.236790 0.151804
v -0.000252 1.238649 0.154997
v -0.000252 1.242062 0.157838
v -0.000252 1.251314 0.160850
v -0.000252 1.255745 0.160562
v -0.000252 1.259128 0.159075
v -0.000252 1.189374 0.124454
v -0.000252 1.182890 0.111144
v -0.004177 1.182575 0.113392
v -0.007504 1.183929 0.116358
v -0.009727 1.186743 0.119589
v -0.010508 1.190591 0.122595
v -0.009727 1.194885 0.124917
v -0.007504 1.198973 0.126202
v -0.004177 1.202232 0.126254
v -0.005802 1.183699 0.111674
v -0.010508 1.186006 0.113183
v -0.013652 1.189457 0.115441
v -0.014756 1.193528 0.118105
v -0.013652 1.197599 0.120769
v -0.010508 1.201050 0.123027
v -0.005802 1.203357 0.124536
v -0.000252 1.204166 0.125066
v -0.004177 1.184824 0.109956
v -0.007504 1.188083 0.110009
v -0.009727 1.192171 0.111294
v -0.010508 1.196466 0.113616
v -0.009727 1.200313 0.116621
v -0.007504 1.203128 0.119853
v -0.004177 1.204481 0.122818
v -0.000252 1.185289 0.109244
v -0.000252 1.188944 0.108694
v -0.000252 1.193295 0.109576
v -0.000252 1.197682 0.111756
v -0.000252 1.201437 0.114903
v -0.000252 1.203988 0.118538
v -0.000252 1.204946 0.122107
v 0.003673 1.184824 0.109956
v 0.007000 1.188083 0.110009
v 0.009223 1.192171 0.111294
v 0.010004 1.196466 0.113616
v 0.009223 1.200313 0.116621
v 0.007000 1.203128 0.119853
v 0.003673 1.204481 0.122818
v 0.005299 1.183699 0.111674
v 0.010004 1.186006 0.113183
v 0.013148 1.189457 0.115441
v 0.014252 1.193528 0.118105
v 0.013148 1.197599 0.120769
v 0.010004 1.201050 0.123027
v 0.005299 1.203357 0.124536
v 0.003673 1.182575 0.113392
v 0.007000 1.183929 0.116358
v 0.009223 1.186743 0.119589
v 0.010004 1.190591 0.122595
v 0.009223 1.194885 0.124917
v 0.007000 1.198973 0.126202
v 0.003673 1.202232 0.126254
v -0.000252 1.182110 0.114104
v -0.000252 1.183068 0.117673
v -0.000252 1.185619 0.121307
v -0.000252 1.193761 0.126635
v -0.000252 1.198113 0.127517
v -0.000252 1.201767 0.126966
vt 0.176631 0.542461
vt 0.184054 0.533430
vt 0.236843 0.551651
vt 0.230114 0.565545
vt 0.163678 0.373401
vt 0.162121 0.326777
vt 0.193685 0.325920
vt 0.198071 0.357101
vt 0.237189 0.526662
vt 0.236724 0.530806
vt 0.200353 0.514293
vt 0.201866 0.512621
vt 0.206466 0.411588
vt 0.206977 0.417909
vt 0.190519 0.426657
vt 0.188338 0.423759
vt 0.285619 0.483554
vt 0.290701 0.484102
vt 0.276546 0.506411
vt 0.274858 0.505569
vt 0.275308 0.450811
vt 0.281867 0.446004
vt 0.290697 0.483993
vt 0.285635 0.483447
vt 0.204457 0.395713
vt 0.223903 0.349385
vt 0.234767 0.366793
vt 0.265379 0.354596
vt 0.254720 0.340704
vt 0.262255 0.335048
vt 0.271086 0.346461
vt 0.306698 0.366999
vt 0.290199 0.366262
vt 0.291931 0.355972
vt 0.305369 0.355549
vt 0.275423 0.360842
vt 0.279413 0.352056
vt 0.337366 0.321093
vt 0.330720 0.337668
vt 0.327767 0.335200
vt 0.333455 0.320288
vt 0.271105 0.328414
vt 0.267853 0.319553
vt 0.268989 0.319149
vt 0.272479 0.327999
vt 0.340598 0.347919
vt 0.320472 0.364010
vt 0.316230 0.351860
vt 0.276533 0.340278
vt 0.268566 0.330756
vt 0.278663 0.337722
vt 0.303394 0.346009
vt 0.292877 0.346958
vt 0.293536 0.343633
vt 0.303235 0.342301
vt 0.283229 0.344068
vt 0.284470 0.341327
vt 0.323240 0.318408
vt 0.320206 0.327640
vt 0.318492 0.327395
vt 0.321724 0.318135
vt 0.322462 0.331248
vt 0.311463 0.342901
vt 0.310235 0.338697
vt 0.368433 0.377309
vt 0.333465 0.398391
vt 0.323334 0.378572
vt 0.351672 0.358410
vt 0.251016 0.377266
vt 0.253853 0.358837
vt 0.265880 0.368095
vt 0.307426 0.397507
vt 0.282337 0.391286
vt 0.287320 0.377443
vt 0.306271 0.379709
vt 0.244900 0.342347
vt 0.232028 0.411800
vt 0.263951 0.424763
vt 0.261562 0.428320
vt 0.230623 0.417664
vt 0.178161 0.481182
vt 0.180485 0.479478
vt 0.126999 0.423006
vt 0.119383 0.330790
vt 0.186390 0.531128
vt 0.160584 0.490194
vt 0.164649 0.489211
vt 0.192140 0.525713
vt 0.221446 0.324242
vt 0.236473 0.322411
vt 0.248791 0.322989
vt 0.257466 0.321170
vt 0.260115 0.320603
vt 0.264505 0.333465
vt 0.274299 0.343042
vt 0.265830 0.332761
vt 0.267471 0.331666
vt 0.275638 0.341467
vt 0.304234 0.350377
vt 0.292548 0.350675
vt 0.292758 0.348508
vt 0.303692 0.347839
vt 0.281714 0.347716
vt 0.282701 0.345573
vt 0.326060 0.334254
vt 0.313479 0.346797
vt 0.312285 0.344598
vt 0.323866 0.332614
vt 0.331349 0.320110
vt 0.328388 0.319541
vt 0.261641 0.320430
vt 0.263722 0.319995
vt 0.158202 0.442753
vt 0.176917 0.409939
vt 0.179710 0.411101
vt 0.160902 0.443863
vt 0.297205 0.593225
vt 0.365831 0.584462
vt 0.369418 0.590492
vt 0.296047 0.597303
vt 0.265063 0.319579
vt 0.086349 0.424541
vt 0.119623 0.508937
vt 0.115421 0.508858
vt 0.079274 0.437558
vt 0.128144 0.503716
vt 0.167754 0.553188
vt 0.162277 0.560395
vt 0.467854 0.343678
vt 0.426069 0.468719
vt 0.388660 0.330539
vt 0.175590 0.543690
vt 0.229895 0.567158
vt 0.228985 0.572835
vt 0.172150 0.547834
vt 0.471519 0.452314
vt 0.498951 0.349240
vt 0.519179 0.352868
vt 0.497118 0.460292
vt 0.300751 0.563387
vt 0.298702 0.571114
vt 0.365882 0.326197
vt 0.429347 0.468879
vt 0.470201 0.344056
vt 0.477836 0.345087
vt 0.440280 0.469348
vt 0.072664 0.342579
vt 0.052880 0.341766
vt 0.350646 0.323074
vt 0.279769 0.336677
vt 0.326476 0.318952
vt 0.293468 0.341923
vt 0.302386 0.340920
vt 0.308907 0.337638
vt 0.285170 0.339975
vt 0.281776 0.333722
vt 0.275270 0.325997
vt 0.276215 0.325369
vt 0.282454 0.332818
vt 0.301377 0.336966
vt 0.293787 0.338343
vt 0.293857 0.337163
vt 0.301042 0.335774
vt 0.314971 0.324730
vt 0.306975 0.334016
vt 0.306249 0.332933
vt 0.313808 0.323938
vt 0.286630 0.336470
vt 0.287046 0.335400
vt 0.272552 0.318565
vt 0.273680 0.318356
vt 0.317355 0.317423
vt 0.315918 0.317114
vt 0.123884 0.423889
vt 0.141746 0.497131
vt 0.134596 0.500621
vt 0.112949 0.426989
vt 0.532406 0.355839
vt 0.508664 0.467846
vt 0.204911 0.397720
vt 0.235235 0.393837
vt 0.233867 0.397192
vt 0.205621 0.400262
vt 0.174590 0.407983
vt 0.177364 0.444128
vt 0.181812 0.448805
vt 0.274610 0.409858
vt 0.301738 0.431472
vt 0.297189 0.434276
vt 0.273103 0.412880
vt 0.236655 0.392308
vt 0.284145 0.514828
vt 0.236753 0.534881
vt 0.231039 0.586686
vt 0.230457 0.589643
vt 0.159705 0.563984
vt 0.318613 0.483917
vt 0.311873 0.482833
vt 0.156768 0.491243
vt 0.143836 0.496227
vt 0.154142 0.441150
vt 0.314607 0.348519
vt 0.273079 0.344272
vt 0.280784 0.349308
vt 0.292308 0.352627
vt 0.304698 0.352160
vt 0.118277 0.307896
vt 0.158621 0.308810
vt 0.194985 0.309636
vt 0.217920 0.310160
vt 0.230276 0.310443
vt 0.247791 0.310846
vt 0.256661 0.311051
vt 0.259423 0.311115
vt 0.262958 0.311196
vt 0.264305 0.311228
vt 0.267116 0.311294
vt 0.268437 0.311325
vt 0.271893 0.311411
vt 0.273020 0.311438
vt 0.473978 0.316157
vt 0.480586 0.316294
vt 0.055579 0.305315
vt 0.073890 0.306058
vt 0.260923 0.311149
vt 0.321994 0.312561
vt 0.323906 0.312602
vt 0.318258 0.312471
vt 0.316446 0.312425
vt 0.525325 0.320793
vt 0.539053 0.323574
vt 0.303101 0.328378
vt 0.308389 0.320985
vt 0.309505 0.315809
vt 0.309721 0.312313
vt 0.278796 0.317162
vt 0.280547 0.322870
vt 0.278388 0.311609
vt 0.285113 0.328763
vt 0.293967 0.332477
vt 0.299188 0.330629
vt 0.289015 0.330580
vt 0.048790 0.429289
vt 0.026269 0.346923
vt 0.222817 0.601942
vt 0.151887 0.574597
vt 0.584297 0.369594
vt 0.529535 0.514072
vt 0.008886 0.306657
vt 0.296723 0.611406
vt 0.387686 0.610707
vt 0.103816 0.511161
vt 0.208384 0.406815
vt 0.232911 0.404928
vt 0.237103 0.548164
vt 0.236630 0.544036
vt 0.299308 0.534579
vt 0.291082 0.525477
vt 0.311864 0.482971
vt 0.301133 0.482962
vt 0.267812 0.419818
vt 0.288564 0.440426
vt 0.196613 0.520005
vt 0.171793 0.486531
vt 0.185715 0.419460
vt 0.171133 0.447953
vt 0.228916 0.423167
vt 0.209169 0.425578
vt 0.194710 0.431576
vt 0.186073 0.448898
vt 0.237283 0.518455
vt 0.268214 0.499973
vt 0.272802 0.452517
vt 0.257553 0.434343
vt 0.205714 0.507452
vt 0.185581 0.476730
vt 0.278708 0.482477
vt 0.301125 0.482766
vt 0.303935 0.428836
vt 0.275695 0.407952
vt 0.278769 0.482355
vt 0.322878 0.483220
vt 0.331907 0.312798
vt 0.334319 0.312857
vt 0.592052 0.335186
vt 0.338542 0.312974
vt 0.351277 0.313352
vt 0.367419 0.313765
vt 0.326898 0.312679
vt 0.329142 0.312738
vt 0.390523 0.314369
vt 0.471462 0.316099
vt 0.301423 0.560997
vt 0.300938 0.537470
vt 0.366890 0.541827
vt 0.237108 0.549933
vt 0.300126 0.535854
vt 0.175687 0.409224
vt 0.156340 0.441979
vt 0.320933 0.483846
vt 0.204708 0.396810
vt 0.158729 0.490656
vt 0.185184 0.532175
vt 0.303026 0.430302
vt 0.275081 0.408937
vt 0.235895 0.392922
vt 0.504032 0.316851
vt 0.114563 0.307811
vt 0.115772 0.331623
vt 0.227657 0.579493
vt 0.096347 0.428695
vt 0.083903 0.307117
vt 0.086371 0.342578
vt 0.367134 0.543570
vt 0.367942 0.549617
vt 0.298910 0.582292
vt 0.359759 0.570651
vt 0.102549 0.334135
vt 0.100827 0.307498
vt 0.187259 0.075988
vt 0.241822 0.055356
vt 0.247915 0.069566
vt 0.194271 0.085364
vt 0.166593 0.244482
vt 0.200226 0.262343
vt 0.194426 0.293307
vt 0.162932 0.291017
vt 0.247113 0.094579
vt 0.211134 0.106998
vt 0.209697 0.105257
vt 0.246839 0.090413
vt 0.211108 0.208250
vt 0.193538 0.195250
vt 0.195851 0.192452
vt 0.211908 0.201954
vt 0.293570 0.139932
vt 0.283822 0.117416
vt 0.285550 0.116651
vt 0.298678 0.139619
vt 0.281745 0.172205
vt 0.293581 0.140040
vt 0.298670 0.139728
vt 0.288081 0.177315
vt 0.208372 0.224029
vt 0.237341 0.254331
vt 0.225685 0.271234
vt 0.267374 0.267928
vt 0.272700 0.276319
vt 0.263345 0.287321
vt 0.256078 0.281322
vt 0.309250 0.257452
vt 0.307394 0.268834
vt 0.293986 0.267783
vt 0.292729 0.257419
vt 0.277704 0.262149
vt 0.281286 0.271113
vt 0.337746 0.304722
vt 0.333801 0.305344
vt 0.328813 0.290193
vt 0.331877 0.287866
vt 0.271883 0.294358
vt 0.273237 0.294835
vt 0.269348 0.303521
vt 0.268231 0.303066
vt 0.342223 0.278087
vt 0.318069 0.273023
vt 0.322872 0.261079
vt 0.277857 0.282754
vt 0.279864 0.285407
vt 0.269454 0.291902
vt 0.304980 0.278274
vt 0.304651 0.281972
vt 0.295027 0.280193
vt 0.294517 0.276837
vt 0.284730 0.279277
vt 0.285842 0.282074
vt 0.323515 0.306742
vt 0.321988 0.306943
vt 0.319192 0.297556
vt 0.320913 0.297390
vt 0.323333 0.293893
vt 0.311470 0.285891
vt 0.312892 0.281750
vt 0.371403 0.250023
vt 0.353774 0.268123
vt 0.326410 0.246659
vt 0.337458 0.227323
vt 0.254064 0.244608
vt 0.268499 0.254459
vt 0.256050 0.263158
vt 0.311392 0.226990
vt 0.309412 0.244727
vt 0.290367 0.246110
vt 0.286025 0.232042
vt 0.246341 0.279230
vt 0.236674 0.209213
vt 0.235538 0.203286
vt 0.266963 0.194059
vt 0.269188 0.197726
vt 0.185984 0.137357
vt 0.188231 0.139167
vt 0.132171 0.193199
vt 0.120440 0.285071
vt 0.196503 0.087774
vt 0.202006 0.093455
vt 0.172836 0.128706
vt 0.168815 0.127537
vt 0.222084 0.296253
vt 0.237012 0.298771
vt 0.257925 0.300975
vt 0.249343 0.298759
vt 0.265521 0.289007
vt 0.260546 0.301663
vt 0.275752 0.279886
vt 0.277018 0.281523
vt 0.268402 0.290942
vt 0.266813 0.289772
vt 0.306020 0.273948
vt 0.305362 0.276459
vt 0.294469 0.275282
vt 0.294359 0.273106
vt 0.283385 0.275558
vt 0.284272 0.277748
vt 0.327065 0.291059
vt 0.324799 0.292594
vt 0.313792 0.280094
vt 0.315087 0.277953
vt 0.331690 0.305424
vt 0.328706 0.305854
vt 0.264123 0.302436
vt 0.262063 0.301906
vt 0.164269 0.174877
vt 0.167020 0.173891
vt 0.184333 0.207513
vt 0.181487 0.208546
vt 0.310215 0.030758
vt 0.309245 0.026624
vt 0.382334 0.036825
vt 0.378468 0.042692
vt 0.265444 0.302913
vt 0.091593 0.189826
vt 0.085097 0.176484
vt 0.124485 0.106799
vt 0.128693 0.106912
vt 0.136980 0.112525
vt 0.173720 0.057387
vt 0.178869 0.064849
vt 0.469151 0.288328
vt 0.389423 0.297665
vt 0.433306 0.161361
vt 0.186273 0.074711
vt 0.183022 0.070407
vt 0.241028 0.048011
vt 0.241677 0.053732
vt 0.477963 0.179920
vt 0.503929 0.173163
vt 0.520883 0.281581
vt 0.500496 0.284246
vt 0.310695 0.052947
vt 0.312389 0.060772
vt 0.366470 0.300953
vt 0.436591 0.161357
vt 0.447541 0.161407
vt 0.479201 0.287393
vt 0.471514 0.288061
vt 0.074235 0.271270
vt 0.054397 0.271238
vt 0.351107 0.303365
vt 0.280921 0.286504
vt 0.326772 0.306351
vt 0.303741 0.283312
vt 0.294881 0.281899
vt 0.310095 0.286886
vt 0.286479 0.283458
vt 0.282784 0.289551
vt 0.283418 0.290487
vt 0.276847 0.297632
vt 0.275932 0.296961
vt 0.302554 0.287218
vt 0.302167 0.288393
vt 0.295063 0.286682
vt 0.295045 0.285496
vt 0.315552 0.300055
vt 0.314356 0.300793
vt 0.307219 0.291457
vt 0.307994 0.290411
vt 0.287771 0.287028
vt 0.288135 0.288120
vt 0.274000 0.304522
vt 0.272881 0.304263
vt 0.317592 0.307447
vt 0.316144 0.307687
vt 0.129094 0.192176
vt 0.118298 0.188581
vt 0.143293 0.115916
vt 0.150286 0.119734
vt 0.515827 0.166162
vt 0.534244 0.279241
vt 0.208918 0.222044
vt 0.209744 0.219535
vt 0.237841 0.223902
vt 0.239054 0.227319
vt 0.179071 0.210395
vt 0.188156 0.169905
vt 0.183495 0.174379
vt 0.279157 0.213119
vt 0.277789 0.210028
vt 0.302861 0.189752
vt 0.307280 0.192767
vt 0.240403 0.228913
vt 0.247055 0.086337
vt 0.293539 0.108582
vt 0.171311 0.053679
vt 0.243273 0.031263
vt 0.243720 0.034248
vt 0.319797 0.141870
vt 0.326590 0.141098
vt 0.165045 0.126313
vt 0.160136 0.176295
vt 0.152336 0.120734
vt 0.316292 0.276285
vt 0.282529 0.273924
vt 0.274590 0.278600
vt 0.306566 0.272189
vt 0.294209 0.271145
vt 0.473980 0.316104
vt 0.321995 0.312521
vt 0.318259 0.312433
vt 0.525500 0.313928
vt 0.539352 0.311804
vt 0.308819 0.303511
vt 0.303844 0.295839
vt 0.309724 0.312176
vt 0.309670 0.308666
vt 0.281055 0.300322
vt 0.279065 0.305913
vt 0.285885 0.294673
vt 0.300090 0.293465
vt 0.295005 0.291395
vt 0.289824 0.292995
vt 0.027936 0.264960
vt 0.054187 0.183392
vt 0.163976 0.042701
vt 0.236196 0.018607
vt 0.538883 0.120950
vt 0.586759 0.267964
vt 0.310571 0.012547
vt 0.401542 0.017445
vt 0.112981 0.103966
vt 0.212807 0.213110
vt 0.237241 0.216125
vt 0.248016 0.073065
vt 0.247353 0.077174
vt 0.319795 0.141732
vt 0.300969 0.098251
vt 0.309618 0.089525
vt 0.309061 0.141242
vt 0.272820 0.202848
vt 0.294520 0.183203
vt 0.206218 0.099371
vt 0.179859 0.131714
vt 0.190719 0.199428
vt 0.177439 0.170268
vt 0.234085 0.197705
vt 0.214451 0.194386
vt 0.200267 0.187726
vt 0.192422 0.170007
vt 0.246829 0.102793
vt 0.276919 0.122706
vt 0.279318 0.170383
vt 0.263233 0.187852
vt 0.214746 0.112346
vt 0.193203 0.142149
vt 0.286608 0.140690
vt 0.309043 0.141438
vt 0.309354 0.195504
vt 0.280154 0.215074
vt 0.286663 0.140814
vt 0.330824 0.141994
vt 0.334321 0.312807
vt 0.592876 0.302722
vt 0.338544 0.312886
vt 0.367429 0.313444
vt 0.351284 0.313107
vt 0.326899 0.312636
vt 0.390536 0.313890
vt 0.312951 0.063194
vt 0.377563 0.085395
vt 0.311382 0.086708
vt 0.310496 0.088287
vt 0.248102 0.071296
vt 0.162372 0.175566
vt 0.180225 0.209205
vt 0.328908 0.141277
vt 0.208673 0.222945
vt 0.195344 0.086671
vt 0.166980 0.126990
vt 0.308513 0.193996
vt 0.239672 0.228264
vt 0.279585 0.214062
vt 0.116870 0.284074
vt 0.240005 0.041289
vt 0.101775 0.186124
vt 0.088032 0.271786
vt 0.378975 0.077650
vt 0.377887 0.083663
vt 0.311418 0.041774
vt 0.371757 0.056229
vt 0.103785 0.280960
vt 0.428220 0.584570
vt 0.425168 0.594399
vt 0.436779 0.599834
vt 0.439330 0.584761
vt 0.448230 0.584865
vt 0.446984 0.602106
vt 0.456142 0.603098
vt 0.456139 0.585091
vt 0.464028 0.585353
vt 0.465264 0.602603
vt 0.475090 0.600312
vt 0.473081 0.585389
vt 0.484080 0.585492
vt 0.486737 0.595294
vt 0.500285 0.585696
vt 0.411988 0.584065
vt 0.415706 0.603146
vt 0.426708 0.618194
vt 0.440471 0.628252
vt 0.456468 0.630822
vt 0.471596 0.627147
vt 0.484533 0.618003
vt 0.495592 0.604104
vt 0.550004 0.630574
vt 0.548440 0.602952
vt 0.539236 0.602390
vt 0.534107 0.628437
vt 0.519087 0.619549
vt 0.529030 0.600138
vt 0.517567 0.594814
vt 0.507937 0.603827
vt 0.586705 0.602365
vt 0.578276 0.594120
vt 0.567512 0.599520
vt 0.577824 0.616721
vt 0.565045 0.626478
vt 0.557583 0.602122
vt 0.503991 0.584623
vt 0.591531 0.584685
vt 0.575967 0.584537
vt 0.564923 0.584791
vt 0.556132 0.584995
vt 0.548264 0.584852
vt 0.540230 0.584946
vt 0.531314 0.584935
vt 0.519853 0.584943
vt 0.538749 0.567486
vt 0.528964 0.569977
vt 0.517761 0.575202
vt 0.578586 0.574963
vt 0.566979 0.569983
vt 0.557176 0.567713
vt 0.547946 0.566826
vt 0.587229 0.566453
vt 0.577591 0.551271
vt 0.563612 0.540981
vt 0.547185 0.538491
vt 0.531707 0.542499
vt 0.518645 0.552233
vt 0.509330 0.566636
vt 0.485373 0.552369
vt 0.475337 0.570395
vt 0.486979 0.575696
vt 0.496197 0.566977
vt 0.417368 0.566007
vt 0.425664 0.574782
vt 0.437347 0.569971
vt 0.427270 0.551535
vt 0.440882 0.541944
vt 0.447086 0.567764
vt 0.456218 0.566892
vt 0.456581 0.539675
vt 0.472117 0.542499
vt 0.465462 0.567994
vt 0.428220 0.584570
vt 0.425168 0.594399
vt 0.436779 0.599834
vt 0.439330 0.584761
vt 0.448230 0.584865
vt 0.446984 0.602106
vt 0.456142 0.603098
vt 0.456139 0.585091
vt 0.464028 0.585353
vt 0.465264 0.602603
vt 0.475090 0.600312
vt 0.473081 0.585389
vt 0.484080 0.585492
vt 0.486737 0.595294
vt 0.500285 0.585696
vt 0.411988 0.584065
vt 0.415706 0.603146
vt 0.426708 0.618194
vt 0.440471 0.628252
vt 0.456468 0.630822
vt 0.471596 0.627147
vt 0.484533 0.618003
vt 0.495592 0.604104
vt 0.550004 0.630574
vt 0.548440 0.602952
vt 0.539236 0.602390
vt 0.534107 0.628437
vt 0.519087 0.619549
vt 0.529030 0.600138
vt 0.517567 0.594814
vt 0.507937 0.603827
vt 0.586705 0.602365
vt 0.578276 0.594120
vt 0.567512 0.599520
vt 0.577824 0.616721
vt 0.565045 0.626478
vt 0.557583 0.602122
vt 0.503991 0.584623
vt 0.591531 0.584685
vt 0.575967 0.584537
vt 0.564923 0.584791
vt 0.556132 0.584995
vt 0.548264 0.584852
vt 0.540230 0.584946
vt 0.531314 0.584935
vt 0.519853 0.584943
vt 0.538749 0.567486
vt 0.528964 0.569977
vt 0.517761 0.575202
vt 0.578586 0.574963
vt 0.566979 0.569983
vt 0.557176 0.567713
vt 0.547946 0.566826
vt 0.587229 0.566453
vt 0.577591 0.551271
vt 0.563612 0.540981
vt 0.547185 0.538491
vt 0.531707 0.542499
vt 0.518645 0.552233
vt 0.509330 0.566636
vt 0.485373 0.552369
vt 0.475337 0.570395
vt 0.486979 0.575696
vt 0.496197 0.566977
vt 0.417368 0.566007
vt 0.425664 0.574782
vt 0.437347 0.569971
vt 0.427270 0.551535
vt 0.440882 0.541944
vt 0.447086 0.567764
vt 0.456218 0.566892
vt 0.456581 0.539675
vt 0.472117 0.542499
vt 0.465462 0.567994
vt 0.428220 0.584570
vt 0.425168 0.594399
vt 0.436779 0.599834
vt 0.439330 0.584761
vt 0.448230 0.584865
vt 0.446984 0.602106
vt 0.456142 0.603098
vt 0.456139 0.585091
vt 0.464028 0.585353
vt 0.465264 0.602603
vt 0.475090 0.600312
vt 0.473081 0.585389
vt 0.484080 0.585492
vt 0.486737 0.595294
vt 0.500285 0.585696
vt 0.411988 0.584065
vt 0.415706 0.603146
vt 0.426708 0.618194
vt 0.440471 0.628252
vt 0.456468 0.630822
vt 0.471596 0.627147
vt 0.484533 0.618003
vt 0.495592 0.604104
vt 0.550004 0.630574
vt 0.548440 0.602952
vt 0.539236 0.602390
vt 0.534107 0.628437
vt 0.519087 0.619549
vt 0.529030 0.600138
vt 0.517567 0.594814
vt 0.507937 0.603827
vt 0.586705 0.602365
vt 0.578276 0.594120
vt 0.567512 0.599520
vt 0.577824 0.616721
vt 0.565045 0.626478
vt 0.557583 0.602122
vt 0.503991 0.584623
vt 0.591531 0.584685
vt 0.575967 0.584537
vt 0.564923 0.584791
vt 0.556132 0.584995
vt 0.548264 0.584852
vt 0.540230 0.584946
vt 0.531314 0.584935
vt 0.519853 0.584943
vt 0.538749 0.567486
vt 0.528964 0.569977
vt 0.517761 0.575202
vt 0.578586 0.574963
vt 0.566979 0.569983
vt 0.557176 0.567713
vt 0.547946 0.566826
vt 0.587229 0.566453
vt 0.577591 0.551271
vt 0.563612 0.540981
vt 0.547185 0.538491
vt 0.531707 0.542499
vt 0.518645 0.552233
vt 0.509330 0.566636
vt 0.485373 0.552369
vt 0.475337 0.570395
vt 0.486979 0.575696
vt 0.496197 0.566977
vt 0.417368 0.566007
vt 0.425664 0.574782
vt 0.437347 0.569971
vt 0.427270 0.551535
vt 0.440882 0.541944
vt 0.447086 0.567764
vt 0.456218 0.566892
vt 0.456581 0.539675
vt 0.472117 0.542499
vt 0.465462 0.567994
vn 0.8424 0.5387 0.0113
vn 0.2953 0.9553 -0.0121
vn 0.5712 0.4974 -0.6529
vn 0.8581 0.3019 -0.4153
vn 0.1106 0.5542 0.8250
vn -0.2106 0.4371 0.8744
vn -0.1822 -0.1511 0.9716
vn 0.2879 -0.0462 0.9565
vn 0.8473 -0.3764 0.3746
vn 0.9846 0.1476 -0.0937
vn 0.9950 0.1000 -0.0062
vn 0.7473 -0.6645 -0.0010
vn 0.7271 0.5593 -0.3980
vn -0.0029 0.3288 -0.9444
vn 0.3003 -0.3113 -0.9016
vn 0.8848 0.1797 -0.4299
vn 0.1629 0.6103 0.7752
vn 0.8022 0.5148 0.3021
vn 0.9750 0.1688 0.1444
vn 0.4771 0.0903 0.8742
vn -0.0451 0.9278 0.3703
vn 0.5088 0.8453 0.1627
vn 0.7453 0.0797 0.6619
vn 0.2680 -0.6178 0.7392
vn 0.7347 -0.4906 0.4685
vn 0.8368 -0.2683 0.4772
vn 0.4788 -0.1589 0.8634
vn 0.5032 0.1466 0.8516
vn 0.8667 0.0732 0.4933
vn 0.9001 -0.2198 -0.3761
vn 0.9697 -0.2289 -0.0855
vn 0.9939 0.0772 -0.0790
vn 0.9100 0.0348 -0.4131
vn 0.9448 -0.2491 0.2127
vn 0.9680 0.0670 0.2419
vn 0.0077 0.0623 -0.9980
vn 0.2603 0.0398 -0.9647
vn 0.2044 0.5192 -0.8298
vn 0.0025 0.4875 -0.8731
vn -0.4211 -0.4379 -0.7943
vn -0.1761 -0.4361 -0.8824
vn -0.1814 0.2239 -0.9575
vn -0.5059 0.2300 -0.8313
vn 0.2935 -0.1670 -0.9413
vn 0.7101 -0.2161 -0.6701
vn 0.7206 0.0065 -0.6933
vn 0.3793 -0.8995 0.2169
vn 0.2164 -0.8871 0.4075
vn -0.7679 -0.4155 -0.4875
vn 0.3482 -0.9199 -0.1802
vn 0.4462 -0.8941 -0.0383
vn -0.8853 -0.4465 0.1295
vn -0.7813 -0.3955 0.4829
vn 0.3949 -0.9126 0.1057
vn -0.8969 -0.3661 -0.2479
vn -0.0012 -0.4751 0.8799
vn -0.1595 -0.5097 0.8455
vn -0.2728 0.2079 0.9393
vn -0.0013 0.1935 0.9811
vn 0.0926 -0.8938 -0.4388
vn 0.2857 -0.9078 -0.3069
vn -0.5644 -0.4519 0.6907
vn 0.2409 -0.4086 -0.8803
vn 0.6698 -0.4122 -0.6175
vn 0.6876 -0.4439 -0.5745
vn 0.2655 -0.4135 -0.8709
vn 0.9153 -0.3796 0.1346
vn 0.5768 -0.6993 0.4221
vn 0.8160 -0.5570 0.1544
vn 0.8805 -0.3382 -0.3323
vn 0.9382 -0.3219 -0.1271
vn 0.8794 -0.4628 -0.1116
vn 0.8489 -0.4134 -0.3293
vn 0.2398 -0.6872 0.6857
vn 0.4901 0.8093 -0.3237
vn 0.4650 0.8825 -0.0707
vn -0.1234 0.9918 -0.0336
vn -0.1363 0.8866 -0.4419
vn 0.9792 -0.1949 -0.0561
vn 0.4495 -0.7817 -0.4321
vn 0.4017 0.4918 0.7724
vn -0.0469 0.4307 0.9013
vn -0.5858 0.8068 0.0769
vn -0.4468 0.8060 0.3881
vn -0.1859 0.8125 0.5525
vn -0.1186 0.9922 -0.0367
vn -0.1814 -0.6855 0.7051
vn -0.0112 -0.5863 0.8100
vn 0.1672 -0.0489 0.9847
vn 0.1689 0.1807 0.9689
vn 0.1372 0.5466 0.8260
vn 0.4063 0.5798 0.7062
vn 0.7591 0.4944 0.4234
vn 0.4554 0.4835 0.7475
vn 0.4882 -0.3061 0.8173
vn 0.8285 -0.3186 0.4605
vn 0.7788 0.4930 -0.3878
vn 0.8631 0.4986 -0.0800
vn 0.9455 -0.3136 -0.0871
vn 0.8336 -0.3563 -0.4221
vn 0.8216 0.5273 0.2167
vn 0.9180 -0.3135 0.2429
vn 0.2380 0.4487 -0.8614
vn 0.6322 0.4508 -0.6301
vn 0.6553 -0.3646 -0.6615
vn 0.2434 -0.3374 -0.9094
vn 0.0024 0.4725 -0.8813
vn 0.0024 -0.3159 -0.9488
vn 0.1453 0.5065 0.8499
vn 0.1622 -0.2835 0.9451
vn -0.7499 0.3918 0.5329
vn -0.7875 -0.0257 0.6157
vn -0.4233 0.1648 0.8909
vn -0.3671 0.6205 0.6929
vn -0.9879 0.0683 0.1390
vn -0.6444 0.7323 0.2201
vn -0.1585 0.2998 0.9407
vn -0.5100 -0.0095 0.8601
vn 0.0725 -0.8962 0.4377
vn -0.7543 0.4039 -0.5176
vn -0.9905 0.0186 -0.1358
vn -0.9116 -0.2813 -0.2997
vn -0.7703 -0.1624 -0.6166
vn -0.6229 0.7161 0.3149
vn -0.5300 0.8439 -0.0837
vn -0.9996 -0.0080 -0.0256
vn 0.0253 -0.7714 -0.6358
vn 0.4714 -0.4404 -0.7641
vn 0.0193 -0.3352 -0.9419
vn 0.8799 0.4699 -0.0702
vn 0.7511 0.5557 -0.3565
vn 0.5402 0.4911 -0.6833
vn 0.3598 0.9261 -0.1135
vn -0.4244 0.3052 -0.8524
vn -0.0399 0.6696 -0.7416
vn 0.0035 0.9995 0.0315
vn 0.9614 -0.0244 -0.2741
vn 0.5242 0.0601 -0.8494
vn 0.0392 -0.3824 -0.9231
vn 0.6784 -0.6979 -0.2295
vn 0.0394 -0.9977 -0.0551
vn -0.0049 -0.6483 -0.7613
vn 0.4584 -0.5508 -0.6974
vn -0.4075 0.6845 -0.6044
vn -0.2825 0.2156 -0.9347
vn 0.0271 -0.1718 -0.9847
vn -0.8352 0.2374 -0.4960
vn 0.0009 -0.9062 -0.4228
vn -0.9673 0.2305 0.1053
vn -0.8342 0.2401 0.4964
vn -0.6635 0.2257 0.7133
vn -0.9335 0.2511 -0.2559
vn -0.8159 -0.2873 -0.5018
vn -0.4852 -0.2604 -0.8347
vn -0.4901 -0.2066 -0.8468
vn -0.8298 -0.2187 -0.5133
vn -0.8256 -0.2597 0.5009
vn -0.9498 -0.2904 0.1165
vn -0.9666 -0.2269 0.1195
vn -0.8358 -0.2043 0.5095
vn -0.2373 -0.2020 0.9502
vn -0.6403 -0.2470 0.7273
vn -0.6455 -0.1951 0.7384
vn -0.2359 -0.1670 0.9573
vn -0.9251 -0.2816 -0.2545
vn -0.9416 -0.2170 -0.2575
vn -0.1904 -0.2210 -0.9565
vn -0.1977 -0.1909 -0.9615
vn -0.0014 -0.1677 0.9858
vn -0.0015 -0.1463 0.9892
vn 0.7823 -0.0268 0.6224
vn 0.9515 0.1933 0.2391
vn 0.5253 0.7110 0.4674
vn 0.4991 0.3639 0.7864
vn 0.0250 0.6251 0.7801
vn -0.6803 -0.5176 0.5189
vn -0.5020 -0.7986 0.3319
vn -0.0295 -0.8969 0.4412
vn -0.1115 -0.4442 0.8889
vn 0.4131 0.5585 0.7192
vn 0.9160 -0.0862 -0.3919
vn 0.3343 -0.6586 -0.6742
vn -0.4597 -0.8855 0.0676
vn -0.6228 -0.7739 -0.1149
vn -0.1026 -0.9544 -0.2803
vn 0.0363 -0.9986 0.0386
vn 0.9476 -0.2569 0.1899
vn 0.6704 0.0955 -0.7358
vn 0.6958 0.4870 -0.5279
vn -0.9975 0.0376 0.0601
vn -0.6348 -0.4417 0.6339
vn -0.8436 -0.5358 0.0357
vn -0.8531 -0.4869 -0.1874
vn -0.3207 -0.7054 -0.6321
vn 0.0453 0.8413 0.5387
vn 0.7043 0.5526 0.4456
vn 0.0898 0.7110 0.6974
vn 0.5996 0.5234 -0.6054
vn 0.7182 0.5695 0.3997
vn 0.8021 0.5589 0.2105
vn 0.7952 0.6028 -0.0647
vn 0.7709 0.5194 -0.3688
vn 0.0000 0.3224 0.9466
vn 0.0000 0.4876 0.8730
vn 0.0000 -0.2228 0.9748
vn 0.0000 -0.6597 0.7515
vn 0.0000 -0.0318 0.9995
vn 0.0000 0.1737 0.9848
vn 0.0000 0.5547 0.8320
vn 0.0000 -0.2755 0.9613
vn 0.0000 -0.8905 0.4550
vn 0.0000 -0.4488 -0.8936
vn 0.0000 0.2188 -0.9757
vn 0.0000 -0.2120 -0.9772
vn 0.0000 -0.1863 -0.9825
vn 0.0000 -0.9988 -0.0479
vn 0.0000 -0.6075 -0.7943
vn 0.0071 0.3075 -0.9515
vn 0.0081 0.8130 -0.5822
vn 0.0000 0.5044 0.8634
vn 0.0000 0.1935 0.9811
vn 0.0000 -0.4748 0.8801
vn 0.0000 -0.1676 0.9858
vn 0.0000 -0.1462 0.9892
vn 0.0000 0.9987 -0.0514
vn 0.0000 0.6156 0.7880
vn -0.6456 -0.1764 0.7430
vn -0.2376 -0.1608 0.9579
vn -0.0016 -0.1479 0.9890
vn 0.0000 -0.1477 0.9890
vn -0.1964 -0.1904 -0.9618
vn -0.4924 -0.1882 -0.8498
vn 0.0000 -0.1895 -0.9819
vn -0.8295 -0.1864 -0.5265
vn -0.9723 -0.2006 0.1199
vn -0.8386 -0.1831 0.5130
vn -0.9475 -0.1888 -0.2580
vn -0.2629 -0.3281 -0.9073
vn -0.1489 -0.1923 -0.9700
vn -0.3437 -0.5755 0.7421
vn -0.7382 -0.6741 0.0230
vn 0.0210 0.0934 0.9954
vn 0.0216 0.1027 0.9945
vn -0.0043 -0.1378 -0.9904
vn -0.0087 -0.0335 0.9994
vn -0.7374 -0.4869 -0.4680
vn 0.8331 0.0637 0.5494
vn 0.9402 -0.2487 0.2328
vn -0.9406 0.2394 -0.2406
vn -0.3680 0.6512 -0.6637
vn -0.9639 -0.1441 -0.2240
vn -0.5411 -0.0520 -0.8394
vn 0.7447 -0.1579 -0.6484
vn 0.9749 -0.2189 -0.0401
vn 0.9295 -0.2079 -0.3047
vn 0.6883 0.7248 -0.0288
vn 0.6552 0.6387 0.4035
vn 0.6169 0.5157 0.5944
vn 0.6814 0.5580 0.4735
vn -0.1185 0.8775 -0.4646
vn -0.1322 0.3188 -0.9385
vn -0.0074 -0.4592 -0.8883
vn 0.1229 -0.6955 -0.7079
vn -0.0092 -0.6849 0.7286
vn -0.1436 -0.0534 0.9882
vn -0.0686 0.9131 0.4020
vn -0.0916 0.9956 -0.0191
vn 0.1427 -0.9895 0.0205
vn 0.1968 -0.8433 -0.5001
vn -0.1110 0.5414 0.8333
vn 0.7880 -0.4949 -0.3660
vn 0.9228 -0.3774 -0.0777
vn 0.4781 -0.3940 -0.7850
vn 0.0000 0.4723 -0.8814
vn 0.0000 0.4866 -0.8736
vn 0.0000 0.0727 0.9973
vn 0.0000 0.0548 -0.9985
vn 0.0000 -0.1995 -0.9799
vn 0.0000 -0.3829 -0.9237
vn 0.0000 -0.9065 -0.4222
vn 0.0000 -0.3164 -0.9486
vn 0.0000 -0.3094 -0.9509
vn 0.0000 -0.7802 -0.6254
vn 0.7389 0.0199 -0.6735
vn 0.5174 0.0655 -0.8532
vn -0.2716 0.7703 -0.5769
vn -0.1909 -0.0678 -0.9792
vn -0.0885 0.4628 0.8820
vn -0.3709 0.6146 0.6961
vn -0.3325 -0.6487 -0.6846
vn 0.1555 -0.4434 0.8827
vn -0.4948 0.7403 0.4551
vn -0.4350 0.8996 -0.0367
vn 0.0076 -0.9352 -0.3540
vn 0.3003 -0.9535 0.0254
vn 0.3364 -0.8419 0.4220
vn 0.0000 0.6369 -0.7710
vn 0.0000 -0.3377 0.9412
vn 0.2921 -0.2738 0.9163
vn -0.5404 0.5466 -0.6397
vn -0.6889 0.6628 0.2934
vn -0.0045 0.9802 0.1980
vn -0.3414 0.9270 0.1550
vn -0.6503 0.1279 -0.7489
vn 0.1886 0.1116 0.9757
vn 0.0000 0.1197 0.9928
vn -0.8424 0.5387 0.0113
vn -0.8581 0.3020 -0.4153
vn -0.2982 0.5953 -0.7461
vn -0.2260 0.9739 -0.0186
vn -0.1260 0.5545 0.8226
vn -0.2969 -0.0404 0.9540
vn 0.1822 -0.1511 0.9716
vn 0.2106 0.4371 0.8744
vn -0.8473 -0.3764 0.3746
vn -0.7473 -0.6645 -0.0010
vn -0.9950 0.1000 -0.0062
vn -0.9846 0.1476 -0.0937
vn -0.7417 0.5528 -0.3799
vn -0.8999 0.2093 -0.3825
vn -0.3734 -0.2840 -0.8831
vn -0.0444 0.3198 -0.9464
vn -0.1629 0.6103 0.7752
vn -0.4771 0.0903 0.8742
vn -0.9750 0.1688 0.1444
vn -0.8022 0.5148 0.3021
vn 0.0451 0.9278 0.3703
vn -0.5088 0.8453 0.1627
vn -0.5653 -0.1000 0.8188
vn -0.7361 -0.4866 0.4704
vn -0.2727 -0.6150 0.7399
vn -0.8368 -0.2683 0.4772
vn -0.8667 0.0732 0.4933
vn -0.5032 0.1466 0.8516
vn -0.4788 -0.1589 0.8634
vn -0.9001 -0.2198 -0.3761
vn -0.9100 0.0348 -0.4131
vn -0.9939 0.0772 -0.0790
vn -0.9697 -0.2289 -0.0855
vn -0.9448 -0.2491 0.2127
vn -0.9680 0.0670 0.2419
vn -0.0077 0.0623 -0.9980
vn -0.0025 0.4875 -0.8731
vn -0.2044 0.5192 -0.8298
vn -0.2603 0.0398 -0.9647
vn 0.4211 -0.4379 -0.7943
vn 0.5059 0.2300 -0.8313
vn 0.1814 0.2239 -0.9575
vn 0.1761 -0.4361 -0.8824
vn -0.2935 -0.1670 -0.9413
vn -0.7206 0.0065 -0.6933
vn -0.7101 -0.2161 -0.6701
vn -0.3793 -0.8995 0.2169
vn 0.7679 -0.4155 -0.4875
vn -0.2164 -0.8871 0.4075
vn -0.3482 -0.9199 -0.1802
vn 0.7813 -0.3955 0.4829
vn 0.8853 -0.4465 0.1295
vn -0.4462 -0.8941 -0.0383
vn -0.3949 -0.9126 0.1057
vn 0.8969 -0.3661 -0.2479
vn 0.0012 -0.4751 0.8799
vn 0.0013 0.1935 0.9811
vn 0.2728 0.2079 0.9393
vn 0.1595 -0.5097 0.8455
vn -0.0926 -0.8938 -0.4388
vn 0.5644 -0.4519 0.6907
vn -0.2857 -0.9078 -0.3069
vn -0.2409 -0.4086 -0.8803
vn -0.2655 -0.4135 -0.8709
vn -0.6876 -0.4439 -0.5745
vn -0.6698 -0.4122 -0.6175
vn -0.9155 -0.3788 0.1356
vn -0.8160 -0.5570 0.1544
vn -0.5768 -0.6993 0.4221
vn -0.8805 -0.3382 -0.3323
vn -0.8489 -0.4134 -0.3293
vn -0.8794 -0.4628 -0.1116
vn -0.9382 -0.3219 -0.1271
vn -0.2398 -0.6872 0.6857
vn -0.4901 0.8093 -0.3237
vn 0.1363 0.8866 -0.4419
vn 0.1234 0.9918 -0.0336
vn -0.4650 0.8825 -0.0707
vn -0.9792 -0.1949 -0.0561
vn -0.4495 -0.7817 -0.4321
vn -0.4117 0.4857 0.7711
vn 0.0469 0.4307 0.9013
vn 0.5315 0.8455 0.0501
vn 0.1069 0.9927 -0.0555
vn 0.1859 0.8125 0.5525
vn 0.4468 0.8060 0.3881
vn 0.1814 -0.6855 0.7051
vn 0.0112 -0.5863 0.8100
vn -0.1689 0.1807 0.9689
vn -0.1672 -0.0489 0.9847
vn -0.4063 0.5798 0.7062
vn -0.1372 0.5466 0.8260
vn -0.7591 0.4944 0.4234
vn -0.8285 -0.3186 0.4605
vn -0.4882 -0.3061 0.8172
vn -0.4554 0.4835 0.7475
vn -0.7788 0.4930 -0.3878
vn -0.8336 -0.3563 -0.4221
vn -0.9455 -0.3136 -0.0871
vn -0.8631 0.4986 -0.0800
vn -0.8216 0.5273 0.2167
vn -0.9180 -0.3134 0.2429
vn -0.2380 0.4487 -0.8614
vn -0.2434 -0.3374 -0.9094
vn -0.6553 -0.3646 -0.6615
vn -0.6322 0.4508 -0.6301
vn -0.0024 0.4725 -0.8813
vn -0.0024 -0.3159 -0.9488
vn -0.1622 -0.2835 0.9451
vn -0.1453 0.5065 0.8499
vn 0.7499 0.3918 0.5329
vn 0.3671 0.6205 0.6929
vn 0.4233 0.1648 0.8909
vn 0.7875 -0.0257 0.6157
vn 0.9879 0.0683 0.1390
vn 0.5100 -0.0095 0.8601
vn 0.1585 0.2998 0.9407
vn 0.6444 0.7323 0.2201
vn -0.0725 -0.8962 0.4377
vn 0.7543 0.4039 -0.5176
vn 0.7703 -0.1624 -0.6166
vn 0.9116 -0.2813 -0.2997
vn 0.9905 0.0186 -0.1358
vn 0.6229 0.7161 0.3149
vn 0.9996 -0.0080 -0.0256
vn 0.5300 0.8439 -0.0837
vn -0.0253 -0.7715 -0.6357
vn -0.0193 -0.3352 -0.9419
vn -0.4714 -0.4404 -0.7641
vn -0.8799 0.4699 -0.0702
vn -0.3598 0.9261 -0.1135
vn -0.5402 0.4911 -0.6833
vn -0.7511 0.5557 -0.3565
vn 0.4244 0.3052 -0.8524
vn -0.0035 0.9995 0.0315
vn 0.0399 0.6696 -0.7416
vn -0.5242 0.0601 -0.8494
vn -0.9614 -0.0244 -0.2741
vn -0.0392 -0.3824 -0.9231
vn -0.6784 -0.6979 -0.2295
vn -0.4584 -0.5508 -0.6974
vn 0.0049 -0.6483 -0.7613
vn -0.0394 -0.9977 -0.0551
vn 0.4104 0.6807 -0.6068
vn 0.2854 0.2180 -0.9333
vn -0.0271 -0.1718 -0.9847
vn 0.8352 0.2374 -0.4960
vn -0.0009 -0.9062 -0.4228
vn 0.8342 0.2401 0.4964
vn 0.9673 0.2305 0.1053
vn 0.6635 0.2257 0.7133
vn 0.9335 0.2510 -0.2559
vn 0.8159 -0.2873 -0.5018
vn 0.8298 -0.2187 -0.5134
vn 0.4901 -0.2066 -0.8468
vn 0.4852 -0.2604 -0.8347
vn 0.8256 -0.2597 0.5009
vn 0.8358 -0.2043 0.5095
vn 0.9666 -0.2269 0.1195
vn 0.9498 -0.2904 0.1165
vn 0.2373 -0.2020 0.9502
vn 0.2359 -0.1670 0.9573
vn 0.6455 -0.1951 0.7384
vn 0.6403 -0.2470 0.7273
vn 0.9251 -0.2816 -0.2545
vn 0.9416 -0.2170 -0.2575
vn 0.1977 -0.1909 -0.9615
vn 0.1904 -0.2210 -0.9565
vn 0.0014 -0.1677 0.9858
vn 0.0015 -0.1463 0.9892
vn -0.7823 -0.0268 0.6224
vn -0.4991 0.3639 0.7864
vn -0.5253 0.7110 0.4674
vn -0.9515 0.1933 0.2391
vn -0.0250 0.6251 0.7801
vn 0.6803 -0.5176 0.5189
vn 0.1115 -0.4442 0.8889
vn 0.0295 -0.8969 0.4412
vn 0.5020 -0.7986 0.3319
vn -0.2033 0.4988 0.8425
vn -0.3477 -0.6383 -0.6867
vn -0.9305 -0.0372 -0.3642
vn 0.4597 -0.8855 0.0676
vn -0.0363 -0.9986 0.0386
vn 0.1026 -0.9544 -0.2803
vn 0.6228 -0.7739 -0.1149
vn -0.9365 -0.2814 0.2092
vn -0.6332 0.5023 -0.5888
vn -0.6034 0.1014 -0.7909
vn 0.8436 -0.5358 0.0357
vn 0.6348 -0.4417 0.6339
vn 0.9975 0.0376 0.0601
vn 0.3410 -0.6952 -0.6328
vn 0.8343 -0.4952 -0.2421
vn -0.0453 0.8413 0.5387
vn -0.0088 0.6946 0.7193
vn -0.7043 0.5526 0.4456
vn -0.5996 0.5234 -0.6054
vn -0.8021 0.5589 0.2105
vn -0.7182 0.5695 0.3997
vn -0.7709 0.5194 -0.3688
vn -0.7952 0.6028 -0.0647
vn 0.2376 -0.1608 0.9579
vn 0.6456 -0.1764 0.7430
vn 0.0016 -0.1479 0.9890
vn 0.4924 -0.1882 -0.8498
vn 0.1964 -0.1904 -0.9618
vn 0.8295 -0.1864 -0.5265
vn 0.8386 -0.1831 0.5130
vn 0.9723 -0.2006 0.1199
vn 0.9475 -0.1888 -0.2580
vn 0.1505 -0.1871 -0.9707
vn 0.2629 -0.3281 -0.9073
vn 0.7382 -0.6741 0.0230
vn 0.3437 -0.5755 0.7421
vn -0.0216 0.1027 0.9945
vn -0.0210 0.0934 0.9954
vn 0.0087 -0.0335 0.9994
vn 0.7374 -0.4869 -0.4680
vn -0.8331 0.0637 0.5494
vn -0.9402 -0.2487 0.2328
vn 0.8413 0.3250 -0.4318
vn 0.3571 0.6992 -0.6193
vn 0.5675 -0.0345 -0.8226
vn 0.8917 -0.1176 -0.4371
vn -0.7184 -0.1673 -0.6752
vn -0.9749 -0.2189 -0.0401
vn -0.9295 -0.2079 -0.3047
vn -0.6773 0.7349 -0.0343
vn -0.6552 0.6387 0.4035
vn -0.6169 0.5157 0.5944
vn -0.6814 0.5580 0.4735
vn 0.1185 0.8775 -0.4646
vn 0.1254 0.2857 -0.9501
vn 0.0055 -0.4701 -0.8825
vn -0.1145 -0.6726 -0.7311
vn 0.0092 -0.6849 0.7286
vn 0.1436 -0.0534 0.9882
vn 0.0686 0.9131 0.4020
vn 0.0916 0.9956 -0.0191
vn -0.1427 -0.9895 0.0205
vn -0.1968 -0.8433 -0.5001
vn 0.1110 0.5414 0.8333
vn -0.7880 -0.4949 -0.3660
vn -0.9228 -0.3774 -0.0777
vn -0.3353 -0.4598 -0.8223
vn -0.7389 0.0199 -0.6735
vn -0.2031 0.0354 -0.9785
vn 0.4321 -0.0759 -0.8986
vn 0.3630 0.5997 -0.7131
vn 0.4443 0.5750 0.6869
vn 0.3487 0.2846 0.8929
vn 0.4543 -0.6134 -0.6459
vn 0.1838 -0.4724 0.8620
vn 0.4435 0.8944 -0.0580
vn 0.4948 0.7403 0.4551
vn -0.0076 -0.9352 -0.3540
vn -0.1880 -0.8726 0.4507
vn -0.3003 -0.9535 0.0254
vn -0.2921 -0.2738 0.9163
vn 0.5404 0.5466 -0.6397
vn 0.6889 0.6628 0.2934
vn 0.3437 0.9268 0.1515
vn 0.6503 0.1279 -0.7489
vn -0.1886 0.1116 0.9757
vn 0.0000 0.9951 0.0985
vn -0.2355 0.9715 -0.0253
vn -0.4094 0.8617 0.2996
vn 0.0000 0.8692 0.4945
vn 0.0000 0.6859 0.7277
vn -0.5116 0.6609 0.5490
vn -0.5444 0.4104 0.7315
vn 0.0000 0.4893 0.8721
vn 0.0000 0.2636 0.9646
vn -0.5116 0.1241 0.8502
vn -0.4094 -0.1933 0.8916
vn 0.0000 -0.0309 0.9995
vn 0.0000 -0.4345 0.9007
vn -0.2355 -0.5278 0.8160
vn 0.0000 -0.8721 0.4893
vn 0.0000 0.8721 -0.4893
vn -0.4064 0.7968 -0.4471
vn -0.7030 0.6202 -0.3480
vn -0.9191 0.3436 -0.1928
vn -1.0000 0.0000 0.0000
vn -0.9191 -0.3436 0.1928
vn -0.7030 -0.6202 0.3480
vn -0.4064 -0.7968 0.4471
vn -0.5445 -0.4104 -0.7315
vn -0.5116 -0.6610 -0.5490
vn -0.4094 -0.8617 -0.2996
vn -0.2355 -0.9715 0.0253
vn -0.2355 0.5278 -0.8160
vn -0.4094 0.1933 -0.8916
vn -0.5116 -0.1241 -0.8502
vn 0.0000 0.4345 -0.9007
vn 0.0000 0.0309 -0.9995
vn 0.0000 -0.2636 -0.9646
vn 0.0000 -0.4893 -0.8721
vn 0.0000 -0.6859 -0.7276
vn 0.0000 -0.8691 -0.4945
vn 0.0000 -0.9951 -0.0985
vn 0.5116 -0.6610 -0.5490
vn 0.4094 -0.8617 -0.2996
vn 0.2355 -0.9715 0.0253
vn 0.2355 0.5278 -0.8160
vn 0.4094 0.1933 -0.8916
vn 0.5116 -0.1241 -0.8502
vn 0.5445 -0.4104 -0.7315
vn 0.4064 0.7968 -0.4471
vn 0.7030 0.6202 -0.3480
vn 0.9191 0.3436 -0.1928
vn 1.0000 0.0000 0.0000
vn 0.9191 -0.3436 0.1928
vn 0.7030 -0.6202 0.3480
vn 0.4064 -0.7968 0.4471
vn 0.4094 -0.1933 0.8916
vn 0.2355 -0.5278 0.8160
vn 0.2355 0.9715 -0.0253
vn 0.4094 0.8617 0.2996
vn 0.5116 0.6609 0.5490
vn 0.5444 0.4104 0.7315
vn 0.5116 0.1241 0.8502
vn 0.0000 0.6021 0.7984
vn -0.2355 0.6771 0.6972
vn -0.4094 0.3638 0.8366
vn 0.0000 0.2256 0.9742
vn 0.0000 -0.0700 0.9975
vn -0.5116 0.0444 0.8581
vn -0.5445 -0.2596 0.7976
vn 0.0000 -0.3095 0.9509
vn 0.0000 -0.5306 0.8476
vn -0.5116 -0.5410 0.6675
vn -0.4094 -0.7866 0.4622
vn 0.0000 -0.7558 0.6547
vn 0.0000 -0.9567 0.2910
vn -0.2355 -0.9578 0.1650
vn 0.0000 -0.9509 -0.3095
vn 0.0000 0.9509 0.3095
vn -0.4064 0.8688 0.2828
vn -0.7030 0.6762 0.2201
vn -0.9191 0.3746 0.1219
vn -0.9191 -0.3746 -0.1219
vn -0.7030 -0.6763 -0.2201
vn -0.4064 -0.8688 -0.2828
vn -0.5445 0.2596 -0.7976
vn -0.5116 -0.0444 -0.8581
vn -0.4094 -0.3638 -0.8367
vn -0.2355 -0.6771 -0.6972
vn -0.2355 0.9578 -0.1650
vn -0.4094 0.7866 -0.4622
vn -0.5116 0.5410 -0.6675
vn 0.0000 0.9567 -0.2910
vn 0.0000 0.7558 -0.6548
vn 0.0000 0.5306 -0.8476
vn 0.0000 0.3095 -0.9509
vn 0.0000 0.0700 -0.9975
vn 0.0000 -0.2256 -0.9742
vn 0.0000 -0.6020 -0.7984
vn 0.5116 -0.0444 -0.8581
vn 0.4094 -0.3638 -0.8366
vn 0.2355 -0.6771 -0.6972
vn 0.2355 0.9578 -0.1650
vn 0.4094 0.7866 -0.4622
vn 0.5116 0.5410 -0.6675
vn 0.5445 0.2596 -0.7976
vn 0.4064 0.8688 0.2828
vn 0.7030 0.6762 0.2201
vn 0.9191 0.3746 0.1219
vn 0.9191 -0.3746 -0.1220
vn 0.7030 -0.6763 -0.2201
vn 0.4064 -0.8688 -0.2828
vn 0.4094 -0.7866 0.4622
vn 0.2355 -0.9578 0.1650
vn 0.2355 0.6771 0.6972
vn 0.4094 0.3638 0.8367
vn 0.5116 0.0444 0.8581
vn 0.5445 -0.2596 0.7976
vn 0.5116 -0.5410 0.6675
vn 0.0000 0.3722 0.9281
vn -0.2355 0.4711 0.8500
vn -0.4094 0.1322 0.9027
vn 0.0000 -0.0372 0.9993
vn 0.0000 -0.3286 0.9445
vn -0.5116 -0.1816 0.8398
vn -0.5445 -0.4592 0.7019
vn 0.0000 -0.5475 0.8368
vn 0.0000 -0.7338 0.6793
vn -0.5116 -0.6968 0.5027
vn -0.4094 -0.8801 0.2403
vn 0.0000 -0.9008 0.4342
vn 0.0000 -0.9995 0.0306
vn -0.2355 -0.9676 -0.0913
vn 0.0000 -0.8368 -0.5475
vn 0.0000 0.8368 0.5475
vn -0.4064 0.7645 0.5003
vn -0.7030 0.5951 0.3894
vn -0.9191 0.3297 0.2157
vn -0.9191 -0.3297 -0.2157
vn -0.7030 -0.5951 -0.3894
vn -0.4064 -0.7645 -0.5002
vn -0.5444 0.4592 -0.7019
vn -0.5116 0.1816 -0.8398
vn -0.4094 -0.1322 -0.9027
vn -0.2355 -0.4711 -0.8500
vn -0.2355 0.9676 0.0913
vn -0.4094 0.8801 -0.2403
vn -0.5116 0.6968 -0.5027
vn 0.0000 0.9995 -0.0305
vn 0.0000 0.9008 -0.4342
vn 0.0000 0.7338 -0.6793
vn 0.0000 0.5475 -0.8368
vn 0.0000 0.3286 -0.9445
vn 0.0000 0.0372 -0.9993
vn 0.0000 -0.3721 -0.9282
vn 0.5116 0.1816 -0.8398
vn 0.4094 -0.1322 -0.9027
vn 0.2355 -0.4711 -0.8500
vn 0.2355 0.9676 0.0913
vn 0.4094 0.8801 -0.2403
vn 0.5116 0.6968 -0.5027
vn 0.5444 0.4592 -0.7019
vn 0.4064 0.7645 0.5003
vn 0.7030 0.5951 0.3894
vn 0.9191 0.3297 0.2157
vn 0.9191 -0.3297 -0.2157
vn 0.7030 -0.5951 -0.3894
vn 0.4064 -0.7645 -0.5003
vn 0.4094 -0.8801 0.2403
vn 0.2355 -0.9676 -0.0913
vn 0.2355 0.4711 0.8500
vn 0.4094 0.1322 0.9027
vn 0.5116 -0.1816 0.8398
vn 0.5444 -0.4592 0.7019
vn 0.5116 -0.6968 0.5027
usemtl Clothes_UV
s 1
f 5026/5872/4797 5224/5873/4798 5205/5874/4799 4994/5875/4800
f 4998/5876/4801 5077/5877/4802 5078/5878/4803 5003/5879/4804
f 5143/5880/4805 5133/5881/4806 5139/5882/4807 5142/5883/4808
f 5138/5884/4809 5148/5885/4810 5146/5886/4811 5136/5887/4812
f 5145/5888/4813 5137/5889/4814 5134/5890/4815 5144/5891/4816
f 5182/5892/4817 5181/5893/4818 5137/5894/4814 5145/5895/4813
f 5220/5896/4819 5003/5879/4804 5007/5897/4820 5005/5898/4821
f 5061/5899/4822 5063/5900/4823 5012/5901/4824 5010/5902/4825
f 5177/5903/4826 5064/5904/4827 5013/5905/4828 5168/5906/4829
f 5161/5907/4830 5061/5899/4822 5010/5902/4825 5152/5908/4831
f 5098/5909/4832 5011/5910/4833 5072/5911/4834 5108/5912/4835
f 5017/5913/4836 5081/5914/4837 5088/5915/4838 5048/5916/4839
f 5062/5917/4840 5060/5918/4841 5009/5919/4842 5011/5910/4833
f 5040/5920/4843 5043/5921/4844 5017/5913/4836 5015/5922/4845
f 5173/5923/4846 5042/5924/4847 5018/5925/4848 5169/5926/4849
f 5157/5927/4850 5040/5920/4843 5015/5922/4845 5153/5928/4851
f 5099/5929/4852 5016/5930/4853 5047/5931/4854 5103/5932/4855
f 5044/5933/4856 5041/5934/4857 5014/5935/4858 5016/5930/4853
f 5006/5936/4859 5004/5937/4860 5022/5938/4861 5019/5939/4862
f 5151/5940/4863 5005/5898/4821 5023/5941/4864 5154/5942/4865
f 5167/5943/4866 5008/5944/4867 5021/5945/4868 5170/5946/4869
f 5005/5898/4821 5007/5897/4820 5020/5947/4870 5023/5941/4864
f 5165/5948/4871 5140/5949/4872 5149/5950/4873 5166/5951/4874
f 5135/5952/4875 5147/5953/4876 5142/5883/4808 5139/5882/4807
f 5025/5954/4877 5083/5955/4878 5077/5877/4802 4998/5876/4801
f 5223/5956/4879 5212/5957/4880 5191/5958/4881 5188/5959/4882
f 5003/5879/4804 5078/5878/4803 5079/5960/4883 5007/5897/4820
f 5007/5897/4820 5079/5960/4883 5082/5961/4884 5020/5947/4870
f 5063/5900/4823 5091/5962/4885 5080/5963/4886 5012/5901/4824
f 5020/5947/4870 5082/5961/4884 5091/5962/4885 5063/5900/4823
f 5012/5901/4824 5080/5963/4886 5094/5964/4887 5073/5965/4888
f 5127/5966/4889 5129/5967/4890 5032/5968/4891 5030/5969/4892
f 5180/5970/4893 5130/5971/4894 5031/5972/4895 5171/5973/4896
f 5164/5974/4897 5127/5966/4889 5030/5969/4892 5155/5975/4898
f 5128/5976/4899 5126/5977/4900 5029/5978/4901 5033/5979/4902
f 5132/5980/4903 5128/5976/4899 5033/5979/4902 5095/5981/4904
f 5129/5967/4890 5131/5982/4905 5084/5983/4906 5032/5968/4891
f 5229/5984/4907 5215/5985/4908 5195/5986/4909 5194/5987/4910
f 5068/5988/4911 5069/5989/4912 5036/5990/4913 5035/5991/4914
f 5032/5968/4891 5084/5983/4906 5087/5992/4915 5043/5921/4844
f 5065/5993/4916 5066/5994/4917 5037/5995/4918 5038/5996/4919
f 5240/5997/4920 5243/5998/4921 5067/5999/4922 5066/5994/4917
f 5096/6000/4923 5002/6001/4924 5006/5936/4859 5097/6002/4925
f 5257/6003/4926 5258/6004/4927 5245/6005/4928 5242/6006/4929
f 5248/6007/4930 5252/6008/4931 5107/6009/4932 5069/6010/4912
f 5258/6004/4927 5259/6011/4933 5246/6012/4934 5245/6005/4928
f 5097/6002/4925 5006/5936/4859 5019/5939/4862 5100/6013/4935
f 5030/5969/4892 5032/5968/4891 5043/5921/4844 5040/5920/4843
f 5171/5973/4896 5031/5972/4895 5042/5924/4847 5173/5923/4846
f 5155/5975/4898 5030/5969/4892 5040/5920/4843 5157/5927/4850
f 5033/5979/4902 5029/5978/4901 5041/5934/4857 5044/5933/4856
f 5260/6014/4936 5261/6015/4937 5253/6016/4938 5249/6017/4939
f 5092/6018/4940 5065/5993/4916 5038/5996/4919 5085/6019/4941
f 5100/6013/4935 5019/5939/4862 5062/5917/4840 5106/6020/4942
f 5015/5922/4845 5017/5913/4836 5048/5916/4839 5046/6021/4943
f 5102/6022/4944 5044/5933/4856 5016/5930/4853 5099/5929/4852
f 5043/5921/4844 5087/5992/4915 5081/5914/4837 5017/5913/4836
f 5169/5926/4849 5018/5925/4848 5049/6023/4945 5174/6024/4946
f 5016/5930/4853 5014/5935/4858 5045/6025/4947 5047/5931/4854
f 5153/5928/4851 5015/5922/4845 5046/6021/4943 5158/6026/4948
f 5058/6027/4949 5057/6028/4950 5053/6029/4951 5051/6030/4952
f 5176/6031/4953 5055/6032/4954 5054/6033/4955 5175/6034/4956
f 5059/6035/4957 5056/6036/4958 5050/6037/4959 5052/6038/4960
f 5160/6039/4961 5058/6027/4949 5051/6030/4952 5159/6040/4962
f 5057/6028/4950 5090/6041/4963 5089/6042/4964 5053/6029/4951
f 5046/6021/4943 5048/5916/4839 5057/6028/4950 5058/6027/4949
f 5174/6024/4946 5049/6023/4945 5055/6032/4954 5176/6031/4953
f 5047/5931/4854 5045/6025/4947 5056/6036/4958 5059/6035/4957
f 5158/6026/4948 5046/6021/4943 5058/6027/4949 5160/6039/4961
f 5105/6043/4965 5059/6035/4957 5052/6038/4960 5104/6044/4966
f 5254/6045/4967 5255/6046/4968 5241/6047/4969 5238/6048/4970
f 5069/6010/4912 5107/6009/4932 5101/6049/4971 5036/6050/4913
f 5019/5939/4862 5022/5938/4861 5060/5918/4841 5062/5917/4840
f 5154/5942/4865 5023/5941/4864 5061/5899/4822 5161/5907/4830
f 5170/5946/4869 5021/5945/4868 5064/5904/4827 5177/5903/4826
f 5023/5941/4864 5020/5947/4870 5063/5900/4823 5061/5899/4822
f 5221/6051/4972 5232/6052/4973 5201/6053/4974 5198/6054/4975
f 5214/6055/4976 4998/5876/4801 5003/5879/4804 5220/5896/4819
f 5135/5952/4875 5141/6056/4977 5150/6057/4978 5147/5953/4876
f 5227/6058/4979 5235/6059/4980 5203/6060/4981 5200/6061/4982
f 5212/5957/4880 5229/5984/4907 5194/5987/4910 5191/5958/4881
f 5233/6062/4983 5220/5896/4819 5005/5898/4821 5151/5940/4863
f 5146/5886/4811 5150/6057/4978 5141/6056/4977 5136/5887/4812
f 5133/5881/4806 5134/5890/4815 5183/6063/4984 5186/6064/4985
f 5103/5932/4855 5047/5931/4854 5059/6035/4957 5105/6043/4965
f 5048/5916/4839 5088/5915/4838 5090/6041/4963 5057/6028/4950
f 5067/5999/4922 5070/6065/4986 5034/6066/4987 5039/6067/4988
f 5255/6046/4968 5257/6003/4926 5242/6006/4929 5241/6047/4969
f 5070/6065/4986 5068/5988/4911 5035/5991/4914 5034/6066/4987
f 5066/5994/4917 5067/5999/4922 5039/6067/4988 5037/5995/4918
f 5235/6059/4980 5217/6068/4989 5190/6069/4990 5203/6060/4981
f 5211/6070/4991 5024/6071/4992 5025/5954/4877 5230/6072/4993
f 5024/6071/4992 5211/6070/4991 5224/5873/4798 5026/5872/4797
f 5106/6020/4942 5062/5917/4840 5011/5910/4833 5098/5909/4832
f 5011/5910/4833 5009/5919/4842 5075/6073/4994 5072/5911/4834
f 5152/5908/4831 5010/5902/4825 5076/6074/4995 5162/6075/4996
f 5168/5906/4829 5013/5905/4828 5074/6076/4997 5178/6077/4998
f 5010/5902/4825 5012/5901/4824 5073/5965/4888 5076/6074/4995
f 5077/5877/4802 5083/5955/4878 5359/6078/4999 5347/6079/5000
f 5078/5878/4803 5077/5877/4802 5347/6079/5000 5349/6080/5001
f 5079/5960/4883 5078/5878/4803 5349/6080/5001 5351/6081/5002
f 5091/5962/4885 5082/5961/4884 5357/6082/5002 5372/6083/5003
f 5094/5964/4887 5080/5963/4886 5353/6084/5004 5375/6085/5005
f 5082/5961/4884 5079/5960/4883 5351/6081/5002 5357/6082/5002
f 5087/5992/4915 5084/5983/4906 5361/6086/5006 5364/6087/5007
f 5081/5914/4837 5087/5992/4915 5364/6087/5007 5355/6088/5008
f 5355/6088/5008 5366/6089/5009 5088/5915/4838 5081/5914/4837
f 5090/6041/4963 5088/5915/4838 5366/6089/5009 5370/6090/5010
f 5089/6042/4964 5090/6041/4963 5370/6090/5010 5368/6091/5011
f 5080/5963/4886 5091/5962/4885 5372/6083/5003 5353/6084/5004
f 5564/6092/5012 5554/6093/5013 5253/6016/4938 5261/6015/4937
f 5092/6018/4940 5085/6019/4941 5086/6094/5014 5093/6095/5015
f 5131/5982/4905 5094/5964/4887 5375/6085/5005 5411/6096/5016
f 5472/6097/5017 5468/6098/5018 5099/5929/4852 5103/5932/4855
f 5473/6099/5019 5472/6097/5017 5103/5932/4855 5105/6043/4965
f 5474/6100/5020 5473/6099/5019 5105/6043/4965 5104/6044/4966
f 5475/6101/5021 5476/6102/5022 5101/6049/4971 5107/6009/4932
f 5095/5981/4904 5033/5979/4902 5044/5933/4856 5102/6022/4944
f 5052/6038/4960 5050/6037/4959 5109/6103/5023 5111/6104/5024
f 5474/6100/5020 5104/6044/4966 5116/6105/5025 5477/6106/5026
f 5053/6029/4951 5089/6042/4964 5114/6107/5027 5112/6108/5028
f 5089/6042/4964 5368/6091/5011 5115/6109/5029 5114/6107/5027
f 5104/6044/4966 5052/6038/4960 5111/6104/5024 5116/6105/5025
f 5051/6030/4952 5053/6029/4951 5112/6108/5028 5110/6110/5030
f 5175/6034/4956 5054/6033/4955 5113/6111/5031 5179/6112/5032
f 5159/6040/4962 5051/6030/4952 5110/6110/5030 5163/6113/5033
f 5085/6019/4941 5038/5996/4919 5121/6114/5034 5123/6115/5035
f 5039/6067/4988 5034/6066/4987 5117/6116/5036 5122/6117/5037
f 5036/6050/4913 5101/6049/4971 5125/6118/5038 5119/6119/5039
f 5086/6094/5014 5085/6019/4941 5123/6115/5035 5124/6120/5040
f 5034/6066/4987 5035/5991/4914 5118/6121/5041 5117/6116/5036
f 5035/5991/4914 5036/5990/4913 5119/6122/5039 5118/6121/5041
f 5037/5995/4918 5039/6067/4988 5122/6117/5037 5120/6123/5042
f 5038/5996/4919 5037/5995/4918 5120/6123/5042 5121/6114/5034
f 5084/5983/4906 5131/5982/4905 5411/6096/5016 5361/6086/5006
f 5073/5965/4888 5094/5964/4887 5131/5982/4905 5129/5967/4890
f 5108/5912/4835 5072/5911/4834 5128/5976/4899 5132/5980/4903
f 5072/5911/4834 5075/6073/4994 5126/5977/4900 5128/5976/4899
f 5162/6075/4996 5076/6074/4995 5127/5966/4889 5164/5974/4897
f 5178/6077/4998 5074/6076/4997 5130/5971/4894 5180/5970/4893
f 5076/6074/4995 5073/5965/4888 5129/5967/4890 5127/5966/4889
f 5197/6124/5043 5202/6125/5044 5165/5948/4871 5138/5884/4809
f 5206/6126/5045 5223/5956/4879 5188/5959/4882 5185/6127/5046
f 5215/5985/4908 5221/6051/4972 5198/6054/4975 5195/5986/4909
f 5217/6068/4989 5208/6128/5047 5184/6129/5048 5190/6130/4990
f 5189/6131/5049 5183/6063/4984 5134/5890/4815 5137/5889/4814
f 5202/6125/5044 5199/6132/5050 5140/5949/4872 5165/5948/4871
f 5181/5893/4818 5140/5949/4872 5199/6132/5050 5204/6133/5051
f 5186/6064/4985 5187/6134/5052 5139/5882/4807 5133/5881/4806
f 5187/6134/5052 5192/6135/5053 5135/5952/4875 5139/5882/4807
f 5196/6136/5054 5197/6124/5043 5138/5884/4809 5136/5887/4812
f 5141/6056/4977 5135/5952/4875 5192/6135/5053 5193/6137/5055
f 5230/6072/4993 5025/5954/4877 4998/5876/4801 5214/6055/4976
f 5156/6138/5056 5001/6139/5057 5148/5885/4810 5166/5951/4874
f 4999/6140/5058 5071/6141/5059 5150/6057/4978 5146/5886/4811
f 4993/6142/5060 4997/6143/5061 5144/5891/4816 5143/5880/4805
f 5001/6139/5057 4999/6140/5058 5146/5886/4811 5148/5885/4810
f 5172/6144/5062 5028/6145/5063 5149/5950/4873 5182/5892/4817
f 5027/6146/5064 4993/6142/5060 5143/5880/4805 5142/5883/4808
f 4995/6147/5065 5147/5953/4876 5150/6057/4978 5071/6141/5059
f 4997/6143/5061 5000/6148/5066 5145/5888/4813 5144/5891/4816
f 4995/6147/5065 5027/6146/5064 5142/5883/4808 5147/5953/4876
f 5144/5891/4816 5134/5890/4815 5133/5881/4806 5143/5880/4805
f 5028/6145/5063 5156/6138/5056 5166/5951/4874 5149/5950/4873
f 5204/6133/5051 5189/6149/5049 5137/5894/4814 5181/5893/4818
f 5074/6076/4997 5162/6075/4996 5164/5974/4897 5130/5971/4894
f 5054/6033/4955 5159/6040/4962 5163/6113/5033 5113/6111/5031
f 5013/5905/4828 5152/5908/4831 5162/6075/4996 5074/6076/4997
f 5232/6052/4973 5227/6058/4979 5200/6061/4982 5201/6053/4974
f 5236/6150/5067 5226/6151/5068 5008/5944/4867 5167/5943/4866
f 5021/5945/4868 5154/5942/4865 5161/5907/4830 5064/5904/4827
f 5049/6023/4945 5158/6026/4948 5160/6039/4961 5055/6032/4954
f 5055/6032/4954 5160/6039/4961 5159/6040/4962 5054/6033/4955
f 5018/5925/4848 5153/5928/4851 5158/6026/4948 5049/6023/4945
f 5031/5972/4895 5155/5975/4898 5157/5927/4850 5042/5924/4847
f 5130/5971/4894 5164/5974/4897 5155/5975/4898 5031/5972/4895
f 5138/5884/4809 5165/5948/4871 5166/5951/4874 5148/5885/4810
f 5008/5944/4867 5151/5940/4863 5154/5942/4865 5021/5945/4868
f 5042/5924/4847 5157/5927/4850 5153/5928/4851 5018/5925/4848
f 5064/5904/4827 5161/5907/4830 5152/5908/4831 5013/5905/4828
f 5000/6152/5066 5172/6144/5062 5182/5892/4817 5145/5895/4813
f 5075/6073/4994 5178/6077/4998 5180/5970/4893 5126/5977/4900
f 5050/6037/4959 5175/6034/4956 5179/6112/5032 5109/6103/5023
f 5009/5919/4842 5168/5906/4829 5178/6077/4998 5075/6073/4994
f 5002/6001/4924 5218/6153/5069 5004/5937/4860 5006/5936/4859
f 5022/5938/4861 5170/5946/4869 5177/5903/4826 5060/5918/4841
f 5045/6025/4947 5174/6024/4946 5176/6031/4953 5056/6036/4958
f 5056/6036/4958 5176/6031/4953 5175/6034/4956 5050/6037/4959
f 5014/5935/4858 5169/5926/4849 5174/6024/4946 5045/6025/4947
f 5029/5978/4901 5171/5973/4896 5173/5923/4846 5041/5934/4857
f 5126/5977/4900 5180/5970/4893 5171/5973/4896 5029/5978/4901
f 5004/5937/4860 5167/5943/4866 5170/5946/4869 5022/5938/4861
f 5041/5934/4857 5173/5923/4846 5169/5926/4849 5014/5935/4858
f 5060/5918/4841 5177/5903/4826 5168/5906/4829 5009/5919/4842
f 5149/5950/4873 5140/5949/4872 5181/5893/4818 5182/5892/4817
f 5108/5912/4835 5132/5980/4903 5479/6154/5070 5470/6155/5071
f 5101/6049/4971 5476/6102/5022 5478/6156/5072 5125/6118/5038
f 5098/5909/4832 5108/5912/4835 5470/6155/5071 5466/6157/5073
f 5100/6013/4935 5106/6020/4942 5465/6158/5074 5469/6159/5075
f 5095/5981/4904 5102/6022/4944 5467/6160/5076 5471/6161/5077
f 5132/5980/4903 5095/5981/4904 5471/6161/5077 5479/6154/5070
f 5097/6002/4925 5100/6013/4935 5469/6159/5075 5464/6162/5078
f 5102/6022/4944 5099/5929/4852 5468/6098/5018 5467/6160/5076
f 5106/6020/4942 5098/5909/4832 5466/6157/5073 5465/6158/5074
f 5096/6000/4923 5097/6002/4925 5464/6162/5078 5463/6163/5079
f 4996/6164/5080 5209/6165/5081 5218/6153/5069 5002/6166/4924
f 5226/6151/5068 5233/6062/4983 5151/5940/4863 5008/5944/4867
f 4994/5875/4800 5205/5874/4799 5209/6165/5081 4996/6164/5080
f 5218/6153/5069 5236/6150/5067 5167/5943/4866 5004/5937/4860
f 5204/6133/5051 5199/6132/5050 5200/6061/4982 5203/6060/4981
f 5202/6125/5044 5197/6124/5043 5198/6054/4975 5201/6053/4974
f 5184/6129/5048 5185/6127/5046 5186/6064/4985 5183/6063/4984
f 5196/6136/5054 5193/6137/5055 5194/5987/4910 5195/5986/4909
f 5183/6063/4984 5189/6131/5049 5190/6130/4990 5184/6129/5048
f 5192/6135/5053 5187/6134/5052 5188/5959/4882 5191/5958/4881
f 5193/6137/5055 5192/6135/5053 5191/5958/4881 5194/5987/4910
f 5189/6149/5049 5204/6133/5051 5203/6060/4981 5190/6069/4990
f 5199/6132/5050 5202/6125/5044 5201/6053/4974 5200/6061/4982
f 5197/6124/5043 5196/6136/5054 5195/5986/4909 5198/6054/4975
f 5187/6134/5052 5186/6064/4985 5185/6127/5046 5188/5959/4882
f 5193/6137/5055 5196/6136/5054 5136/5887/4812 5141/6056/4977
f 5209/6165/5081 5205/5874/4799 5207/6167/5082 5210/6168/5083
f 5210/6168/5083 5207/6167/5082 5206/6126/5045 5208/6128/5047
f 5230/6072/4993 5214/6055/4976 5216/6169/5084 5231/6170/5085
f 5231/6170/5085 5216/6169/5084 5215/5985/4908 5229/5984/4907
f 5218/6153/5069 5209/6165/5081 5210/6168/5083 5219/6171/5086
f 5219/6171/5086 5210/6168/5083 5208/6128/5047 5217/6068/4989
f 5214/6055/4976 5220/5896/4819 5222/6172/5087 5216/6169/5084
f 5216/6169/5084 5222/6172/5087 5221/6051/4972 5215/5985/4908
f 5224/5873/4798 5211/6070/4991 5213/6173/5088 5225/6174/5089
f 5225/6174/5089 5213/6173/5088 5212/5957/4880 5223/5956/4879
f 5205/5874/4799 5224/5873/4798 5225/6174/5089 5207/6167/5082
f 5207/6167/5082 5225/6174/5089 5223/5956/4879 5206/6126/5045
f 5236/6150/5067 5218/6153/5069 5219/6171/5086 5237/6175/5090
f 5237/6175/5090 5219/6171/5086 5217/6068/4989 5235/6059/4980
f 5233/6062/4983 5226/6151/5068 5228/6176/5091 5234/6177/5092
f 5234/6177/5092 5228/6176/5091 5227/6058/4979 5232/6052/4973
f 5211/6070/4991 5230/6072/4993 5231/6170/5085 5213/6173/5088
f 5213/6173/5088 5231/6170/5085 5229/5984/4907 5212/5957/4880
f 5220/5896/4819 5233/6062/4983 5234/6177/5092 5222/6172/5087
f 5222/6172/5087 5234/6177/5092 5232/6052/4973 5221/6051/4972
f 5226/6151/5068 5236/6150/5067 5237/6175/5090 5228/6176/5091
f 5228/6176/5091 5237/6175/5090 5235/6059/4980 5227/6058/4979
f 5184/6129/5048 5208/6128/5047 5206/6126/5045 5185/6127/5046
f 5553/6178/5093 5475/6101/5021 5107/6009/4932 5252/6008/4931
f 5563/6179/5094 5359/6078/4999 5083/5955/4878 5256/6180/5095
f 5243/5998/4921 5244/6181/5096 5070/6065/4986 5067/5999/4922
f 5239/6182/5097 5240/5997/4920 5066/5994/4917 5065/5993/4916
f 5093/6095/5015 5548/6183/5098 5251/6184/5099 5092/6018/4940
f 5259/6011/4933 5260/6185/4936 5249/6186/4939 5246/6012/4934
f 5247/6187/5100 5248/6188/4930 5069/5989/4912 5068/5988/4911
f 5244/6181/5096 5247/6187/5100 5068/5988/4911 5070/6065/4986
f 5256/6180/5095 5254/6045/4967 5238/6048/4970 5250/6189/5101
f 5553/6178/5093 5252/6008/4931 5253/6016/4938 5554/6093/5013
f 5547/6190/5102 5250/6189/5101 5251/6184/5099 5548/6183/5098
f 5243/5998/4921 5240/5997/4920 5241/6047/4969 5242/6006/4929
f 5239/6182/5097 5251/6184/5099 5250/6189/5101 5238/6048/4970
f 5252/6008/4931 5248/6007/4930 5249/6017/4939 5253/6016/4938
f 5247/6187/5100 5244/6181/5096 5245/6005/4928 5246/6012/4934
f 5248/6188/4930 5247/6187/5100 5246/6012/4934 5249/6186/4939
f 5244/6181/5096 5243/5998/4921 5242/6006/4929 5245/6005/4928
f 5240/5997/4920 5239/6182/5097 5238/6048/4970 5241/6047/4969
f 5251/6184/5099 5239/6182/5097 5065/5993/4916 5092/6018/4940
f 5083/5955/4878 5025/5954/4877 5254/6045/4967 5256/6180/5095
f 4996/6164/5080 5002/6166/4924 5260/6185/4936 5259/6011/4933
f 5547/6190/5102 5563/6179/5094 5256/6180/5095 5250/6189/5101
f 5463/6163/5079 5564/6092/5012 5261/6015/4937 5096/6000/4923
f 5024/6071/4992 5026/5872/4797 5257/6003/4926 5255/6046/4968
f 5025/5954/4877 5024/6071/4992 5255/6046/4968 5254/6045/4967
f 5002/6001/4924 5096/6000/4923 5261/6015/4937 5260/6014/4936
f 4994/5875/4800 4996/6164/5080 5259/6011/4933 5258/6004/4927
f 5026/5872/4797 4994/5875/4800 5258/6004/4927 5257/6003/4926
f 5295/6191/5103 5263/6192/5104 5502/6193/5105 5521/6194/5106
f 5267/6195/5107 5272/6196/5108 5348/6197/5109 5346/6198/5110
f 5423/6199/5111 5422/6200/5112 5419/6201/5113 5413/6202/5114
f 5418/6203/5115 5416/6204/5116 5426/6205/5117 5428/6206/5118
f 5425/6207/5119 5424/6208/5120 5414/6209/5121 5417/6210/5122
f 5462/6211/5123 5425/6212/5119 5417/6213/5122 5461/6214/5124
f 5517/6215/5125 5274/6216/5126 5276/6217/5127 5272/6196/5108
f 5330/6218/5128 5279/6219/5129 5281/6220/5130 5332/6221/5131
f 5457/6222/5132 5448/6223/5133 5282/6224/5134 5333/6225/5135
f 5441/6226/5136 5432/6227/5137 5279/6219/5129 5330/6218/5128
f 5379/6228/5138 5389/6229/5139 5341/6230/5140 5280/6231/5141
f 5286/6232/5142 5317/6233/5143 5365/6234/5144 5354/6235/5145
f 5331/6236/5146 5280/6231/5141 5278/6237/5147 5329/6238/5148
f 5309/6239/5149 5284/6240/5150 5286/6232/5142 5312/6241/5151
f 5453/6242/5152 5449/6243/5153 5287/6244/5154 5311/6245/5155
f 5437/6246/5156 5433/6247/5157 5284/6240/5150 5309/6239/5149
f 5380/6248/5158 5384/6249/5159 5316/6250/5160 5285/6251/5161
f 5313/6252/5162 5285/6251/5161 5283/6253/5163 5310/6254/5164
f 5275/6255/5165 5288/6256/5166 5291/6257/5167 5273/6258/5168
f 5431/6259/5169 5434/6260/5170 5292/6261/5171 5274/6216/5126
f 5447/6262/5172 5450/6263/5173 5290/6264/5174 5277/6265/5175
f 5274/6216/5126 5292/6261/5171 5289/6266/5176 5276/6217/5127
f 5445/6267/5177 5446/6268/5178 5429/6269/5179 5420/6270/5180
f 5415/6271/5181 5419/6201/5113 5422/6200/5112 5427/6272/5182
f 5294/6273/5183 5267/6195/5107 5346/6198/5110 5358/6274/5184
f 5520/6275/5185 5485/6276/5186 5488/6277/5187 5509/6278/5188
f 5272/6196/5108 5276/6217/5127 5350/6279/5189 5348/6197/5109
f 5276/6217/5127 5289/6266/5176 5356/6280/5190 5350/6279/5189
f 5332/6221/5131 5281/6220/5130 5352/6281/5191 5371/6282/5192
f 5289/6266/5176 5332/6221/5131 5371/6282/5192 5356/6280/5190
f 5281/6220/5130 5342/6283/5193 5374/6284/5194 5352/6281/5191
f 5406/6285/5195 5299/6286/5196 5301/6287/5197 5408/6288/5198
f 5460/6289/5199 5451/6290/5200 5300/6291/5201 5409/6292/5202
f 5444/6293/5203 5435/6294/5204 5299/6286/5196 5406/6285/5195
f 5407/6295/5205 5302/6296/5206 5298/6297/5207 5405/6298/5208
f 5412/6299/5209 5376/6300/5210 5302/6296/5206 5407/6295/5205
f 5408/6288/5198 5301/6287/5197 5360/6301/5211 5410/6302/5212
f 5526/6303/5213 5491/6304/5214 5492/6305/5215 5512/6306/5216
f 5337/6307/5217 5304/6308/5218 5305/6309/5219 5338/6310/5220
f 5301/6287/5197 5312/6241/5151 5363/6311/5221 5360/6301/5211
f 5334/6312/5222 5307/6313/5223 5306/6314/5224 5335/6315/5225
f 5537/6316/5226 5335/6315/5225 5336/6317/5227 5540/6318/5228
f 5377/6319/5229 5378/6320/5230 5275/6255/5165 5271/6321/5231
f 5558/6322/5232 5539/6323/5233 5542/6324/5234 5559/6325/5235
f 5545/6326/5236 5338/6327/5220 5388/6328/5237 5551/6329/5238
f 5559/6325/5235 5542/6324/5234 5543/6330/5239 5560/6331/5240
f 5378/6320/5230 5381/6332/5241 5288/6256/5166 5275/6255/5165
f 5299/6286/5196 5309/6239/5149 5312/6241/5151 5301/6287/5197
f 5451/6290/5200 5453/6242/5152 5311/6245/5155 5300/6291/5201
f 5435/6294/5204 5437/6246/5156 5309/6239/5149 5299/6286/5196
f 5302/6296/5206 5313/6252/5162 5310/6254/5164 5298/6297/5207
f 5561/6333/5242 5546/6334/5243 5552/6335/5244 5562/6336/5245
f 5373/6337/5246 5362/6338/5247 5307/6313/5223 5334/6312/5222
f 5381/6332/5241 5387/6339/5248 5331/6236/5146 5288/6256/5166
f 5284/6240/5150 5315/6340/5249 5317/6233/5143 5286/6232/5142
f 5383/6341/5250 5380/6248/5158 5285/6251/5161 5313/6252/5162
f 5312/6241/5151 5286/6232/5142 5354/6235/5145 5363/6311/5221
f 5449/6243/5153 5454/6342/5251 5318/6343/5252 5287/6244/5154
f 5285/6251/5161 5316/6250/5160 5314/6344/5253 5283/6253/5163
f 5433/6247/5157 5438/6345/5254 5315/6340/5249 5284/6240/5150
f 5327/6346/5255 5320/6347/5256 5322/6348/5257 5326/6349/5258
f 5456/6350/5259 5455/6351/5260 5323/6352/5261 5324/6353/5262
f 5328/6354/5263 5321/6355/5264 5319/6356/5265 5325/6357/5266
f 5440/6358/5267 5439/6359/5268 5320/6347/5256 5327/6346/5255
f 5326/6349/5258 5322/6348/5257 5367/6360/5269 5369/6361/5270
f 5315/6340/5249 5327/6346/5255 5326/6349/5258 5317/6233/5143
f 5454/6342/5251 5456/6350/5259 5324/6353/5262 5318/6343/5252
f 5316/6250/5160 5328/6354/5263 5325/6357/5266 5314/6344/5253
f 5438/6345/5254 5440/6358/5267 5327/6346/5255 5315/6340/5249
f 5386/6362/5271 5385/6363/5272 5321/6355/5264 5328/6354/5263
f 5555/6364/5273 5535/6365/5274 5538/6366/5275 5556/6367/5276
f 5338/6327/5220 5305/6368/5219 5382/6369/5277 5388/6328/5237
f 5288/6256/5166 5331/6236/5146 5329/6238/5148 5291/6257/5167
f 5434/6260/5170 5441/6226/5136 5330/6218/5128 5292/6261/5171
f 5450/6263/5173 5457/6222/5132 5333/6225/5135 5290/6264/5174
f 5292/6261/5171 5330/6218/5128 5332/6221/5131 5289/6266/5176
f 5518/6370/5278 5495/6371/5279 5498/6372/5280 5529/6373/5281
f 5511/6374/5282 5517/6215/5125 5272/6196/5108 5267/6195/5107
f 5415/6271/5181 5427/6272/5182 5430/6375/5283 5421/6376/5284
f 5524/6377/5285 5497/6378/5286 5500/6379/5287 5532/6380/5288
f 5509/6278/5188 5488/6277/5187 5491/6304/5214 5526/6303/5213
f 5530/6381/5289 5431/6259/5169 5274/6216/5126 5517/6215/5125
f 5426/6205/5117 5416/6204/5116 5421/6376/5284 5430/6375/5283
f 5413/6202/5114 5483/6382/5290 5480/6383/5291 5414/6209/5121
f 5384/6249/5159 5386/6362/5271 5328/6354/5263 5316/6250/5160
f 5317/6233/5143 5326/6349/5258 5369/6361/5270 5365/6234/5144
f 5336/6317/5227 5308/6384/5292 5303/6385/5293 5339/6386/5294
f 5556/6367/5276 5538/6366/5275 5539/6323/5233 5558/6322/5232
f 5339/6386/5294 5303/6385/5293 5304/6308/5218 5337/6307/5217
f 5335/6315/5225 5306/6314/5224 5308/6384/5292 5336/6317/5227
f 5532/6380/5288 5500/6379/5287 5487/6387/5295 5514/6388/5296
f 5508/6389/5297 5527/6390/5298 5294/6273/5183 5293/6391/5299
f 5293/6391/5299 5295/6191/5103 5521/6194/5106 5508/6389/5297
f 5387/6339/5248 5379/6228/5138 5280/6231/5141 5331/6236/5146
f 5280/6231/5141 5341/6230/5140 5344/6392/5300 5278/6237/5147
f 5432/6227/5137 5442/6393/5301 5345/6394/5302 5279/6219/5129
f 5448/6223/5133 5458/6395/5303 5343/6396/5304 5282/6224/5134
f 5279/6219/5129 5345/6394/5302 5342/6283/5193 5281/6220/5130
f 5346/6198/5110 5347/6079/5000 5359/6078/4999 5358/6274/5184
f 5348/6197/5109 5349/6080/5001 5347/6079/5000 5346/6198/5110
f 5350/6279/5189 5351/6081/5002 5349/6080/5001 5348/6197/5109
f 5371/6282/5192 5372/6083/5003 5357/6082/5002 5356/6280/5190
f 5374/6284/5194 5375/6085/5005 5353/6084/5004 5352/6281/5191
f 5356/6280/5190 5357/6082/5002 5351/6081/5002 5350/6279/5189
f 5363/6311/5221 5364/6087/5007 5361/6086/5006 5360/6301/5211
f 5354/6235/5145 5355/6088/5008 5364/6087/5007 5363/6311/5221
f 5355/6088/5008 5354/6235/5145 5365/6234/5144 5366/6089/5009
f 5369/6361/5270 5370/6090/5010 5366/6089/5009 5365/6234/5144
f 5367/6360/5269 5368/6091/5011 5370/6090/5010 5369/6361/5270
f 5352/6281/5191 5353/6084/5004 5372/6083/5003 5371/6282/5192
f 5564/6397/5012 5562/6336/5245 5552/6335/5244 5554/6093/5013
f 5373/6337/5246 5093/6095/5015 5086/6094/5014 5362/6338/5247
f 5410/6302/5212 5411/6096/5016 5375/6085/5005 5374/6284/5194
f 5472/6398/5017 5384/6249/5159 5380/6248/5158 5468/6098/5018
f 5473/6399/5019 5386/6362/5271 5384/6249/5159 5472/6398/5017
f 5474/6100/5020 5385/6363/5272 5386/6362/5271 5473/6399/5019
f 5475/6400/5021 5388/6328/5237 5382/6369/5277 5476/6401/5022
f 5376/6300/5210 5383/6341/5250 5313/6252/5162 5302/6296/5206
f 5321/6355/5264 5392/6402/5305 5390/6403/5306 5319/6356/5265
f 5474/6100/5020 5477/6404/5026 5396/6405/5307 5385/6363/5272
f 5322/6348/5257 5393/6406/5308 5395/6407/5309 5367/6360/5269
f 5367/6360/5269 5395/6407/5309 5115/6109/5029 5368/6091/5011
f 5385/6363/5272 5396/6405/5307 5392/6402/5305 5321/6355/5264
f 5320/6347/5256 5391/6408/5310 5393/6406/5308 5322/6348/5257
f 5455/6351/5260 5459/6409/5311 5394/6410/5312 5323/6352/5261
f 5439/6359/5268 5443/6411/5313 5391/6408/5310 5320/6347/5256
f 5362/6338/5247 5403/6412/5314 5401/6413/5315 5307/6313/5223
f 5308/6384/5292 5402/6414/5316 5397/6415/5317 5303/6385/5293
f 5305/6368/5219 5399/6416/5318 5404/6417/5319 5382/6369/5277
f 5086/6094/5014 5124/6120/5040 5403/6412/5314 5362/6338/5247
f 5303/6385/5293 5397/6415/5317 5398/6418/5320 5304/6308/5218
f 5304/6308/5218 5398/6418/5320 5399/6419/5318 5305/6309/5219
f 5306/6314/5224 5400/6420/5321 5402/6414/5316 5308/6384/5292
f 5307/6313/5223 5401/6413/5315 5400/6420/5321 5306/6314/5224
f 5360/6301/5211 5361/6086/5006 5411/6096/5016 5410/6302/5212
f 5342/6283/5193 5408/6288/5198 5410/6302/5212 5374/6284/5194
f 5389/6229/5139 5412/6299/5209 5407/6295/5205 5341/6230/5140
f 5341/6230/5140 5407/6295/5205 5405/6298/5208 5344/6392/5300
f 5442/6393/5301 5444/6293/5203 5406/6285/5195 5345/6394/5302
f 5458/6395/5303 5460/6289/5199 5409/6292/5202 5343/6396/5304
f 5345/6394/5302 5406/6285/5195 5408/6288/5198 5342/6283/5193
f 5494/6421/5322 5418/6203/5115 5445/6267/5177 5499/6422/5323
f 5503/6423/5324 5482/6424/5325 5485/6276/5186 5520/6275/5185
f 5512/6306/5216 5492/6305/5215 5495/6371/5279 5518/6370/5278
f 5514/6388/5296 5487/6425/5295 5481/6426/5326 5505/6427/5327
f 5486/6428/5328 5417/6210/5122 5414/6209/5121 5480/6383/5291
f 5499/6422/5323 5445/6267/5177 5420/6270/5180 5496/6429/5329
f 5461/6214/5124 5501/6430/5330 5496/6429/5329 5420/6270/5180
f 5483/6382/5290 5413/6202/5114 5419/6201/5113 5484/6431/5331
f 5484/6431/5331 5419/6201/5113 5415/6271/5181 5489/6432/5332
f 5493/6433/5333 5416/6204/5116 5418/6203/5115 5494/6421/5322
f 5421/6376/5284 5490/6434/5334 5489/6432/5332 5415/6271/5181
f 5527/6390/5298 5511/6374/5282 5267/6195/5107 5294/6273/5183
f 5436/6435/5335 5446/6268/5178 5428/6206/5118 5270/6436/5336
f 5268/6437/5337 5426/6205/5117 5430/6375/5283 5340/6438/5338
f 5262/6439/5339 5423/6199/5111 5424/6208/5120 5266/6440/5340
f 5270/6436/5336 5428/6206/5118 5426/6205/5117 5268/6437/5337
f 5452/6441/5341 5462/6211/5123 5429/6269/5179 5297/6442/5342
f 5296/6443/5343 5422/6200/5112 5423/6199/5111 5262/6439/5339
f 5264/6444/5344 5340/6438/5338 5430/6375/5283 5427/6272/5182
f 5266/6440/5340 5424/6208/5120 5425/6207/5119 5269/6445/5345
f 5264/6444/5344 5427/6272/5182 5422/6200/5112 5296/6443/5343
f 5424/6208/5120 5423/6199/5111 5413/6202/5114 5414/6209/5121
f 5297/6442/5342 5429/6269/5179 5446/6268/5178 5436/6435/5335
f 5501/6430/5330 5461/6214/5124 5417/6213/5122 5486/6446/5328
f 5343/6396/5304 5409/6292/5202 5444/6293/5203 5442/6393/5301
f 5323/6352/5261 5394/6410/5312 5443/6411/5313 5439/6359/5268
f 5282/6224/5134 5343/6396/5304 5442/6393/5301 5432/6227/5137
f 5529/6373/5281 5498/6372/5280 5497/6378/5286 5524/6377/5285
f 5533/6447/5346 5447/6262/5172 5277/6265/5175 5523/6448/5347
f 5290/6264/5174 5333/6225/5135 5441/6226/5136 5434/6260/5170
f 5318/6343/5252 5324/6353/5262 5440/6358/5267 5438/6345/5254
f 5324/6353/5262 5323/6352/5261 5439/6359/5268 5440/6358/5267
f 5287/6244/5154 5318/6343/5252 5438/6345/5254 5433/6247/5157
f 5300/6291/5201 5311/6245/5155 5437/6246/5156 5435/6294/5204
f 5409/6292/5202 5300/6291/5201 5435/6294/5204 5444/6293/5203
f 5418/6203/5115 5428/6206/5118 5446/6268/5178 5445/6267/5177
f 5277/6265/5175 5290/6264/5174 5434/6260/5170 5431/6259/5169
f 5311/6245/5155 5287/6244/5154 5433/6247/5157 5437/6246/5156
f 5333/6225/5135 5282/6224/5134 5432/6227/5137 5441/6226/5136
f 5269/6449/5345 5425/6212/5119 5462/6211/5123 5452/6441/5341
f 5344/6392/5300 5405/6298/5208 5460/6289/5199 5458/6395/5303
f 5319/6356/5265 5390/6403/5306 5459/6409/5311 5455/6351/5260
f 5278/6237/5147 5344/6392/5300 5458/6395/5303 5448/6223/5133
f 5271/6321/5231 5275/6255/5165 5273/6258/5168 5515/6450/5348
f 5291/6257/5167 5329/6238/5148 5457/6222/5132 5450/6263/5173
f 5314/6344/5253 5325/6357/5266 5456/6350/5259 5454/6342/5251
f 5325/6357/5266 5319/6356/5265 5455/6351/5260 5456/6350/5259
f 5283/6253/5163 5314/6344/5253 5454/6342/5251 5449/6243/5153
f 5298/6297/5207 5310/6254/5164 5453/6242/5152 5451/6290/5200
f 5405/6298/5208 5298/6297/5207 5451/6290/5200 5460/6289/5199
f 5273/6258/5168 5291/6257/5167 5450/6263/5173 5447/6262/5172
f 5310/6254/5164 5283/6253/5163 5449/6243/5153 5453/6242/5152
f 5329/6238/5148 5278/6237/5147 5448/6223/5133 5457/6222/5132
f 5429/6269/5179 5462/6211/5123 5461/6214/5124 5420/6270/5180
f 5389/6229/5139 5470/6451/5071 5479/6154/5070 5412/6299/5209
f 5382/6369/5277 5404/6417/5319 5478/6452/5072 5476/6401/5022
f 5379/6228/5138 5466/6453/5073 5470/6451/5071 5389/6229/5139
f 5381/6332/5241 5469/6454/5075 5465/6455/5074 5387/6339/5248
f 5376/6300/5210 5471/6161/5077 5467/6456/5076 5383/6341/5250
f 5412/6299/5209 5479/6154/5070 5471/6161/5077 5376/6300/5210
f 5378/6320/5230 5464/6457/5078 5469/6454/5075 5381/6332/5241
f 5383/6341/5250 5467/6456/5076 5468/6098/5018 5380/6248/5158
f 5387/6339/5248 5465/6455/5074 5466/6453/5073 5379/6228/5138
f 5377/6319/5229 5463/6163/5079 5464/6457/5078 5378/6320/5230
f 5265/6458/5349 5271/6459/5231 5515/6450/5348 5506/6460/5350
f 5523/6448/5347 5277/6265/5175 5431/6259/5169 5530/6381/5289
f 5263/6192/5104 5265/6458/5349 5506/6460/5350 5502/6193/5105
f 5515/6450/5348 5273/6258/5168 5447/6262/5172 5533/6447/5346
f 5501/6430/5330 5500/6379/5287 5497/6378/5286 5496/6429/5329
f 5499/6422/5323 5498/6372/5280 5495/6371/5279 5494/6421/5322
f 5481/6426/5326 5480/6383/5291 5483/6382/5290 5482/6424/5325
f 5493/6433/5333 5492/6305/5215 5491/6304/5214 5490/6434/5334
f 5480/6383/5291 5481/6426/5326 5487/6425/5295 5486/6428/5328
f 5489/6432/5332 5488/6277/5187 5485/6276/5186 5484/6431/5331
f 5490/6434/5334 5491/6304/5214 5488/6277/5187 5489/6432/5332
f 5486/6446/5328 5487/6387/5295 5500/6379/5287 5501/6430/5330
f 5496/6429/5329 5497/6378/5286 5498/6372/5280 5499/6422/5323
f 5494/6421/5322 5495/6371/5279 5492/6305/5215 5493/6433/5333
f 5484/6431/5331 5485/6276/5186 5482/6424/5325 5483/6382/5290
f 5490/6434/5334 5421/6376/5284 5416/6204/5116 5493/6433/5333
f 5506/6460/5350 5507/6461/5351 5504/6462/5352 5502/6193/5105
f 5507/6461/5351 5505/6427/5327 5503/6423/5324 5504/6462/5352
f 5527/6390/5298 5528/6463/5353 5513/6464/5354 5511/6374/5282
f 5528/6463/5353 5526/6303/5213 5512/6306/5216 5513/6464/5354
f 5515/6450/5348 5516/6465/5355 5507/6461/5351 5506/6460/5350
f 5516/6465/5355 5514/6388/5296 5505/6427/5327 5507/6461/5351
f 5511/6374/5282 5513/6464/5354 5519/6466/5356 5517/6215/5125
f 5513/6464/5354 5512/6306/5216 5518/6370/5278 5519/6466/5356
f 5521/6194/5106 5522/6467/5357 5510/6468/5358 5508/6389/5297
f 5522/6467/5357 5520/6275/5185 5509/6278/5188 5510/6468/5358
f 5502/6193/5105 5504/6462/5352 5522/6467/5357 5521/6194/5106
f 5504/6462/5352 5503/6423/5324 5520/6275/5185 5522/6467/5357
f 5533/6447/5346 5534/6469/5359 5516/6465/5355 5515/6450/5348
f 5534/6469/5359 5532/6380/5288 5514/6388/5296 5516/6465/5355
f 5530/6381/5289 5531/6470/5360 5525/6471/5361 5523/6448/5347
f 5531/6470/5360 5529/6373/5281 5524/6377/5285 5525/6471/5361
f 5508/6389/5297 5510/6468/5358 5528/6463/5353 5527/6390/5298
f 5510/6468/5358 5509/6278/5188 5526/6303/5213 5528/6463/5353
f 5517/6215/5125 5519/6466/5356 5531/6470/5360 5530/6381/5289
f 5519/6466/5356 5518/6370/5278 5529/6373/5281 5531/6470/5360
f 5523/6448/5347 5525/6471/5361 5534/6469/5359 5533/6447/5346
f 5525/6471/5361 5524/6377/5285 5532/6380/5288 5534/6469/5359
f 5481/6426/5326 5482/6424/5325 5503/6423/5324 5505/6427/5327
f 5553/6178/5093 5551/6329/5238 5388/6328/5237 5475/6400/5021
f 5563/6179/5094 5557/6472/5362 5358/6274/5184 5359/6078/4999
f 5540/6318/5228 5336/6317/5227 5339/6386/5294 5541/6473/5363
f 5536/6474/5364 5334/6312/5222 5335/6315/5225 5537/6316/5226
f 5093/6095/5015 5373/6337/5246 5550/6475/5365 5548/6183/5098
f 5560/6331/5240 5543/6330/5239 5546/6476/5243 5561/6477/5242
f 5544/6478/5366 5337/6307/5217 5338/6310/5220 5545/6479/5236
f 5541/6473/5363 5339/6386/5294 5337/6307/5217 5544/6478/5366
f 5557/6472/5362 5549/6480/5367 5535/6365/5274 5555/6364/5273
f 5553/6178/5093 5554/6093/5013 5552/6335/5244 5551/6329/5238
f 5547/6190/5102 5548/6183/5098 5550/6475/5365 5549/6480/5367
f 5540/6318/5228 5539/6323/5233 5538/6366/5275 5537/6316/5226
f 5536/6474/5364 5535/6365/5274 5549/6480/5367 5550/6475/5365
f 5551/6329/5238 5552/6335/5244 5546/6334/5243 5545/6326/5236
f 5544/6478/5366 5543/6330/5239 5542/6324/5234 5541/6473/5363
f 5545/6479/5236 5546/6476/5243 5543/6330/5239 5544/6478/5366
f 5541/6473/5363 5542/6324/5234 5539/6323/5233 5540/6318/5228
f 5537/6316/5226 5538/6366/5275 5535/6365/5274 5536/6474/5364
f 5550/6475/5365 5373/6337/5246 5334/6312/5222 5536/6474/5364
f 5358/6274/5184 5557/6472/5362 5555/6364/5273 5294/6273/5183
f 5265/6458/5349 5560/6331/5240 5561/6477/5242 5271/6459/5231
f 5547/6190/5102 5549/6480/5367 5557/6472/5362 5563/6179/5094
f 5463/6163/5079 5377/6319/5229 5562/6336/5245 5564/6397/5012
f 5293/6391/5299 5556/6367/5276 5558/6322/5232 5295/6191/5103
f 5294/6273/5183 5555/6364/5273 5556/6367/5276 5293/6391/5299
f 5271/6321/5231 5561/6333/5242 5562/6336/5245 5377/6319/5229
f 5263/6192/5104 5559/6325/5235 5560/6331/5240 5265/6458/5349
f 5295/6191/5103 5558/6322/5232 5559/6325/5235 5263/6192/5104
f 5622/6481/5368 5573/6482/5369 5572/6483/5370 5621/6484/5371
f 5620/6485/5372 5571/6486/5373 5570/6487/5374 5565/6488/5375
f 5619/6489/5376 5569/6490/5377 5568/6491/5378 5618/6492/5379
f 5617/6493/5380 5567/6494/5381 5566/6495/5382
f 5581/6496/5383 5573/6482/5369 5622/6481/5368
f 5621/6484/5371 5572/6483/5370 5571/6486/5373 5620/6485/5372
f 5565/6488/5375 5570/6487/5374 5569/6490/5377 5619/6489/5376
f 5618/6492/5379 5568/6491/5378 5567/6494/5381 5617/6493/5380
f 5581/6496/5383 5580/6497/5384 5573/6482/5369
f 5572/6483/5370 5579/6498/5385 5578/6499/5386 5571/6486/5373
f 5570/6487/5374 5577/6500/5387 5576/6501/5388 5569/6490/5377
f 5568/6491/5378 5575/6502/5389 5574/6503/5390 5567/6494/5381
f 5573/6482/5369 5580/6497/5384 5579/6498/5385 5572/6483/5370
f 5571/6486/5373 5578/6499/5386 5577/6500/5387 5570/6487/5374
f 5569/6490/5377 5576/6501/5388 5575/6502/5389 5568/6491/5378
f 5567/6494/5381 5574/6503/5390 5566/6495/5382
f 5577/6504/5387 5585/6505/5391 5584/6506/5392 5576/6507/5388
f 5575/6508/5389 5583/6509/5393 5582/6510/5394 5574/6511/5390
f 5580/6512/5384 5588/6513/5395 5587/6514/5396 5579/6515/5385
f 5578/6516/5386 5586/6517/5397 5585/6505/5391 5577/6504/5387
f 5576/6507/5388 5584/6506/5392 5583/6509/5393 5575/6508/5389
f 5574/6511/5390 5582/6510/5394 5566/6518/5382
f 5581/6519/5383 5588/6513/5395 5580/6512/5384
f 5579/6515/5385 5587/6514/5396 5586/6517/5397 5578/6516/5386
f 5588/6513/5395 5595/6520/5398 5594/6521/5399 5587/6514/5396
f 5586/6517/5397 5593/6522/5400 5592/6523/5401 5585/6505/5391
f 5584/6506/5392 5591/6524/5402 5590/6525/5403 5583/6509/5393
f 5582/6510/5394 5589/6526/5404 5566/6518/5382
f 5581/6519/5383 5595/6520/5398 5588/6513/5395
f 5587/6514/5396 5594/6521/5399 5593/6522/5400 5586/6517/5397
f 5585/6505/5391 5592/6523/5401 5591/6524/5402 5584/6506/5392
f 5583/6509/5393 5590/6525/5403 5589/6526/5404 5582/6510/5394
f 5591/6524/5402 5598/6527/5405 5597/6528/5406 5590/6525/5403
f 5589/6526/5404 5596/6529/5407 5566/6518/5382
f 5581/6519/5383 5602/6530/5408 5595/6520/5398
f 5594/6521/5399 5601/6531/5409 5600/6532/5410 5593/6522/5400
f 5592/6523/5401 5599/6533/5411 5598/6527/5405 5591/6524/5402
f 5590/6525/5403 5597/6528/5406 5596/6529/5407 5589/6526/5404
f 5595/6520/5398 5602/6530/5408 5601/6531/5409 5594/6521/5399
f 5593/6522/5400 5600/6532/5410 5599/6533/5411 5592/6523/5401
f 5581/6519/5383 5609/6534/5412 5602/6530/5408
f 5601/6531/5409 5608/6535/5413 5607/6536/5414 5600/6532/5410
f 5599/6533/5411 5606/6537/5415 5605/6538/5416 5598/6527/5405
f 5597/6528/5406 5604/6539/5417 5603/6540/5418 5596/6529/5407
f 5602/6530/5408 5609/6534/5412 5608/6535/5413 5601/6531/5409
f 5600/6532/5410 5607/6536/5414 5606/6537/5415 5599/6533/5411
f 5598/6527/5405 5605/6538/5416 5604/6539/5417 5597/6528/5406
f 5596/6529/5407 5603/6540/5418 5566/6518/5382
f 5604/6541/5417 5611/6542/5419 5610/6543/5420 5603/6544/5418
f 5609/6545/5412 5616/6546/5421 5615/6547/5422 5608/6548/5413
f 5607/6549/5414 5614/6550/5423 5613/6551/5424 5606/6552/5415
f 5605/6553/5416 5612/6554/5425 5611/6542/5419 5604/6541/5417
f 5603/6544/5418 5610/6543/5420 5566/6495/5382
f 5581/6496/5383 5616/6546/5421 5609/6545/5412
f 5608/6548/5413 5615/6547/5422 5614/6550/5423 5607/6549/5414
f 5606/6552/5415 5613/6551/5424 5612/6554/5425 5605/6553/5416
f 5616/6546/5421 5622/6481/5368 5621/6484/5371 5615/6547/5422
f 5614/6550/5423 5620/6485/5372 5565/6488/5375 5613/6551/5424
f 5612/6554/5425 5619/6489/5376 5618/6492/5379 5611/6542/5419
f 5610/6543/5420 5617/6493/5380 5566/6495/5382
f 5581/6496/5383 5622/6481/5368 5616/6546/5421
f 5615/6547/5422 5621/6484/5371 5620/6485/5372 5614/6550/5423
f 5613/6551/5424 5565/6488/5375 5619/6489/5376 5612/6554/5425
f 5611/6542/5419 5618/6492/5379 5617/6493/5380 5610/6543/5420
f 5680/6555/5426 5631/6556/5427 5630/6557/5428 5679/6558/5429
f 5678/6559/5430 5629/6560/5431 5628/6561/5432 5623/6562/5433
f 5677/6563/5434 5627/6564/5435 5626/6565/5436 5676/6566/5437
f 5675/6567/5438 5625/6568/5439 5624/6569/5440
f 5639/6570/5441 5631/6556/5427 5680/6555/5426
f 5679/6558/5429 5630/6557/5428 5629/6560/5431 5678/6559/5430
f 5623/6562/5433 5628/6561/5432 5627/6564/5435 5677/6563/5434
f 5676/6566/5437 5626/6565/5436 5625/6568/5439 5675/6567/5438
f 5639/6570/5441 5638/6571/5442 5631/6556/5427
f 5630/6557/5428 5637/6572/5443 5636/6573/5444 5629/6560/5431
f 5628/6561/5432 5635/6574/5387 5634/6575/5445 5627/6564/5435
f 5626/6565/5436 5633/6576/5446 5632/6577/5447 5625/6568/5439
f 5631/6556/5427 5638/6571/5442 5637/6572/5443 5630/6557/5428
f 5629/6560/5431 5636/6573/5444 5635/6574/5387 5628/6561/5432
f 5627/6564/5435 5634/6575/5445 5633/6576/5446 5626/6565/5436
f 5625/6568/5439 5632/6577/5447 5624/6569/5440
f 5635/6578/5387 5643/6579/5448 5642/6580/5449 5634/6581/5445
f 5633/6582/5446 5641/6583/5450 5640/6584/5451 5632/6585/5447
f 5638/6586/5442 5646/6587/5452 5645/6588/5453 5637/6589/5443
f 5636/6590/5444 5644/6591/5454 5643/6579/5448 5635/6578/5387
f 5634/6581/5445 5642/6580/5449 5641/6583/5450 5633/6582/5446
f 5632/6585/5447 5640/6584/5451 5624/6592/5440
f 5639/6593/5441 5646/6587/5452 5638/6586/5442
f 5637/6589/5443 5645/6588/5453 5644/6591/5454 5636/6590/5444
f 5646/6587/5452 5653/6594/5455 5652/6595/5456 5645/6588/5453
f 5644/6591/5454 5651/6596/5457 5650/6597/5458 5643/6579/5448
f 5642/6580/5449 5649/6598/5459 5648/6599/5460 5641/6583/5450
f 5640/6584/5451 5647/6600/5461 5624/6592/5440
f 5639/6593/5441 5653/6594/5455 5646/6587/5452
f 5645/6588/5453 5652/6595/5456 5651/6596/5457 5644/6591/5454
f 5643/6579/5448 5650/6597/5458 5649/6598/5459 5642/6580/5449
f 5641/6583/5450 5648/6599/5460 5647/6600/5461 5640/6584/5451
f 5649/6598/5459 5656/6601/5462 5655/6602/5463 5648/6599/5460
f 5647/6600/5461 5654/6603/5464 5624/6592/5440
f 5639/6593/5441 5660/6604/5465 5653/6594/5455
f 5652/6595/5456 5659/6605/5466 5658/6606/5467 5651/6596/5457
f 5650/6597/5458 5657/6607/5468 5656/6601/5462 5649/6598/5459
f 5648/6599/5460 5655/6602/5463 5654/6603/5464 5647/6600/5461
f 5653/6594/5455 5660/6604/5465 5659/6605/5466 5652/6595/5456
f 5651/6596/5457 5658/6606/5467 5657/6607/5468 5650/6597/5458
f 5639/6593/5441 5667/6608/5469 5660/6604/5465
f 5659/6605/5466 5666/6609/5470 5665/6610/5471 5658/6606/5467
f 5657/6607/5468 5664/6611/5415 5663/6612/5472 5656/6601/5462
f 5655/6602/5463 5662/6613/5473 5661/6614/5474 5654/6603/5464
f 5660/6604/5465 5667/6608/5469 5666/6609/5470 5659/6605/5466
f 5658/6606/5467 5665/6610/5471 5664/6611/5415 5657/6607/5468
f 5656/6601/5462 5663/6612/5472 5662/6613/5473 5655/6602/5463
f 5654/6603/5464 5661/6614/5474 5624/6592/5440
f 5662/6615/5473 5669/6616/5475 5668/6617/5476 5661/6618/5474
f 5667/6619/5469 5674/6620/5477 5673/6621/5478 5666/6622/5470
f 5665/6623/5471 5672/6624/5479 5671/6625/5480 5664/6626/5415
f 5663/6627/5472 5670/6628/5481 5669/6616/5475 5662/6615/5473
f 5661/6618/5474 5668/6617/5476 5624/6569/5440
f 5639/6570/5441 5674/6620/5477 5667/6619/5469
f 5666/6622/5470 5673/6621/5478 5672/6624/5479 5665/6623/5471
f 5664/6626/5415 5671/6625/5480 5670/6628/5481 5663/6627/5472
f 5674/6620/5477 5680/6555/5426 5679/6558/5429 5673/6621/5478
f 5672/6624/5479 5678/6559/5430 5623/6562/5433 5671/6625/5480
f 5670/6628/5481 5677/6563/5434 5676/6566/5437 5669/6616/5475
f 5668/6617/5476 5675/6567/5438 5624/6569/5440
f 5639/6570/5441 5680/6555/5426 5674/6620/5477
f 5673/6621/5478 5679/6558/5429 5678/6559/5430 5672/6624/5479
f 5671/6625/5480 5623/6562/5433 5677/6563/5434 5670/6628/5481
f 5669/6616/5475 5676/6566/5437 5675/6567/5438 5668/6617/5476
f 5738/6629/5482 5689/6630/5483 5688/6631/5484 5737/6632/5485
f 5736/6633/5486 5687/6634/5487 5686/6635/5488 5681/6636/5489
f 5735/6637/5490 5685/6638/5491 5684/6639/5492 5734/6640/5493
f 5733/6641/5494 5683/6642/5495 5682/6643/5496
f 5697/6644/5497 5689/6630/5483 5738/6629/5482
f 5737/6632/5485 5688/6631/5484 5687/6634/5487 5736/6633/5486
f 5681/6636/5489 5686/6635/5488 5685/6638/5491 5735/6637/5490
f 5734/6640/5493 5684/6639/5492 5683/6642/5495 5733/6641/5494
f 5697/6644/5497 5696/6645/5498 5689/6630/5483
f 5688/6631/5484 5695/6646/5499 5694/6647/5500 5687/6634/5487
f 5686/6635/5488 5693/6648/5387 5692/6649/5501 5685/6638/5491
f 5684/6639/5492 5691/6650/5502 5690/6651/5503 5683/6642/5495
f 5689/6630/5483 5696/6645/5498 5695/6646/5499 5688/6631/5484
f 5687/6634/5487 5694/6647/5500 5693/6648/5387 5686/6635/5488
f 5685/6638/5491 5692/6649/5501 5691/6650/5502 5684/6639/5492
f 5683/6642/5495 5690/6651/5503 5682/6643/5496
f 5693/6652/5387 5701/6653/5504 5700/6654/5505 5692/6655/5501
f 5691/6656/5502 5699/6657/5506 5698/6658/5507 5690/6659/5503
f 5696/6660/5498 5704/6661/5508 5703/6662/5509 5695/6663/5499
f 5694/6664/5500 5702/6665/5510 5701/6653/5504 5693/6652/5387
f 5692/6655/5501 5700/6654/5505 5699/6657/5506 5691/6656/5502
f 5690/6659/5503 5698/6658/5507 5682/6666/5496
f 5697/6667/5497 5704/6661/5508 5696/6660/5498
f 5695/6663/5499 5703/6662/5509 5702/6665/5510 5694/6664/5500
f 5704/6661/5508 5711/6668/5511 5710/6669/5512 5703/6662/5509
f 5702/6665/5510 5709/6670/5513 5708/6671/5514 5701/6653/5504
f 5700/6654/5505 5707/6672/5515 5706/6673/5516 5699/6657/5506
f 5698/6658/5507 5705/6674/5517 5682/6666/5496
f 5697/6667/5497 5711/6668/5511 5704/6661/5508
f 5703/6662/5509 5710/6669/5512 5709/6670/5513 5702/6665/5510
f 5701/6653/5504 5708/6671/5514 5707/6672/5515 5700/6654/5505
f 5699/6657/5506 5706/6673/5516 5705/6674/5517 5698/6658/5507
f 5707/6672/5515 5714/6675/5518 5713/6676/5519 5706/6673/5516
f 5705/6674/5517 5712/6677/5520 5682/6666/5496
f 5697/6667/5497 5718/6678/5521 5711/6668/5511
f 5710/6669/5512 5717/6679/5522 5716/6680/5523 5709/6670/5513
f 5708/6671/5514 5715/6681/5524 5714/6675/5518 5707/6672/5515
f 5706/6673/5516 5713/6676/5519 5712/6677/5520 5705/6674/5517
f 5711/6668/5511 5718/6678/5521 5717/6679/5522 5710/6669/5512
f 5709/6670/5513 5716/6680/5523 5715/6681/5524 5708/6671/5514
f 5697/6667/5497 5725/6682/5525 5718/6678/5521
f 5717/6679/5522 5724/6683/5526 5723/6684/5527 5716/6680/5523
f 5715/6681/5524 5722/6685/5415 5721/6686/5528 5714/6675/5518
f 5713/6676/5519 5720/6687/5529 5719/6688/5530 5712/6677/5520
f 5718/6678/5521 5725/6682/5525 5724/6683/5526 5717/6679/5522
f 5716/6680/5523 5723/6684/5527 5722/6685/5415 5715/6681/5524
f 5714/6675/5518 5721/6686/5528 5720/6687/5529 5713/6676/5519
f 5712/6677/5520 5719/6688/5530 5682/6666/5496
f 5720/6689/5529 5727/6690/5531 5726/6691/5532 5719/6692/5530
f 5725/6693/5525 5732/6694/5533 5731/6695/5534 5724/6696/5526
f 5723/6697/5527 5730/6698/5535 5729/6699/5536 5722/6700/5415
f 5721/6701/5528 5728/6702/5537 5727/6690/5531 5720/6689/5529
f 5719/6692/5530 5726/6691/5532 5682/6643/5496
f 5697/6644/5497 5732/6694/5533 5725/6693/5525
f 5724/6696/5526 5731/6695/5534 5730/6698/5535 5723/6697/5527
f 5722/6700/5415 5729/6699/5536 5728/6702/5537 5721/6701/5528
f 5732/6694/5533 5738/6629/5482 5737/6632/5485 5731/6695/5534
f 5730/6698/5535 5736/6633/5486 5681/6636/5489 5729/6699/5536
f 5728/6702/5537 5735/6637/5490 5734/6640/5493 5727/6690/5531
f 5726/6691/5532 5733/6641/5494 5682/6643/5496
f 5697/6644/5497 5738/6629/5482 5732/6694/5533
f 5731/6695/5534 5737/6632/5485 5736/6633/5486 5730/6698/5535
f 5729/6699/5536 5681/6636/5489 5735/6637/5490 5728/6702/5537
f 5727/6690/5531 5734/6640/5493 5733/6641/5494 5726/6691/5532
o underwear_Cube.001
v 0.081163 1.394071 -0.065556
v 0.076896 1.327907 -0.080213
v 0.067503 1.317954 0.142734
v 0.071806 1.275421 -0.081082
v 0.073335 1.271245 0.161898
v 0.097462 1.223957 -0.043742
v 0.110393 1.225619 0.113694
v 0.061963 1.223389 -0.057902
v 0.073987 1.222454 0.137790
v 0.122236 1.219771 0.022035
v 0.055177 1.197912 -0.048498
v 0.065681 1.198721 0.107413
v 0.111077 1.197914 0.020362
v 0.089584 1.197912 -0.031858
v 0.096006 1.197912 0.086863
v 0.080208 1.398660 0.049325
v 0.073944 1.360750 0.096875
v 0.079407 1.415019 -0.000703
v 0.082884 1.178677 0.069826
v 0.072489 1.178677 -0.027566
v 0.096057 1.178677 0.018713
v 0.058778 1.178677 0.094299
v 0.042890 1.178677 -0.044242
v 0.045204 1.183365 -0.045274
v 0.060227 1.183365 0.095947
v 0.098196 1.183366 0.018656
v 0.076328 1.183365 -0.028117
v 0.084994 1.183365 0.071790
v 0.022275 1.289418 0.148412
v 0.026000 1.261718 0.163955
v 0.027495 1.223105 0.138957
v 0.026376 1.203479 0.115422
v 0.023278 1.303612 0.134778
v 0.026762 1.178677 0.105340
v 0.026411 1.184174 0.106405
v 0.020488 1.265553 -0.082498
v 0.018699 1.222812 -0.061365
v 0.017677 1.197914 -0.052859
v 0.015652 1.178677 -0.047700
v 0.015425 1.183365 -0.048300
v 0.122128 1.221290 0.074812
v 0.107980 1.197913 0.058421
v 0.092617 1.178677 0.045571
v 0.094169 1.183365 0.047534
v 0.112244 1.220371 -0.014823
v 0.103019 1.197913 -0.009294
v 0.087692 1.178677 -0.006727
v 0.089773 1.183365 -0.007358
v 0.090607 1.390864 -0.063488
v 0.093280 1.388304 -0.061554
v 0.091710 1.326528 -0.075279
v 0.095627 1.327024 -0.073642
v 0.088407 1.399633 0.047529
v 0.091304 1.399149 0.046613
v 0.095776 1.329829 0.120723
v 0.101490 1.331443 0.116285
v 0.108261 1.275589 -0.070057
v 0.113884 1.283646 -0.069462
v 0.112415 1.284384 0.132873
v 0.117077 1.295290 0.126363
v 0.089800 1.413857 -0.000217
v 0.092973 1.412139 -0.000443
v 0.127174 1.245966 0.022771
v 0.127929 1.251153 0.024033
v 0.089559 1.368249 0.085031
v 0.092426 1.369320 0.084006
v 0.124519 1.257291 0.085576
v 0.124944 1.264133 0.085978
v 0.119632 1.248364 -0.023190
v 0.121458 1.254329 -0.024777
v 0.069652 1.365443 0.092979
v 0.078528 1.398968 0.049466
v 0.024965 1.308712 0.136410
v 0.077575 1.414943 -0.001167
v 0.079251 1.393754 -0.065137
v 0.074502 1.329544 -0.081260
v 0.064791 1.283944 -0.080563
v 0.022253 1.272357 -0.081319
v -0.081162 1.394071 -0.065556
v -0.076895 1.327907 -0.080213
v -0.067502 1.317954 0.142734
v -0.071806 1.275421 -0.081082
v -0.073334 1.271245 0.161898
v -0.097461 1.223957 -0.043742
v -0.110392 1.225619 0.113694
v -0.061962 1.223389 -0.057902
v -0.073986 1.222454 0.137790
v -0.122236 1.219771 0.022035
v -0.055176 1.197912 -0.048498
v -0.065680 1.198721 0.107413
v -0.111077 1.197914 0.020362
v -0.089583 1.197912 -0.031858
v -0.096005 1.197912 0.086863
v -0.080207 1.398660 0.049325
v -0.073943 1.360750 0.096875
v -0.079406 1.415019 -0.000703
v -0.082884 1.178677 0.069826
v -0.072489 1.178677 -0.027566
v -0.096056 1.178677 0.018713
v -0.058777 1.178677 0.094299
v -0.042889 1.178677 -0.044242
v -0.045204 1.183365 -0.045274
v -0.060227 1.183365 0.095947
v -0.098196 1.183366 0.018656
v -0.076328 1.183365 -0.028117
v -0.084993 1.183365 0.071790
v -0.022274 1.289418 0.148412
v 0.000000 1.281490 0.142477
v -0.025999 1.261718 0.163955
v 0.000000 1.259521 0.152706
v -0.027495 1.223105 0.138957
v 0.000000 1.226605 0.129462
v -0.026375 1.203479 0.115422
v 0.000000 1.209595 0.117971
v -0.023277 1.303612 0.134778
v 0.000000 1.292112 0.142321
v -0.026761 1.178677 0.105340
v 0.000000 1.178677 0.108118
v -0.026410 1.184174 0.106405
v 0.000000 1.185696 0.109345
v -0.020487 1.265553 -0.082498
v -0.018698 1.222812 -0.061365
v -0.017676 1.197914 -0.052859
v -0.015651 1.178677 -0.047700
v -0.015424 1.183365 -0.048300
v -0.122127 1.221290 0.074812
v -0.107980 1.197913 0.058421
v -0.092616 1.178677 0.045571
v -0.094168 1.183365 0.047534
v -0.112243 1.220371 -0.014823
v -0.103018 1.197913 -0.009294
v -0.087691 1.178677 -0.006727
v -0.089772 1.183365 -0.007358
v 0.000000 1.264978 -0.082756
v 0.000000 1.222813 -0.061595
v 0.000000 1.178677 -0.047723
v 0.000000 1.197914 -0.053324
v 0.000000 1.183365 -0.048325
v -0.090606 1.390864 -0.063488
v -0.093279 1.388304 -0.061554
v -0.091710 1.326528 -0.075279
v -0.095626 1.327024 -0.073642
v -0.088406 1.399633 0.047529
v -0.091303 1.399149 0.046613
v -0.095775 1.329829 0.120723
v -0.101489 1.331443 0.116285
v -0.108261 1.275589 -0.070057
v -0.113884 1.283646 -0.069462
v -0.112414 1.284384 0.132873
v -0.117077 1.295290 0.126363
v -0.089799 1.413857 -0.000217
v -0.092973 1.412139 -0.000443
v -0.127173 1.245966 0.022771
v -0.127928 1.251153 0.024033
v -0.089559 1.368249 0.085031
v -0.092426 1.369320 0.084006
v -0.124519 1.257291 0.085576
v -0.124944 1.264133 0.085978
v -0.119631 1.248364 -0.023190
v -0.121457 1.254329 -0.024777
v -0.069652 1.365443 0.092979
v -0.078527 1.398968 0.049466
v -0.024964 1.308712 0.136410
v -0.077574 1.414943 -0.001167
v -0.079251 1.393754 -0.065137
v -0.074501 1.329544 -0.081260
v -0.064791 1.283944 -0.080563
v -0.022252 1.272357 -0.081319
v 0.000000 1.296788 0.139302
v 0.000000 1.271585 -0.081616
v 0.079250 1.387418 -0.058340
v 0.074853 1.327103 -0.070457
v 0.067002 1.312093 0.134647
v 0.070001 1.277400 -0.071448
v 0.070528 1.271300 0.152301
v 0.091446 1.228419 -0.037116
v 0.103156 1.230223 0.108553
v 0.059780 1.227658 -0.049126
v 0.071000 1.228431 0.130351
v 0.112844 1.223078 0.022951
v 0.052571 1.202087 -0.039793
v 0.063070 1.205895 0.100954
v 0.102915 1.203627 0.021219
v 0.083709 1.203229 -0.025758
v 0.090446 1.205138 0.082755
v 0.079214 1.389993 0.044437
v 0.071794 1.354568 0.089315
v 0.078797 1.405039 -0.000856
v 0.075463 1.183423 0.065094
v 0.066959 1.183325 -0.020652
v 0.086962 1.182744 0.019565
v 0.054127 1.182504 0.086317
v 0.040429 1.181585 -0.034996
v 0.042558 1.186978 -0.036333
v 0.056276 1.188677 0.088453
v 0.089957 1.188973 0.019471
v 0.070708 1.188755 -0.021845
v 0.078592 1.189693 0.067434
v 0.024583 1.284561 0.139981
v 0.027852 1.262451 0.154156
v 0.028570 1.229413 0.131273
v 0.026296 1.209503 0.107442
v 0.023891 1.299020 0.125917
v 0.024709 1.180983 0.095829
v 0.024888 1.187614 0.097139
v 0.020146 1.267226 -0.072646
v 0.018140 1.226683 -0.052162
v 0.017087 1.201106 -0.043401
v 0.015070 1.180299 -0.037850
v 0.014874 1.185708 -0.038594
v 0.113051 1.225063 0.072974
v 0.100499 1.204355 0.056834
v 0.083770 1.182857 0.043508
v 0.086335 1.189263 0.045576
v 0.103581 1.224073 -0.011469
v 0.095299 1.203371 -0.006036
v 0.079774 1.183344 -0.002787
v 0.082351 1.189064 -0.003832
v 0.086108 1.385001 -0.056751
v 0.087165 1.383609 -0.055186
v 0.088342 1.325732 -0.065897
v 0.091883 1.326223 -0.064404
v 0.086938 1.390909 0.042867
v 0.088569 1.390574 0.042257
v 0.092431 1.324341 0.113063
v 0.098336 1.325873 0.108603
v 0.102940 1.278728 -0.062194
v 0.109045 1.285539 -0.060918
v 0.105091 1.284135 0.126069
v 0.110221 1.293357 0.119345
v 0.086559 1.404397 -0.000282
v 0.087692 1.403649 -0.000252
v 0.117369 1.247782 0.023512
v 0.118056 1.252721 0.024281
v 0.087924 1.360947 0.078397
v 0.090696 1.361978 0.077440
v 0.114802 1.258616 0.083624
v 0.115308 1.265538 0.083704
v 0.110695 1.251577 -0.020059
v 0.112835 1.258066 -0.021360
v 0.066735 1.359264 0.085678
v 0.077122 1.390317 0.044651
v 0.021749 1.306198 0.127282
v 0.077996 1.404966 -0.000649
v 0.078621 1.387024 -0.057768
v 0.073035 1.328244 -0.071455
v 0.064537 1.283459 -0.070578
v 0.022238 1.271033 -0.071407
v -0.079249 1.387418 -0.058340
v -0.074853 1.327103 -0.070457
v -0.067001 1.312093 0.134647
v -0.070001 1.277400 -0.071448
v -0.070527 1.271300 0.152301
v -0.091445 1.228419 -0.037116
v -0.103155 1.230223 0.108553
v -0.059779 1.227658 -0.049126
v -0.070999 1.228431 0.130351
v -0.112843 1.223078 0.022951
v -0.052570 1.202087 -0.039793
v -0.063069 1.205895 0.100954
v -0.102914 1.203627 0.021219
v -0.083708 1.203229 -0.025758
v -0.090445 1.205138 0.082755
v -0.079213 1.389993 0.044437
v -0.071794 1.354568 0.089315
v -0.078796 1.405039 -0.000856
v -0.075462 1.183423 0.065094
v -0.066958 1.183325 -0.020652
v -0.086961 1.182744 0.019565
v -0.054127 1.182504 0.086317
v -0.040428 1.181585 -0.034996
v -0.042557 1.186978 -0.036333
v -0.056275 1.188677 0.088453
v -0.089956 1.188973 0.019471
v -0.070707 1.188755 -0.021845
v -0.078591 1.189693 0.067434
v -0.024582 1.284561 0.139981
v 0.000000 1.276891 0.133598
v -0.027851 1.262451 0.154156
v 0.000000 1.260657 0.142771
v -0.028569 1.229413 0.131273
v 0.000000 1.232926 0.121713
v -0.026296 1.209503 0.107442
v 0.000000 1.215241 0.109718
v -0.023890 1.299020 0.125917
v 0.000000 1.288420 0.133027
v -0.024708 1.180983 0.095829
v 0.000000 1.180450 0.098277
v -0.024888 1.187614 0.097139
v 0.000000 1.188544 0.099759
v -0.020145 1.267226 -0.072646
v -0.018139 1.226683 -0.052162
v -0.017087 1.201106 -0.043401
v -0.015069 1.180299 -0.037850
v -0.014873 1.185708 -0.038594
v -0.113051 1.225063 0.072974
v -0.100498 1.204355 0.056834
v -0.083769 1.182857 0.043508
v -0.086334 1.189263 0.045576
v -0.103581 1.224073 -0.011469
v -0.095298 1.203371 -0.006036
v -0.079773 1.183344 -0.002787
v -0.082350 1.189064 -0.003832
v 0.000000 1.266484 -0.072870
v 0.000000 1.226653 -0.052361
v 0.000000 1.179947 -0.037804
v 0.000000 1.201078 -0.043838
v 0.000000 1.185576 -0.038572
v -0.086108 1.385001 -0.056751
v -0.087164 1.383609 -0.055186
v -0.088341 1.325732 -0.065897
v -0.091882 1.326223 -0.064404
v -0.086937 1.390909 0.042867
v -0.088568 1.390574 0.042257
v -0.092431 1.324341 0.113063
v -0.098335 1.325873 0.108603
v -0.102939 1.278728 -0.062194
v -0.109044 1.285539 -0.060918
v -0.105091 1.284135 0.126069
v -0.110220 1.293357 0.119345
v -0.086559 1.404397 -0.000282
v -0.087691 1.403649 -0.000252
v -0.117368 1.247782 0.023512
v -0.118055 1.252721 0.024281
v -0.087923 1.360947 0.078397
v -0.090696 1.361978 0.077440
v -0.114801 1.258616 0.083624
v -0.115308 1.265538 0.083704
v -0.110695 1.251577 -0.020059
v -0.112834 1.258066 -0.021360
v -0.066735 1.359264 0.085678
v -0.077121 1.390317 0.044651
v -0.021748 1.306198 0.127282
v -0.077996 1.404966 -0.000649
v -0.078620 1.387024 -0.057768
v -0.073034 1.328244 -0.071455
v -0.064536 1.283459 -0.070578
v -0.022237 1.271033 -0.071407
v 0.000000 1.295655 0.129367
v 0.000000 1.269890 -0.071761
v 0.061904 1.031363 0.120805
v 0.111056 1.031363 0.089561
v 0.138273 1.036696 0.016440
v 0.113309 1.049514 -0.062613
v 0.029152 1.049514 -0.095637
v 0.005449 0.883269 0.056375
v 0.003161 0.878129 0.016440
v 0.049388 0.913800 0.117855
v 0.007607 0.894100 -0.054436
v 0.033706 0.921632 -0.117549
v 0.147030 0.932980 -0.095039
v 0.176188 0.921873 0.016440
v 0.127840 0.921873 0.103938
v 0.007525 0.862708 0.067678
v 0.007535 0.849371 -0.024959
v 0.127853 0.848424 -0.048422
v 0.127632 0.862708 0.098139
v 0.049388 0.862708 0.116187
v 0.004703 0.862708 0.016440
v 0.049901 0.846046 -0.067558
v 0.176824 0.863934 0.016440
v 0.031022 0.998623 -0.117615
v 0.134481 1.009075 -0.087427
v 0.157952 0.983752 0.016440
v 0.129059 0.977070 0.093142
v 0.064873 0.977070 0.119862
v 0.008928 0.872989 0.062027
v 0.006074 0.883794 -0.039698
v 0.138081 0.888504 -0.075263
v 0.127736 0.888254 0.101039
v 0.049388 0.888254 0.117021
v 0.005433 0.870419 0.016440
v 0.047854 0.884839 -0.103444
v 0.175215 0.888254 0.016440
v -0.061836 1.031363 0.120805
v -0.110988 1.031363 0.089561
v -0.138204 1.036696 0.016440
v -0.113241 1.049514 -0.062613
v -0.029084 1.049514 -0.095637
v -0.005381 0.883269 0.056375
v -0.003093 0.878129 0.016440
v -0.049320 0.913800 0.117855
v -0.007539 0.894100 -0.054436
v -0.033638 0.921632 -0.117549
v -0.146961 0.932980 -0.095039
v -0.176120 0.921873 0.016440
v -0.127771 0.921873 0.103938
v -0.007457 0.862708 0.067678
v -0.007467 0.849371 -0.024959
v -0.127785 0.848424 -0.048422
v -0.127563 0.862708 0.098139
v -0.049320 0.862708 0.116187
v -0.004635 0.862708 0.016440
v -0.049833 0.846046 -0.067558
v -0.176756 0.863934 0.016440
v -0.030954 0.998623 -0.117615
v -0.134413 1.009075 -0.087427
v -0.157884 0.983752 0.016440
v -0.128991 0.977070 0.093142
v -0.064805 0.977070 0.119862
v -0.008860 0.872989 0.062027
v -0.006006 0.883794 -0.039698
v -0.138013 0.888504 -0.075263
v -0.127667 0.888254 0.101039
v -0.049320 0.888254 0.117021
v -0.005365 0.870419 0.016440
v -0.047786 0.884839 -0.103444
v -0.175147 0.888254 0.016440
v 0.000034 1.031363 0.125364
v 0.000034 1.049514 -0.070976
v 0.000034 0.913800 0.113559
v 0.000034 0.883269 0.059009
v 0.000034 0.878129 0.016440
v 0.000034 0.899719 -0.051990
v 0.000034 0.930010 -0.074222
v 0.000034 1.002025 -0.094768
v 0.000034 0.977070 0.128785
v 0.000034 1.046429 -0.072522
v 0.029274 1.046209 -0.097065
v 0.114684 1.046887 -0.064224
v 0.112225 1.027837 0.089793
v 0.000034 1.027837 0.125586
v 0.139551 1.033257 0.016440
v 0.062097 1.027837 0.120743
v -0.029206 1.046209 -0.097065
v -0.114616 1.046887 -0.064224
v -0.112157 1.027837 0.089793
v -0.139483 1.033257 0.016440
v -0.062029 1.027837 0.120743
v 0.048877 0.870435 -0.085501
v 0.176020 0.876094 0.016440
v 0.008226 0.867849 0.064853
v 0.006805 0.868693 -0.032329
v 0.132967 0.868464 -0.061842
v 0.127684 0.875481 0.099589
v 0.049388 0.875481 0.116604
v 0.005068 0.866564 0.016440
v -0.048809 0.870435 -0.085501
v -0.175952 0.876094 0.016440
v -0.008158 0.867849 0.064853
v -0.006737 0.868693 -0.032329
v -0.132899 0.868464 -0.061842
v -0.127615 0.875481 0.099589
v -0.049320 0.875481 0.116604
v -0.005000 0.866564 0.016440
v 0.058880 1.030623 0.111302
v 0.103761 1.029096 0.083108
v 0.129121 1.032714 0.015820
v 0.106762 1.044393 -0.057052
v 0.031082 1.044918 -0.086968
v 0.010909 0.890738 0.052580
v 0.010672 0.884724 0.016716
v 0.049775 0.915735 0.108051
v 0.014739 0.899586 -0.050073
v 0.036893 0.924284 -0.108449
v 0.140088 0.933510 -0.087860
v 0.166246 0.921560 0.015413
v 0.121873 0.921607 0.095917
v 0.016422 0.861429 0.063297
v 0.016751 0.851433 -0.021672
v 0.122249 0.853165 -0.041631
v 0.121641 0.863106 0.090142
v 0.052674 0.862448 0.106746
v 0.014692 0.862257 0.016433
v 0.052955 0.851409 -0.059690
v 0.167011 0.865855 0.016560
v 0.033358 0.996585 -0.108108
v 0.127753 1.005593 -0.080900
v 0.148444 0.980868 0.015312
v 0.122035 0.975314 0.086245
v 0.062549 0.976930 0.110137
v 0.018263 0.872787 0.058448
v 0.015352 0.886452 -0.037079
v 0.131770 0.892675 -0.068724
v 0.121875 0.888732 0.092951
v 0.053010 0.888374 0.107701
v 0.015413 0.871025 0.016261
v 0.049935 0.890522 -0.095483
v 0.165349 0.889696 0.015684
v -0.058812 1.030623 0.111302
v -0.103693 1.029096 0.083108
v -0.129053 1.032714 0.015820
v -0.106694 1.044393 -0.057052
v -0.031014 1.044918 -0.086968
v -0.010841 0.890738 0.052580
v -0.010604 0.884724 0.016716
v -0.049707 0.915735 0.108051
v -0.014671 0.899586 -0.050073
v -0.036825 0.924284 -0.108449
v -0.140020 0.933510 -0.087860
v -0.166178 0.921560 0.015413
v -0.121805 0.921607 0.095917
v -0.016354 0.861429 0.063297
v -0.016683 0.851433 -0.021672
v -0.122181 0.853165 -0.041631
v -0.121573 0.863106 0.090142
v -0.052606 0.862448 0.106746
v -0.014624 0.862257 0.016433
v -0.052887 0.851409 -0.059690
v -0.166943 0.865854 0.016560
v -0.033290 0.996585 -0.108108
v -0.127684 1.005593 -0.080900
v -0.148376 0.980868 0.015312
v -0.121967 0.975314 0.086245
v -0.062481 0.976930 0.110137
v -0.018195 0.872787 0.058448
v -0.015284 0.886452 -0.037079
v -0.131702 0.892675 -0.068724
v -0.121807 0.888732 0.092951
v -0.052941 0.888374 0.107701
v -0.015345 0.871025 0.016261
v -0.049867 0.890522 -0.095483
v -0.165281 0.889696 0.015684
v 0.000034 1.031115 0.115367
v 0.000034 1.045416 -0.061855
v 0.000034 0.919662 0.105457
v 0.000034 0.892639 0.055518
v 0.000034 0.888108 0.017087
v 0.000034 0.908189 -0.046674
v 0.000034 0.934459 -0.065267
v 0.000034 1.000220 -0.084932
v 0.000034 0.977638 0.118801
v 0.000034 1.042327 -0.063402
v 0.030983 1.041609 -0.088352
v 0.108176 1.041713 -0.058668
v 0.104985 1.025523 0.083295
v 0.000034 1.027584 0.115589
v 0.130395 1.029353 0.015478
v 0.059121 1.027117 0.111224
v -0.030915 1.041609 -0.088352
v -0.108108 1.041713 -0.058668
v -0.104917 1.025523 0.083295
v -0.130327 1.029353 0.015478
v -0.059053 1.027117 0.111224
v 0.051743 0.876590 -0.078159
v 0.166176 0.877813 0.016065
v 0.017510 0.866550 0.061371
v 0.015978 0.871073 -0.029138
v 0.127161 0.873468 -0.055419
v 0.121798 0.875890 0.091515
v 0.052803 0.875240 0.107208
v 0.015053 0.866030 0.016322
v -0.051675 0.876590 -0.078159
v -0.166108 0.877813 0.016065
v -0.017442 0.866550 0.061371
v -0.015910 0.871073 -0.029138
v -0.127093 0.873468 -0.055419
v -0.121730 0.875890 0.091515
v -0.052735 0.875240 0.107208
v -0.014985 0.866030 0.016322
vt 0.205739 0.109902
vt 0.217392 0.118810
vt 0.196881 0.185809
vt 0.179161 0.177986
vt 0.417154 0.086177
vt 0.475548 0.082161
vt 0.478019 0.121701
vt 0.439116 0.128582
vt 0.390981 0.138297
vt 0.449934 0.160631
vt 0.428587 0.175024
vt 0.421316 0.343097
vt 0.393333 0.300182
vt 0.417736 0.286602
vt 0.444273 0.321243
vt 0.416173 0.195862
vt 0.439408 0.198605
vt 0.428331 0.214095
vt 0.393289 0.267493
vt 0.399979 0.235757
vt 0.417559 0.241393
vt 0.415555 0.265257
vt 0.459688 0.186648
vt 0.353330 0.042380
vt 0.468624 0.028747
vt 0.481353 0.156438
vt 0.484314 0.175199
vt 0.485294 0.337636
vt 0.491268 0.296713
vt 0.500625 0.297468
vt 0.500951 0.339013
vt 0.456030 0.247011
vt 0.457686 0.260157
vt 0.450031 0.262065
vt 0.448897 0.246549
vt 0.458521 0.222067
vt 0.463683 0.226222
vt 0.459227 0.234786
vt 0.452549 0.231952
vt 0.489131 0.210923
vt 0.487627 0.204764
vt 0.499494 0.203477
vt 0.499569 0.209603
vt 0.467888 0.466275
vt 0.309246 0.419413
vt 0.480857 0.366390
vt 0.528799 0.289561
vt 0.545685 0.273245
vt 0.583282 0.284620
vt 0.557579 0.319883
vt 0.499046 0.166899
vt 0.374274 0.101389
vt 0.396676 0.178520
vt 0.269084 0.082727
vt 0.262261 0.066733
vt 0.331780 0.077217
vt 0.497283 0.026348
vt 0.497923 0.076976
vt 0.498496 0.122611
vt 0.498854 0.151392
vt 0.471693 0.210838
vt 0.475270 0.215810
vt 0.477039 0.283413
vt 0.492635 0.287902
vt 0.472318 0.290240
vt 0.455035 0.274328
vt 0.461940 0.270137
vt 0.353851 0.264501
vt 0.378787 0.228167
vt 0.286496 0.290661
vt 0.500519 0.288155
vt 0.501216 0.368010
vt 0.502630 0.469577
vt 0.188020 0.267200
vt 0.217499 0.265551
vt 0.214955 0.348443
vt 0.199046 0.186066
vt 0.219489 0.264462
vt 0.372766 0.102820
vt 0.330838 0.080011
vt 0.285625 0.288251
vt 0.389618 0.138661
vt 0.269906 0.085160
vt 0.219016 0.120171
vt 0.351972 0.263426
vt 0.377526 0.227439
vt 0.395872 0.177595
vt 0.497226 0.021687
vt 0.467420 0.024257
vt 0.352085 0.038512
vt 0.212781 0.348826
vt 0.184993 0.266464
vt 0.502668 0.472735
vt 0.467517 0.469234
vt 0.204152 0.108650
vt 0.261035 0.064151
vt 0.309191 0.423531
vt 0.177129 0.177783
vt 0.791131 0.102581
vt 0.819417 0.170087
vt 0.801869 0.178356
vt 0.779685 0.111789
vt 0.578937 0.084126
vt 0.558030 0.127089
vt 0.518947 0.121187
vt 0.520424 0.081595
vt 0.606433 0.135608
vt 0.569720 0.173274
vt 0.548008 0.159407
vt 0.581055 0.341187
vt 0.608017 0.297617
vt 0.582651 0.193813
vt 0.570938 0.212349
vt 0.559479 0.197124
vt 0.607280 0.264918
vt 0.584952 0.263221
vt 0.582374 0.239401
vt 0.599823 0.233333
vt 0.538896 0.185662
vt 0.641719 0.038693
vt 0.526000 0.028050
vt 0.516476 0.155999
vt 0.513981 0.174829
vt 0.501354 0.339011
vt 0.500687 0.297467
vt 0.510023 0.296486
vt 0.516975 0.337255
vt 0.542691 0.259147
vt 0.544028 0.245964
vt 0.551153 0.245326
vt 0.550390 0.260868
vt 0.540537 0.233801
vt 0.535873 0.225336
vt 0.540936 0.221055
vt 0.547151 0.230804
vt 0.511395 0.204466
vt 0.510044 0.210663
vt 0.537349 0.465451
vt 0.522112 0.365891
vt 0.694970 0.414884
vt 0.622232 0.098263
vt 0.601727 0.175989
vt 0.727044 0.076954
vt 0.664153 0.073011
vt 0.733477 0.060772
vt 0.527485 0.210144
vt 0.524030 0.215204
vt 0.508448 0.287716
vt 0.523917 0.282853
vt 0.538682 0.269223
vt 0.646671 0.260969
vt 0.620839 0.225220
vt 0.714719 0.285522
vt 0.500574 0.288154
vt 0.501817 0.368005
vt 0.502686 0.469577
vt 0.812737 0.259623
vt 0.787758 0.341624
vt 0.783183 0.258697
vt 0.781164 0.257655
vt 0.799708 0.178667
vt 0.665166 0.075782
vt 0.623776 0.099657
vt 0.715533 0.283088
vt 0.607806 0.135937
vt 0.778093 0.113192
vt 0.726281 0.079411
vt 0.648525 0.259848
vt 0.602508 0.175043
vt 0.622083 0.224462
vt 0.527092 0.023529
vt 0.642866 0.034790
vt 0.815749 0.258811
vt 0.789944 0.341954
vt 0.537788 0.468402
vt 0.734640 0.058157
vt 0.792689 0.101289
vt 0.695120 0.419003
vt 0.821446 0.169833
vt 0.205739 0.109902
vt 0.179161 0.177986
vt 0.196881 0.185809
vt 0.217392 0.118810
vt 0.417154 0.086177
vt 0.439116 0.128582
vt 0.478019 0.121701
vt 0.475548 0.082161
vt 0.390981 0.138297
vt 0.428587 0.175024
vt 0.449934 0.160631
vt 0.421316 0.343097
vt 0.444273 0.321243
vt 0.417736 0.286602
vt 0.393333 0.300182
vt 0.416173 0.195862
vt 0.428331 0.214095
vt 0.439408 0.198605
vt 0.393289 0.267493
vt 0.415555 0.265257
vt 0.417559 0.241393
vt 0.399979 0.235757
vt 0.459688 0.186648
vt 0.353330 0.042380
vt 0.468624 0.028747
vt 0.481353 0.156438
vt 0.484314 0.175199
vt 0.485294 0.337636
vt 0.500951 0.339013
vt 0.500625 0.297468
vt 0.491268 0.296713
vt 0.456030 0.247011
vt 0.448897 0.246549
vt 0.450031 0.262065
vt 0.457686 0.260157
vt 0.458521 0.222067
vt 0.452549 0.231952
vt 0.459227 0.234786
vt 0.463683 0.226222
vt 0.489131 0.210923
vt 0.499569 0.209603
vt 0.499494 0.203477
vt 0.487627 0.204764
vt 0.467888 0.466275
vt 0.480857 0.366390
vt 0.309246 0.419413
vt 0.528799 0.289561
vt 0.557579 0.319883
vt 0.583282 0.284620
vt 0.545685 0.273245
vt 0.499046 0.166899
vt 0.374274 0.101389
vt 0.396676 0.178520
vt 0.269084 0.082727
vt 0.331780 0.077217
vt 0.262261 0.066733
vt 0.497923 0.076976
vt 0.497283 0.026348
vt 0.498496 0.122611
vt 0.498854 0.151392
vt 0.471693 0.210838
vt 0.475270 0.215810
vt 0.477039 0.283413
vt 0.472318 0.290240
vt 0.492635 0.287902
vt 0.455035 0.274328
vt 0.461940 0.270137
vt 0.353851 0.264501
vt 0.378787 0.228167
vt 0.286496 0.290661
vt 0.500519 0.288155
vt 0.501216 0.368010
vt 0.502630 0.469577
vt 0.188020 0.267200
vt 0.214955 0.348443
vt 0.217499 0.265551
vt 0.219489 0.264462
vt 0.199046 0.186066
vt 0.330838 0.080011
vt 0.372766 0.102820
vt 0.285625 0.288251
vt 0.389618 0.138661
vt 0.219016 0.120171
vt 0.269906 0.085160
vt 0.351972 0.263426
vt 0.395872 0.177595
vt 0.377526 0.227439
vt 0.497226 0.021687
vt 0.467420 0.024257
vt 0.352085 0.038512
vt 0.184993 0.266464
vt 0.212781 0.348826
vt 0.467517 0.469234
vt 0.502668 0.472735
vt 0.261035 0.064151
vt 0.204152 0.108650
vt 0.309191 0.423531
vt 0.177129 0.177783
vt 0.791131 0.102581
vt 0.779685 0.111789
vt 0.801869 0.178356
vt 0.819417 0.170087
vt 0.578937 0.084126
vt 0.520424 0.081595
vt 0.518947 0.121187
vt 0.558030 0.127089
vt 0.606433 0.135608
vt 0.548008 0.159407
vt 0.569720 0.173274
vt 0.581055 0.341187
vt 0.608017 0.297617
vt 0.582651 0.193813
vt 0.559479 0.197124
vt 0.570938 0.212349
vt 0.607280 0.264918
vt 0.599823 0.233333
vt 0.582374 0.239401
vt 0.584952 0.263221
vt 0.538896 0.185662
vt 0.641719 0.038693
vt 0.526000 0.028050
vt 0.516476 0.155999
vt 0.513981 0.174829
vt 0.501354 0.339011
vt 0.516975 0.337255
vt 0.510023 0.296486
vt 0.500687 0.297467
vt 0.542691 0.259147
vt 0.550390 0.260868
vt 0.551153 0.245326
vt 0.544028 0.245964
vt 0.540537 0.233801
vt 0.547151 0.230804
vt 0.540936 0.221055
vt 0.535873 0.225336
vt 0.510044 0.210663
vt 0.511395 0.204466
vt 0.537349 0.465451
vt 0.694970 0.414884
vt 0.522112 0.365891
vt 0.622232 0.098263
vt 0.601727 0.175989
vt 0.727044 0.076954
vt 0.733477 0.060772
vt 0.664153 0.073011
vt 0.527485 0.210144
vt 0.524030 0.215204
vt 0.523917 0.282853
vt 0.508448 0.287716
vt 0.538682 0.269223
vt 0.646671 0.260969
vt 0.620839 0.225220
vt 0.714719 0.285522
vt 0.500574 0.288154
vt 0.501817 0.368005
vt 0.502686 0.469577
vt 0.812737 0.259623
vt 0.783183 0.258697
vt 0.787758 0.341624
vt 0.799708 0.178667
vt 0.781164 0.257655
vt 0.623776 0.099657
vt 0.665166 0.075782
vt 0.715533 0.283088
vt 0.607806 0.135937
vt 0.726281 0.079411
vt 0.778093 0.113192
vt 0.648525 0.259848
vt 0.622083 0.224462
vt 0.602508 0.175043
vt 0.527092 0.023529
vt 0.642866 0.034790
vt 0.789944 0.341954
vt 0.815749 0.258811
vt 0.537788 0.468402
vt 0.792689 0.101289
vt 0.734640 0.058157
vt 0.695120 0.419003
vt 0.821446 0.169833
vt 0.822524 0.742559
vt 0.766222 0.744570
vt 0.766604 0.740922
vt 0.822539 0.739182
vt 0.529532 0.789419
vt 0.540928 0.847392
vt 0.497222 0.860112
vt 0.495956 0.786032
vt 0.919144 0.944361
vt 0.885185 0.912891
vt 0.896762 0.907498
vt 0.923972 0.939128
vt 0.610559 0.783612
vt 0.614494 0.831687
vt 0.878913 0.738335
vt 0.878619 0.734872
vt 0.900667 0.902717
vt 0.926248 0.937417
vt 0.840426 0.850744
vt 0.884882 0.846973
vt 0.761449 0.793691
vt 0.769948 0.839721
vt 0.692761 0.842320
vt 0.692531 0.791993
vt 0.506943 0.901761
vt 0.497889 0.899190
vt 0.480557 0.966579
vt 0.477658 0.965698
vt 0.692547 0.876573
vt 0.692741 0.886754
vt 0.629693 0.899387
vt 0.624792 0.880514
vt 0.566068 0.915124
vt 0.558435 0.890667
vt 0.880387 0.915954
vt 0.875933 0.918941
vt 0.828855 0.894600
vt 0.832396 0.883921
vt 0.513971 0.932269
vt 0.524167 0.947790
vt 0.765835 0.887329
vt 0.767221 0.876365
vt 0.689909 0.743432
vt 0.610504 0.745958
vt 0.490285 0.972997
vt 0.493946 0.975197
vt 0.823073 0.789668
vt 0.882621 0.786055
vt 0.527344 0.746507
vt 0.692621 0.867318
vt 0.620482 0.863878
vt 0.495148 0.738205
vt 0.506717 0.918854
vt 0.487115 0.970929
vt 0.835248 0.873400
vt 0.768299 0.866219
vt 0.555075 0.873225
vt 0.916786 0.947245
vt 0.168145 0.753813
vt 0.168014 0.750440
vt 0.223958 0.750255
vt 0.224465 0.753887
vt 0.462504 0.790567
vt 0.453107 0.848896
vt 0.078540 0.958743
vt 0.073537 0.953681
vt 0.099637 0.921147
vt 0.111388 0.926137
vt 0.381341 0.787544
vt 0.379057 0.835721
vt 0.111663 0.751530
vt 0.111838 0.748061
vt 0.071205 0.952050
vt 0.095572 0.916503
vt 0.109430 0.860270
vt 0.153974 0.862512
vt 0.230922 0.802800
vt 0.299722 0.798736
vt 0.301218 0.849029
vt 0.224010 0.849080
vt 0.488929 0.902069
vt 0.520376 0.964962
vt 0.517510 0.965942
vt 0.302606 0.883246
vt 0.370439 0.884863
vt 0.366187 0.903888
vt 0.302761 0.893424
vt 0.437093 0.892740
vt 0.430301 0.917440
vt 0.116287 0.929033
vt 0.163135 0.895383
vt 0.167039 0.905931
vt 0.120839 0.931864
vt 0.482948 0.932795
vt 0.473288 0.948653
vt 0.227991 0.885598
vt 0.229752 0.896505
vt 0.300675 0.750125
vt 0.380103 0.749914
vt 0.508007 0.972687
vt 0.504423 0.975010
vt 0.109599 0.799332
vt 0.169214 0.800897
vt 0.463204 0.747586
vt 0.374176 0.868093
vt 0.302215 0.874001
vt 0.511104 0.970513
vt 0.489738 0.919142
vt 0.226566 0.875498
vt 0.159925 0.884970
vt 0.439854 0.875195
vt 0.080995 0.961544
vt 0.300933 0.746663
vt 0.463024 0.744295
vt 0.495037 0.734727
vt 0.380044 0.746811
vt 0.689531 0.739980
vt 0.527411 0.743215
vt 0.495104 0.734726
vt 0.610456 0.742854
vt 0.914370 0.950222
vt 0.083511 0.964435
vt 0.821586 0.727127
vt 0.821986 0.730386
vt 0.766129 0.730308
vt 0.765513 0.726611
vt 0.531373 0.687323
vt 0.494298 0.690814
vt 0.493131 0.622895
vt 0.541299 0.632040
vt 0.925294 0.541546
vt 0.930383 0.553452
vt 0.899914 0.575251
vt 0.885148 0.558676
vt 0.608206 0.690439
vt 0.612498 0.640188
vt 0.877049 0.723324
vt 0.877283 0.726386
vt 0.935810 0.561958
vt 0.906335 0.585178
vt 0.881460 0.630762
vt 0.835283 0.616439
vt 0.758778 0.673324
vt 0.690199 0.676359
vt 0.688290 0.622682
vt 0.766157 0.624244
vt 0.492573 0.590731
vt 0.508098 0.584760
vt 0.465353 0.533987
vt 0.474548 0.528885
vt 0.686545 0.586091
vt 0.619362 0.591362
vt 0.622770 0.571211
vt 0.686338 0.575743
vt 0.555813 0.589034
vt 0.561879 0.562446
vt 0.880611 0.553116
vt 0.827565 0.577242
vt 0.825475 0.565309
vt 0.877610 0.548413
vt 0.513763 0.551281
vt 0.522009 0.533189
vt 0.762875 0.583651
vt 0.761723 0.572319
vt 0.689392 0.728325
vt 0.610079 0.731119
vt 0.488007 0.517059
vt 0.490457 0.514554
vt 0.875518 0.680707
vt 0.819126 0.678075
vt 0.529090 0.731069
vt 0.616113 0.608614
vt 0.686960 0.596194
vt 0.494989 0.728529
vt 0.484668 0.520293
vt 0.508615 0.566735
vt 0.763985 0.594977
vt 0.829422 0.589702
vt 0.553472 0.606261
vt 0.923586 0.537033
vt 0.168552 0.738363
vt 0.224556 0.735919
vt 0.224068 0.739634
vt 0.168264 0.741632
vt 0.457139 0.688603
vt 0.445314 0.633699
vt 0.058560 0.556527
vt 0.099256 0.572259
vt 0.085075 0.589326
vt 0.053885 0.568596
vt 0.380483 0.694363
vt 0.374458 0.644302
vt 0.113010 0.736469
vt 0.112881 0.739536
vt 0.079002 0.599464
vt 0.048756 0.577282
vt 0.151061 0.628250
vt 0.105421 0.644148
vt 0.229452 0.682449
vt 0.220390 0.633669
vt 0.298130 0.629426
vt 0.298074 0.683120
vt 0.476854 0.585304
vt 0.508438 0.528309
vt 0.517802 0.533088
vt 0.298611 0.592809
vt 0.298461 0.582463
vt 0.361810 0.575741
vt 0.365913 0.595755
vt 0.422342 0.564875
vt 0.429324 0.591229
vt 0.103597 0.566548
vt 0.106433 0.561747
vt 0.159099 0.576832
vt 0.157423 0.588826
vt 0.470031 0.552049
vt 0.461164 0.534258
vt 0.223031 0.581641
vt 0.222271 0.593001
vt 0.300671 0.735013
vt 0.380017 0.735073
vt 0.494578 0.516960
vt 0.492044 0.514542
vt 0.169323 0.689271
vt 0.113075 0.693841
vt 0.460932 0.732238
vt 0.298545 0.602917
vt 0.369754 0.612880
vt 0.494934 0.728530
vt 0.475712 0.567311
vt 0.498027 0.520075
vt 0.155996 0.601338
vt 0.221552 0.604355
vt 0.432260 0.608362
vt 0.060111 0.551960
vt 0.300694 0.738404
vt 0.461276 0.735312
vt 0.494970 0.731087
vt 0.380086 0.738452
vt 0.689486 0.731715
vt 0.528852 0.734156
vt 0.610126 0.734499
vt 0.922218 0.533496
vt 0.061356 0.548379
vt 0.630990 0.907068
vt 0.570412 0.922389
vt 0.871687 0.926700
vt 0.826137 0.902657
vt 0.530538 0.954561
vt 0.765511 0.894793
vt 0.693325 0.894476
vt 0.501349 0.982090
vt 0.907503 0.957609
vt 0.426208 0.924848
vt 0.365154 0.911607
vt 0.170030 0.913887
vt 0.125347 0.939471
vt 0.467152 0.955636
vt 0.230332 0.903950
vt 0.302442 0.901160
vt 0.497261 0.982151
vt 0.090625 0.971580
vn 0.0610 0.9980 0.0154
vn 0.3240 0.9460 0.0064
vn 0.4498 0.5863 -0.6737
vn 0.1913 0.6653 -0.7216
vn 0.0501 0.5861 0.8087
vn -0.2308 0.4857 0.8431
vn -0.1852 -0.0733 0.9799
vn 0.2807 -0.0055 0.9597
vn 0.7323 0.0249 0.6805
vn 0.2987 -0.5977 0.7439
vn 0.7237 -0.4604 0.5141
vn 0.2183 -0.4269 -0.8776
vn 0.6016 -0.4462 -0.6625
vn 0.5875 -0.5318 -0.6099
vn 0.2606 -0.4174 -0.8705
vn 0.9077 -0.3774 0.1837
vn 0.5560 -0.7226 0.4108
vn 0.7482 -0.6442 0.1587
vn 0.8663 -0.3702 -0.3354
vn 0.9393 -0.3307 -0.0916
vn 0.8163 -0.5712 -0.0858
vn 0.7720 -0.5458 -0.3258
vn 0.2611 -0.7174 0.6459
vn 0.2150 0.6182 0.7561
vn -0.0613 0.4593 0.8861
vn -0.1075 -0.6308 0.7685
vn 0.0079 -0.6024 0.7981
vn 0.0589 -0.3192 -0.9458
vn 0.0551 -0.2343 -0.9706
vn 0.0000 -0.2211 -0.9752
vn 0.0000 -0.3164 -0.9486
vn 0.4309 -0.9014 -0.0417
vn 0.3231 -0.9327 -0.1601
vn 0.7422 -0.5699 -0.3525
vn 0.8239 -0.5607 -0.0815
vn 0.6402 -0.6328 0.4356
vn 0.3241 -0.9238 0.2037
vn 0.3784 -0.9218 0.0846
vn 0.7834 -0.5898 0.1959
vn 0.1227 -0.8363 0.5344
vn 0.1523 -0.3440 0.9265
vn 0.0000 -0.2848 0.9586
vn 0.0000 -0.8077 0.5896
vn 0.0342 -0.1673 -0.9853
vn 0.1805 -0.1979 -0.9634
vn 0.0558 -0.3871 -0.9203
vn -0.2646 -0.3613 -0.8941
vn -0.5621 -0.5390 -0.6272
vn -0.5875 -0.5318 -0.6099
vn -0.2606 -0.4174 -0.8705
vn 0.0000 -0.5646 0.8253
vn 0.3345 0.5488 0.7661
vn 0.9717 -0.1325 0.1953
vn 0.1469 0.8724 0.4661
vn 0.0994 0.8667 0.4888
vn 0.1635 0.7302 0.6634
vn 0.0000 0.3691 0.9293
vn 0.0000 0.4599 0.8879
vn 0.0000 -0.1136 0.9935
vn 0.0000 -0.6320 0.7749
vn 0.3951 -0.5312 0.7494
vn 0.2342 -0.8820 0.4089
vn 0.1338 -0.8474 -0.5137
vn 0.0453 -0.8066 -0.5893
vn 0.2646 -0.3614 -0.8941
vn 0.5621 -0.5390 -0.6272
vn 0.2445 -0.9152 -0.3204
vn 0.8937 -0.3213 -0.3132
vn 0.9806 -0.1816 -0.0742
vn 0.5321 -0.3139 -0.7863
vn 0.0000 -0.7964 -0.6048
vn 0.0000 -0.3840 -0.9233
vn 0.0000 -0.1506 -0.9886
vn 0.2043 0.0804 -0.9756
vn 0.3369 0.0796 -0.9382
vn 0.9258 0.2182 -0.3087
vn 0.8816 0.1880 -0.4330
vn 0.8196 0.4738 0.3221
vn 0.8004 0.4929 0.3411
vn 0.8649 0.1653 -0.4740
vn 0.8842 0.3848 0.2647
vn 0.8414 0.4811 0.2461
vn 0.9334 0.3583 0.0171
vn 0.9658 0.2280 -0.1232
vn 0.8653 0.4970 -0.0650
vn 0.8910 0.4486 -0.0693
vn 0.0000 0.6557 0.7550
vn -0.1763 0.7132 0.6784
vn -0.3303 0.7636 0.5548
vn -0.3809 0.3995 -0.8338
vn -0.5740 0.2013 -0.7937
vn 0.0000 0.8030 -0.5959
vn -0.1076 0.7608 -0.6400
vn -0.6568 0.7530 -0.0398
vn -0.5369 0.7599 0.3663
vn -0.5242 0.5773 -0.6261
vn -0.0610 0.9980 0.0154
vn -0.1913 0.6653 -0.7216
vn -0.4498 0.5863 -0.6737
vn -0.3240 0.9460 0.0064
vn -0.0501 0.5861 0.8087
vn -0.2807 -0.0055 0.9597
vn 0.1852 -0.0733 0.9799
vn 0.2308 0.4857 0.8431
vn -0.7323 0.0249 0.6805
vn -0.7237 -0.4604 0.5141
vn -0.2987 -0.5977 0.7439
vn -0.2183 -0.4269 -0.8776
vn -0.6016 -0.4462 -0.6625
vn -0.9077 -0.3774 0.1837
vn -0.7482 -0.6442 0.1587
vn -0.5560 -0.7226 0.4108
vn -0.8663 -0.3702 -0.3354
vn -0.7720 -0.5458 -0.3258
vn -0.8163 -0.5712 -0.0858
vn -0.9393 -0.3307 -0.0916
vn -0.2611 -0.7174 0.6459
vn -0.2150 0.6182 0.7561
vn 0.0613 0.4593 0.8861
vn 0.1075 -0.6308 0.7685
vn -0.0079 -0.6024 0.7981
vn -0.0551 -0.2343 -0.9706
vn -0.0589 -0.3192 -0.9458
vn -0.3231 -0.9327 -0.1601
vn -0.4309 -0.9014 -0.0417
vn -0.8239 -0.5607 -0.0815
vn -0.7422 -0.5699 -0.3525
vn -0.3784 -0.9218 0.0846
vn -0.3241 -0.9238 0.2037
vn -0.6402 -0.6328 0.4356
vn -0.7834 -0.5898 0.1959
vn -0.1523 -0.3440 0.9265
vn -0.1227 -0.8363 0.5344
vn -0.0342 -0.1673 -0.9853
vn -0.0558 -0.3871 -0.9203
vn -0.1805 -0.1979 -0.9634
vn -0.3345 0.5488 0.7661
vn -0.9717 -0.1325 0.1953
vn -0.1469 0.8724 0.4661
vn -0.1635 0.7302 0.6634
vn -0.0994 0.8667 0.4888
vn -0.3951 -0.5312 0.7494
vn -0.2342 -0.8820 0.4089
vn -0.0453 -0.8066 -0.5893
vn -0.1338 -0.8474 -0.5137
vn -0.2445 -0.9152 -0.3204
vn -0.8937 -0.3213 -0.3132
vn -0.9806 -0.1816 -0.0742
vn -0.5321 -0.3139 -0.7863
vn -0.2043 0.0804 -0.9756
vn -0.3369 0.0796 -0.9382
vn -0.8816 0.1880 -0.4330
vn -0.9258 0.2182 -0.3087
vn -0.8004 0.4929 0.3411
vn -0.8196 0.4738 0.3221
vn -0.8649 0.1653 -0.4740
vn -0.8842 0.3848 0.2647
vn -0.9334 0.3583 0.0171
vn -0.8414 0.4811 0.2461
vn -0.9658 0.2280 -0.1232
vn -0.8910 0.4486 -0.0693
vn -0.8653 0.4970 -0.0650
vn 0.1763 0.7132 0.6784
vn 0.3303 0.7636 0.5548
vn 0.5740 0.2013 -0.7937
vn 0.3809 0.3995 -0.8338
vn 0.1076 0.7608 -0.6400
vn 0.5369 0.7599 0.3663
vn 0.6568 0.7530 -0.0398
vn 0.5242 0.5773 -0.6261
vn 0.0383 -0.9991 0.0200
vn -0.1371 -0.6470 0.7501
vn -0.4906 -0.5447 0.6802
vn -0.3658 -0.9305 -0.0198
vn -0.0561 -0.5887 -0.8064
vn -0.2765 0.0023 -0.9610
vn 0.1830 0.0683 -0.9807
vn 0.2320 -0.5077 -0.8297
vn -0.7318 -0.0341 -0.6806
vn -0.7262 0.4646 -0.5067
vn -0.2979 0.6048 -0.7385
vn -0.2137 0.4282 0.8780
vn -0.2548 0.4160 0.8729
vn -0.5872 0.5321 0.6099
vn -0.6024 0.4483 0.6603
vn -0.9070 0.3808 -0.1798
vn -0.7482 0.6445 -0.1576
vn -0.5538 0.7255 -0.4086
vn -0.8688 0.3688 0.3304
vn -0.7736 0.5450 0.3232
vn -0.8166 0.5706 0.0862
vn -0.9399 0.3286 0.0925
vn -0.2561 0.7226 -0.6420
vn -0.1900 -0.6367 -0.7473
vn 0.0772 -0.4933 -0.8664
vn 0.1041 0.6417 -0.7599
vn -0.0054 0.6041 -0.7968
vn -0.0563 0.3182 0.9463
vn 0.0000 0.3157 0.9489
vn 0.0000 0.2237 0.9746
vn -0.0520 0.2381 0.9698
vn -0.9208 -0.3807 0.0840
vn -0.8175 0.5703 0.0802
vn -0.7409 0.5733 0.3497
vn -0.8498 -0.3179 0.4204
vn -0.6380 0.6385 -0.4304
vn -0.7784 0.5974 -0.1927
vn -0.9112 -0.3471 -0.2220
vn -0.7968 -0.3162 -0.5148
vn -0.1622 -0.5351 -0.8291
vn 0.0000 -0.5824 -0.8129
vn 0.0000 0.2924 -0.9563
vn -0.1494 0.3524 -0.9238
vn -0.0294 0.1089 0.9936
vn -0.0552 0.3906 0.9189
vn -0.1685 0.1846 0.9682
vn 0.2586 0.3613 0.8958
vn 0.2548 0.4160 0.8729
vn 0.5872 0.5321 0.6099
vn 0.5606 0.5377 0.6297
vn 0.0000 0.5632 -0.8263
vn -0.3367 -0.5604 -0.7566
vn -0.9731 0.1336 -0.1878
vn -0.1393 -0.8697 -0.4736
vn -0.1630 -0.7294 -0.6643
vn -0.1161 -0.8642 -0.4895
vn 0.0000 -0.4921 -0.8705
vn 0.0000 -0.3811 -0.9245
vn 0.0000 0.0879 -0.9961
vn 0.0000 0.6403 -0.7681
vn -0.3920 0.5375 -0.7465
vn -0.4549 -0.4230 -0.7836
vn -0.2296 -0.4989 0.8357
vn -0.2586 0.3613 0.8958
vn -0.0331 -0.5854 0.8101
vn -0.5606 0.5377 0.6297
vn -0.6095 -0.3387 0.7167
vn -0.8916 0.3327 0.3071
vn -0.9808 0.1811 0.0718
vn -0.5214 0.3062 0.7964
vn 0.0000 -0.6067 0.7949
vn 0.0000 0.3887 0.9213
vn 0.0000 0.0871 0.9962
vn -0.1981 -0.0768 0.9771
vn -0.3554 -0.0798 0.9313
vn 0.2706 0.0494 0.9614
vn 0.1030 -0.6147 0.7819
vn 0.5589 -0.5637 -0.6082
vn 0.3885 -0.3632 -0.8468
vn 0.2708 0.5506 0.7896
vn -0.0782 0.2701 -0.9596
vn 0.2428 -0.9697 0.0254
vn 0.5018 -0.7696 -0.3948
vn -0.3174 0.8661 0.3860
vn -0.5535 0.7219 -0.4153
vn -0.5665 0.8235 -0.0299
vn 0.0000 0.4557 -0.8901
vn -0.6142 0.3723 -0.6958
vn -0.8317 -0.1140 -0.5433
vn -0.8056 0.0334 0.5914
vn -0.3895 0.2935 0.8730
vn -0.0998 0.5232 0.8463
vn 0.0000 0.5093 0.8606
vn -0.8346 -0.4481 -0.3203
vn -0.7710 -0.6350 -0.0484
vn -0.7875 -0.4054 0.4641
vn -0.0383 -0.9991 0.0200
vn 0.3658 -0.9305 -0.0198
vn 0.4906 -0.5447 0.6802
vn 0.1371 -0.6470 0.7501
vn 0.0561 -0.5887 -0.8064
vn -0.2320 -0.5077 -0.8297
vn -0.1830 0.0683 -0.9807
vn 0.2765 0.0023 -0.9610
vn 0.7318 -0.0341 -0.6806
vn 0.2979 0.6048 -0.7385
vn 0.7262 0.4646 -0.5067
vn 0.2137 0.4282 0.8780
vn 0.6024 0.4483 0.6603
vn 0.9070 0.3808 -0.1798
vn 0.5538 0.7255 -0.4086
vn 0.7482 0.6445 -0.1576
vn 0.8688 0.3688 0.3304
vn 0.9399 0.3286 0.0925
vn 0.8166 0.5706 0.0862
vn 0.7736 0.5450 0.3232
vn 0.2561 0.7226 -0.6420
vn 0.1900 -0.6367 -0.7473
vn -0.0772 -0.4933 -0.8664
vn -0.1041 0.6417 -0.7599
vn 0.0054 0.6041 -0.7968
vn 0.0563 0.3182 0.9463
vn 0.0520 0.2381 0.9698
vn 0.8498 -0.3179 0.4204
vn 0.7409 0.5733 0.3497
vn 0.8175 0.5703 0.0802
vn 0.9208 -0.3807 0.0840
vn 0.9112 -0.3471 -0.2220
vn 0.7784 0.5974 -0.1927
vn 0.6380 0.6385 -0.4304
vn 0.7968 -0.3162 -0.5148
vn 0.1622 -0.5351 -0.8291
vn 0.1494 0.3524 -0.9238
vn 0.0294 0.1089 0.9936
vn 0.1685 0.1846 0.9682
vn 0.0552 0.3906 0.9189
vn 0.3367 -0.5604 -0.7566
vn 0.9731 0.1336 -0.1878
vn 0.1393 -0.8697 -0.4736
vn 0.1161 -0.8642 -0.4895
vn 0.1630 -0.7294 -0.6643
vn 0.3920 0.5375 -0.7465
vn 0.4549 -0.4230 -0.7836
vn 0.2296 -0.4989 0.8357
vn 0.0331 -0.5854 0.8101
vn 0.6095 -0.3387 0.7167
vn 0.8916 0.3327 0.3071
vn 0.9808 0.1811 0.0718
vn 0.5214 0.3062 0.7964
vn 0.1981 -0.0768 0.9771
vn 0.3554 -0.0798 0.9313
vn -0.1030 -0.6147 0.7819
vn -0.2706 0.0494 0.9614
vn -0.3885 -0.3632 -0.8468
vn -0.5589 -0.5637 -0.6082
vn -0.2708 0.5506 0.7896
vn 0.0782 0.2701 -0.9596
vn -0.5018 -0.7696 -0.3948
vn -0.2428 -0.9697 0.0254
vn 0.3174 0.8661 0.3860
vn 0.5665 0.8235 -0.0299
vn 0.5535 0.7219 -0.4153
vn 0.6142 0.3723 -0.6958
vn 0.8317 -0.1140 -0.5433
vn 0.3895 0.2935 0.8730
vn 0.8056 0.0334 0.5914
vn 0.0998 0.5232 0.8463
vn 0.7710 -0.6350 -0.0484
vn 0.8346 -0.4481 -0.3203
vn 0.7875 -0.4054 0.4641
vn 0.2976 0.0720 0.9520
vn 0.7240 0.2314 0.6498
vn 0.4508 0.7746 0.4435
vn 0.2078 0.7179 0.6644
vn -0.2336 0.2038 -0.9507
vn -0.3186 -0.2653 -0.9100
vn 0.0000 -0.4449 -0.8955
vn 0.0000 0.1805 -0.9836
vn -0.9980 -0.0606 0.0180
vn -0.9336 0.0202 0.3578
vn -0.5460 -0.7469 0.3795
vn -0.7512 -0.6595 -0.0276
vn 0.6728 0.3482 -0.6527
vn 0.6942 -0.0530 -0.7178
vn 0.0000 0.0253 0.9997
vn 0.0000 0.7164 0.6977
vn 0.0000 -0.9371 0.3491
vn 0.0000 -0.9979 -0.0647
vn -0.0387 -0.1934 0.9803
vn 0.0000 -0.5862 0.8101
vn 0.7024 0.1756 0.6897
vn 0.5966 0.0266 0.8021
vn 0.9942 0.0314 0.1027
vn 0.9508 0.2884 0.1128
vn -0.7132 -0.5486 -0.4364
vn 0.0000 -0.8469 -0.5316
vn 0.9844 -0.1718 0.0375
vn 0.6986 -0.7117 0.0732
vn 0.3363 -0.9076 -0.2511
vn 0.5805 -0.5004 -0.6423
vn -0.1905 -0.9008 -0.3902
vn -0.2866 -0.6155 -0.7342
vn -0.9284 0.1299 0.3481
vn -0.7329 -0.5794 0.3565
vn -0.2771 -0.5836 0.7633
vn -0.3414 0.0242 0.9396
vn -0.9174 -0.2380 -0.3190
vn -0.6193 -0.7830 -0.0571
vn 0.4440 -0.6612 0.6046
vn 0.5886 -0.0409 0.8074
vn 0.9156 0.3905 0.0962
vn 0.6507 0.5174 -0.5557
vn -0.9985 0.0533 0.0119
vn -0.7805 -0.6177 0.0960
vn 0.2324 0.0141 0.9725
vn 0.0000 -0.0568 0.9984
vn -0.1709 0.4600 -0.8713
vn 0.9866 -0.1442 0.0756
vn 0.6311 -0.4172 -0.6540
vn 0.0000 0.4103 -0.9120
vn -0.9278 -0.2658 -0.2618
vn -0.3621 -0.0120 0.9320
vn 0.5861 -0.0478 0.8088
vn -0.2081 -0.5683 -0.7960
vn -0.2976 0.0720 0.9520
vn -0.2078 0.7179 0.6644
vn -0.4508 0.7746 0.4435
vn -0.7240 0.2314 0.6498
vn 0.2336 0.2038 -0.9507
vn 0.3186 -0.2653 -0.9100
vn 0.9980 -0.0606 0.0180
vn 0.7512 -0.6595 -0.0276
vn 0.5460 -0.7469 0.3795
vn 0.9336 0.0202 0.3578
vn -0.6728 0.3482 -0.6527
vn -0.6942 -0.0530 -0.7178
vn 0.0387 -0.1934 0.9803
vn -0.7024 0.1756 0.6897
vn -0.9508 0.2884 0.1128
vn -0.9942 0.0314 0.1027
vn -0.5966 0.0266 0.8021
vn 0.7132 -0.5486 -0.4364
vn -0.9844 -0.1718 0.0375
vn -0.5805 -0.5004 -0.6423
vn -0.3363 -0.9076 -0.2511
vn -0.6986 -0.7117 0.0732
vn 0.2866 -0.6155 -0.7342
vn 0.1905 -0.9008 -0.3902
vn 0.9284 0.1299 0.3481
vn 0.3414 0.0242 0.9396
vn 0.2771 -0.5836 0.7633
vn 0.7329 -0.5794 0.3565
vn 0.9174 -0.2380 -0.3190
vn 0.6193 -0.7830 -0.0571
vn -0.5886 -0.0409 0.8074
vn -0.4440 -0.6612 0.6046
vn -0.9156 0.3905 0.0962
vn -0.6507 0.5174 -0.5557
vn 0.9985 0.0533 0.0119
vn 0.7805 -0.6177 0.0960
vn -0.2324 0.0141 0.9725
vn 0.1709 0.4600 -0.8713
vn -0.6311 -0.4172 -0.6540
vn -0.9866 -0.1442 0.0756
vn 0.9278 -0.2658 -0.2618
vn -0.5861 -0.0478 0.8088
vn 0.3621 -0.0120 0.9320
vn 0.2081 -0.5683 -0.7960
vn -0.4892 0.8649 0.1125
vn 0.1162 0.8797 -0.4611
vn 0.0000 0.9995 -0.0320
vn -0.3533 0.9077 -0.2263
vn 0.4892 0.8649 0.1125
vn -0.1162 0.8797 -0.4611
vn 0.3533 0.9077 -0.2263
vn -0.2950 -0.0709 -0.9528
vn -0.2131 0.7074 -0.6738
vn -0.6305 0.5912 -0.5029
vn -0.7242 -0.2291 -0.6503
vn 0.2194 -0.2046 0.9539
vn 0.0000 -0.1759 0.9844
vn 0.0000 0.4806 0.8769
vn 0.3068 0.2765 0.9107
vn 0.9937 0.1114 -0.0089
vn 0.7494 0.6610 0.0374
vn 0.5790 0.7273 -0.3684
vn 0.9372 0.0409 -0.3464
vn -0.6751 -0.3541 0.6472
vn -0.6972 0.0534 0.7148
vn 0.0000 -0.0239 -0.9997
vn 0.0000 0.6975 -0.7165
vn 0.0000 0.9983 0.0576
vn 0.0000 0.9402 -0.3406
vn 0.0000 0.5645 -0.8254
vn 0.0655 0.2177 -0.9738
vn -0.6987 -0.1786 -0.6927
vn -0.9493 -0.2918 -0.1168
vn -0.9940 -0.0326 -0.1043
vn -0.5963 -0.0346 -0.8020
vn 0.0000 0.8605 0.5094
vn 0.7007 0.5745 0.4230
vn -0.9846 0.1711 -0.0351
vn -0.5806 0.5001 0.6424
vn -0.4908 -0.3596 0.7935
vn -0.6925 -0.7110 0.1220
vn 0.2815 0.6237 0.7292
vn 0.2692 -0.3621 0.8924
vn 0.9293 -0.1335 -0.3442
vn 0.3476 -0.0210 -0.9374
vn 0.1596 -0.8617 -0.4817
vn 0.4621 -0.8623 -0.2069
vn 0.9227 0.2326 0.3073
vn 0.6558 -0.6301 0.4157
vn -0.5913 0.0371 -0.8056
vn -0.3906 -0.7649 -0.5122
vn -0.9145 -0.3938 -0.0924
vn -0.6522 -0.5210 0.5506
vn 0.9981 -0.0590 -0.0136
vn 0.6944 -0.7130 0.0967
vn 0.0000 0.0535 -0.9986
vn -0.2296 -0.0144 -0.9732
vn 0.1662 -0.4609 0.8717
vn -0.6306 0.4229 0.6507
vn -0.9869 0.1443 -0.0722
vn 0.0000 -0.4207 0.9072
vn 0.8978 0.3399 0.2799
vn -0.5883 0.0407 -0.8076
vn 0.3358 0.0466 -0.9408
vn 0.2224 0.5704 0.7907
vn 0.2950 -0.0709 -0.9528
vn 0.7242 -0.2291 -0.6503
vn 0.6305 0.5912 -0.5029
vn 0.2131 0.7074 -0.6738
vn -0.2194 -0.2046 0.9539
vn -0.3068 0.2765 0.9107
vn -0.9937 0.1114 -0.0089
vn -0.9372 0.0409 -0.3464
vn -0.5790 0.7273 -0.3684
vn -0.7494 0.6610 0.0374
vn 0.6751 -0.3541 0.6472
vn 0.6972 0.0534 0.7148
vn -0.0655 0.2177 -0.9738
vn 0.6987 -0.1786 -0.6927
vn 0.5963 -0.0346 -0.8020
vn 0.9940 -0.0326 -0.1043
vn 0.9493 -0.2918 -0.1168
vn -0.7007 0.5745 0.4230
vn 0.9846 0.1711 -0.0351
vn 0.6925 -0.7110 0.1220
vn 0.4908 -0.3596 0.7935
vn 0.5806 0.5001 0.6424
vn -0.2692 -0.3621 0.8924
vn -0.2815 0.6237 0.7292
vn -0.9293 -0.1335 -0.3442
vn -0.4621 -0.8623 -0.2069
vn -0.1596 -0.8617 -0.4817
vn -0.3476 -0.0210 -0.9374
vn -0.9227 0.2326 0.3073
vn -0.6558 -0.6301 0.4157
vn 0.3906 -0.7649 -0.5122
vn 0.5913 0.0371 -0.8056
vn 0.9145 -0.3938 -0.0924
vn 0.6522 -0.5210 0.5506
vn -0.9981 -0.0590 -0.0136
vn -0.6944 -0.7130 0.0967
vn 0.2296 -0.0144 -0.9732
vn -0.1663 -0.4609 0.8717
vn 0.9869 0.1442 -0.0722
vn 0.6306 0.4229 0.6507
vn -0.8978 0.3399 0.2799
vn -0.3358 0.0466 -0.9408
vn 0.5883 0.0407 -0.8076
vn -0.2224 0.5704 0.7907
vn 0.9088 0.4167 0.0206
vn -0.1453 0.3974 0.9060
vn 0.0000 0.2885 0.9575
vn 0.6641 0.3442 0.6636
vn -0.9088 0.4167 0.0206
vn 0.1453 0.3974 0.9060
vn -0.6641 0.3442 0.6637
usemtl underwear
s 1
f 5756/6703/5538 5799/6704/5539 5787/6705/5540 5739/6706/5541
f 5741/6707/5542 5767/6708/5543 5768/6709/5544 5743/6710/5545
f 5797/6711/5546 5743/6710/5545 5747/6712/5547 5745/6713/5548
f 5746/6714/5549 5744/6715/5550 5752/6716/5551 5749/6717/5552
f 5779/6718/5553 5745/6713/5548 5753/6719/5554 5780/6720/5555
f 5783/6721/5556 5748/6722/5557 5751/6723/5558 5784/6724/5559
f 5745/6713/5548 5747/6712/5547 5750/6725/5560 5753/6719/5554
f 5755/6726/5561 5771/6727/5562 5767/6708/5543 5741/6707/5542
f 5743/6710/5545 5768/6709/5544 5769/6728/5563 5747/6712/5547
f 5747/6712/5547 5769/6728/5563 5770/6729/5564 5750/6725/5560
f 5776/6730/5565 5778/6731/5566 5876/6732/5567 5875/6733/5568
f 5759/6734/5569 5785/6735/5570 5786/6736/5571 5764/6737/5572
f 5766/6738/5573 5757/6739/5574 5781/6740/5575 5782/6741/5576
f 5772/6742/5577 5773/6743/5578 5858/6744/5579 5856/6745/5580
f 5774/6746/5581 5742/6747/5582 5746/6714/5549 5775/6748/5583
f 5775/6748/5583 5746/6714/5549 5749/6717/5552 5776/6730/5565
f 5753/6719/5554 5766/6738/5573 5782/6741/5576 5780/6720/5555
f 5780/6720/5555 5782/6741/5576 5764/6737/5572 5751/6723/5558
f 5764/6737/5572 5786/6736/5571 5784/6724/5559 5751/6723/5558
f 5840/6749/5584 5843/6750/5585 5830/6751/5586 5827/6752/5587
f 5773/6743/5578 5770/6729/5564 5852/6753/5588 5858/6744/5579
f 5793/6754/5589 5741/6707/5542 5743/6710/5545 5797/6711/5546
f 5805/6755/5590 5797/6711/5546 5745/6713/5548 5779/6718/5553
f 5791/6756/5591 5754/6757/5592 5755/6726/5561 5803/6758/5593
f 5754/6757/5592 5791/6756/5591 5799/6704/5539 5756/6703/5538
f 5767/6708/5543 5771/6727/5562 5854/6759/5594 5846/6760/5595
f 5768/6709/5544 5767/6708/5543 5846/6760/5595 5848/6761/5596
f 5769/6728/5563 5768/6709/5544 5848/6761/5596 5850/6762/5597
f 5773/6743/5578 5763/6763/5598 5750/6725/5560 5770/6729/5564
f 5770/6729/5564 5769/6728/5563 5850/6762/5597 5852/6753/5588
f 5772/6742/5577 5760/6764/5599 5763/6763/5598 5773/6743/5578
f 5761/6765/5600 5777/6766/5601 5778/6731/5566 5762/6767/5602
f 5765/6768/5603 5758/6769/5604 5761/6765/5600 5762/6767/5602
f 5782/6741/5576 5781/6740/5575 5759/6734/5569 5764/6737/5572
f 5803/6758/5593 5755/6726/5561 5741/6707/5542 5793/6754/5589
f 5786/6736/5571 5785/6735/5570 5758/6769/5604 5765/6768/5603
f 5807/6770/5605 5801/6771/5606 5748/6722/5557 5783/6721/5556
f 5784/6724/5559 5786/6736/5571 5765/6768/5603 5752/6716/5551
f 5748/6722/5557 5779/6718/5553 5780/6720/5555 5751/6723/5558
f 5760/6764/5599 5757/6739/5574 5766/6738/5573 5763/6763/5598
f 5742/6747/5582 5795/6772/5607 5744/6715/5550 5746/6714/5549
f 5763/6763/5598 5766/6738/5573 5753/6719/5554 5750/6725/5560
f 5744/6715/5550 5783/6721/5556 5784/6724/5559 5752/6716/5551
f 5749/6717/5552 5762/6767/5602 5778/6731/5566 5776/6730/5565
f 5778/6731/5566 5777/6766/5601 5874/6773/5608 5876/6732/5567
f 5775/6748/5583 5776/6730/5565 5875/6733/5568 5873/6774/5609
f 5774/6746/5581 5775/6748/5583 5873/6774/5609 5872/6775/5610
f 5740/6776/5611 5789/6777/5612 5795/6772/5607 5742/6778/5582
f 5801/6771/5606 5805/6755/5590 5779/6718/5553 5748/6722/5557
f 5739/6706/5541 5787/6705/5540 5789/6777/5612 5740/6776/5611
f 5795/6772/5607 5807/6770/5605 5783/6721/5556 5744/6715/5550
f 5789/6777/5612 5787/6705/5540 5788/6779/5613 5790/6780/5614
f 5803/6758/5593 5793/6754/5589 5794/6781/5615 5804/6782/5616
f 5795/6772/5607 5789/6777/5612 5790/6780/5614 5796/6783/5617
f 5793/6754/5589 5797/6711/5546 5798/6784/5618 5794/6781/5615
f 5799/6704/5539 5791/6756/5591 5792/6785/5619 5800/6786/5620
f 5787/6705/5540 5799/6704/5539 5800/6786/5620 5788/6779/5613
f 5807/6770/5605 5795/6772/5607 5796/6783/5617 5808/6787/5621
f 5805/6755/5590 5801/6771/5606 5802/6788/5622 5806/6789/5623
f 5791/6756/5591 5803/6758/5593 5804/6782/5616 5792/6785/5619
f 5797/6711/5546 5805/6755/5590 5806/6789/5623 5798/6784/5618
f 5801/6771/5606 5807/6770/5605 5808/6787/5621 5802/6788/5622
f 5907/6790/5624 5854/6759/5594 5771/6727/5562 5811/6791/5625
f 5771/6727/5562 5755/6726/5561 5809/6792/5626 5811/6791/5625
f 5740/6776/5611 5742/6778/5582 5815/6793/5627 5814/6794/5628
f 5872/6775/5610 5908/6795/5629 5816/6796/5630 5774/6746/5581
f 5754/6757/5592 5756/6703/5538 5812/6797/5631 5810/6798/5632
f 5755/6726/5561 5754/6757/5592 5810/6798/5632 5809/6792/5626
f 5742/6747/5582 5774/6746/5581 5816/6796/5630 5815/6799/5627
f 5739/6706/5541 5740/6776/5611 5814/6794/5628 5813/6800/5633
f 5756/6703/5538 5739/6706/5541 5813/6800/5633 5812/6797/5631
f 5834/6801/5634 5817/6802/5635 5877/6803/5636 5889/6804/5637
f 5819/6805/5638 5821/6806/5639 5847/6807/5640 5845/6808/5641
f 5887/6809/5642 5823/6810/5643 5825/6811/5644 5821/6806/5639
f 5824/6812/5645 5827/6752/5587 5830/6751/5586 5822/6813/5646
f 5864/6814/5647 5865/6815/5648 5831/6816/5649 5823/6810/5643
f 5868/6817/5650 5869/6818/5651 5829/6819/5652 5826/6820/5653
f 5823/6810/5643 5831/6816/5649 5828/6821/5654 5825/6811/5644
f 5833/6822/5655 5819/6805/5638 5845/6808/5641 5853/6823/5656
f 5821/6806/5639 5825/6811/5644 5849/6824/5657 5847/6807/5640
f 5825/6811/5644 5828/6821/5654 5851/6825/5658 5849/6824/5657
f 5875/6826/5568 5876/6827/5567 5863/6828/5659 5861/6829/5660
f 5870/6830/5661 5837/6831/5662 5842/6832/5663 5871/6833/5664
f 5866/6834/5665 5835/6835/5666 5844/6836/5667 5867/6837/5668
f 5856/6745/5580 5858/6744/5579 5857/6838/5669 5855/6839/5670
f 5859/6840/5671 5860/6841/5672 5824/6812/5645 5820/6842/5673
f 5860/6841/5672 5861/6829/5660 5827/6752/5587 5824/6812/5645
f 5867/6837/5668 5844/6836/5667 5831/6816/5649 5865/6815/5648
f 5829/6819/5652 5842/6832/5663 5867/6837/5668 5865/6815/5648
f 5871/6833/5664 5842/6832/5663 5829/6819/5652 5869/6818/5651
f 5858/6744/5579 5852/6753/5588 5851/6825/5658 5857/6838/5669
f 5883/6843/5674 5887/6809/5642 5821/6806/5639 5819/6805/5638
f 5895/6844/5675 5864/6814/5647 5823/6810/5643 5887/6809/5642
f 5881/6845/5676 5893/6846/5677 5833/6822/5655 5832/6847/5678
f 5832/6847/5678 5834/6801/5634 5889/6804/5637 5881/6845/5676
f 5845/6808/5641 5846/6760/5595 5854/6759/5594 5853/6823/5656
f 5847/6807/5640 5848/6761/5596 5846/6760/5595 5845/6808/5641
f 5849/6824/5657 5850/6762/5597 5848/6761/5596 5847/6807/5640
f 5841/6848/5679 5857/6838/5669 5851/6825/5658 5828/6821/5654
f 5851/6825/5658 5852/6753/5588 5850/6762/5597 5849/6824/5657
f 5838/6849/5680 5855/6839/5670 5857/6838/5669 5841/6848/5679
f 5863/6828/5659 5862/6850/5681 5839/6851/5682 5840/6749/5584
f 5839/6851/5682 5836/6852/5683 5843/6750/5585 5840/6749/5584
f 5842/6832/5663 5837/6831/5662 5866/6834/5665 5867/6837/5668
f 5893/6846/5677 5883/6843/5674 5819/6805/5638 5833/6822/5655
f 5843/6750/5585 5836/6852/5683 5870/6830/5661 5871/6833/5664
f 5897/6853/5684 5868/6817/5650 5826/6820/5653 5891/6854/5685
f 5830/6751/5586 5843/6750/5585 5871/6833/5664 5869/6818/5651
f 5826/6820/5653 5829/6819/5652 5865/6815/5648 5864/6814/5647
f 5844/6836/5667 5835/6835/5666 5838/6849/5680 5841/6848/5679
f 5820/6842/5673 5824/6812/5645 5822/6813/5646 5885/6855/5686
f 5831/6816/5649 5844/6836/5667 5841/6848/5679 5828/6821/5654
f 5822/6813/5646 5830/6751/5586 5869/6818/5651 5868/6817/5650
f 5752/6716/5551 5765/6768/5603 5762/6767/5602 5749/6717/5552
f 5861/6829/5660 5863/6828/5659 5840/6749/5584 5827/6752/5587
f 5876/6827/5567 5874/6856/5608 5862/6850/5681 5863/6828/5659
f 5860/6841/5672 5873/6857/5609 5875/6826/5568 5861/6829/5660
f 5859/6840/5671 5872/6858/5610 5873/6857/5609 5860/6841/5672
f 5818/6859/5687 5820/6860/5673 5885/6855/5686 5879/6861/5688
f 5891/6854/5685 5826/6820/5653 5864/6814/5647 5895/6844/5675
f 5817/6802/5635 5818/6859/5687 5879/6861/5688 5877/6803/5636
f 5885/6855/5686 5822/6813/5646 5868/6817/5650 5897/6853/5684
f 5879/6861/5688 5880/6862/5689 5878/6863/5690 5877/6803/5636
f 5893/6846/5677 5894/6864/5691 5884/6865/5692 5883/6843/5674
f 5885/6855/5686 5886/6866/5693 5880/6862/5689 5879/6861/5688
f 5883/6843/5674 5884/6865/5692 5888/6867/5694 5887/6809/5642
f 5889/6804/5637 5890/6868/5695 5882/6869/5696 5881/6845/5676
f 5877/6803/5636 5878/6863/5690 5890/6868/5695 5889/6804/5637
f 5897/6853/5684 5898/6870/5697 5886/6866/5693 5885/6855/5686
f 5895/6844/5675 5896/6871/5698 5892/6872/5699 5891/6854/5685
f 5881/6845/5676 5882/6869/5696 5894/6864/5691 5893/6846/5677
f 5887/6809/5642 5888/6867/5694 5896/6871/5698 5895/6844/5675
f 5891/6854/5685 5892/6872/5699 5898/6870/5697 5897/6853/5684
f 5907/6790/5624 5901/6873/5700 5853/6823/5656 5854/6759/5594
f 5853/6823/5656 5901/6873/5700 5899/6874/5701 5833/6822/5655
f 5818/6859/5687 5904/6875/5702 5905/6876/5703 5820/6860/5673
f 5872/6858/5610 5859/6840/5671 5906/6877/5704 5908/6795/5629
f 5832/6847/5678 5900/6878/5705 5902/6879/5706 5834/6801/5634
f 5833/6822/5655 5899/6874/5701 5900/6878/5705 5832/6847/5678
f 5820/6842/5673 5905/6880/5703 5906/6877/5704 5859/6840/5671
f 5817/6802/5635 5903/6881/5707 5904/6875/5702 5818/6859/5687
f 5834/6801/5634 5902/6879/5706 5903/6881/5707 5817/6802/5635
f 5926/6882/5708 5909/6883/5709 5957/6884/5710 5969/6885/5711
f 5911/6886/5712 5913/6887/5713 5938/6888/5714 5937/6889/5715
f 5967/6890/5716 5915/6891/5717 5917/6892/5718 5913/6887/5713
f 5916/6893/5719 5919/6894/5720 5922/6895/5721 5914/6896/5722
f 5949/6897/5723 5950/6898/5724 5923/6899/5725 5915/6891/5717
f 5953/6900/5726 5954/6901/5727 5921/6902/5728 5918/6903/5729
f 5915/6891/5717 5923/6899/5725 5920/6904/5730 5917/6892/5718
f 5925/6905/5731 5911/6886/5712 5937/6889/5715 5941/6906/5732
f 5913/6887/5713 5917/6892/5718 5939/6907/5733 5938/6888/5714
f 5917/6892/5718 5920/6904/5730 5940/6908/5734 5939/6907/5733
f 5946/6909/5735 6045/6910/5736 6046/6911/5737 5948/6912/5738
f 5929/6913/5739 5934/6914/5740 5956/6915/5741 5955/6916/5742
f 5936/6917/5743 5952/6918/5744 5951/6919/5745 5927/6920/5746
f 5942/6921/5747 6026/6922/5748 6028/6923/5749 5943/6924/5750
f 5944/6925/5751 5945/6926/5752 5916/6893/5719 5912/6927/5753
f 5945/6926/5752 5946/6909/5735 5919/6894/5720 5916/6893/5719
f 5923/6899/5725 5950/6898/5724 5952/6918/5744 5936/6917/5743
f 5950/6898/5724 5921/6902/5728 5934/6914/5740 5952/6918/5744
f 5934/6914/5740 5921/6902/5728 5954/6901/5727 5956/6915/5741
f 6010/6928/5754 5997/6929/5755 6000/6930/5756 6013/6931/5757
f 5943/6924/5750 6028/6923/5749 6022/6932/5758 5940/6908/5734
f 5963/6933/5759 5967/6890/5716 5913/6887/5713 5911/6886/5712
f 5975/6934/5760 5949/6897/5723 5915/6891/5717 5967/6890/5716
f 5961/6935/5761 5973/6936/5762 5925/6905/5731 5924/6937/5763
f 5924/6937/5763 5926/6882/5708 5969/6885/5711 5961/6935/5761
f 5937/6889/5715 6016/6938/5764 6024/6939/5765 5941/6906/5732
f 5938/6888/5714 6018/6940/5766 6016/6938/5764 5937/6889/5715
f 5939/6907/5733 6020/6941/5767 6018/6940/5766 5938/6888/5714
f 5943/6924/5750 5940/6908/5734 5920/6904/5730 5933/6942/5768
f 5940/6908/5734 6022/6932/5758 6020/6941/5767 5939/6907/5733
f 5942/6921/5747 5943/6924/5750 5933/6942/5768 5930/6943/5769
f 5931/6944/5770 5932/6945/5771 5948/6912/5738 5947/6946/5772
f 5935/6947/5773 5932/6945/5771 5931/6944/5770 5928/6948/5774
f 5952/6918/5744 5934/6914/5740 5929/6913/5739 5951/6919/5745
f 5973/6936/5762 5963/6933/5759 5911/6886/5712 5925/6905/5731
f 5956/6915/5741 5935/6947/5773 5928/6948/5774 5955/6916/5742
f 5977/6949/5775 5953/6900/5726 5918/6903/5729 5971/6950/5776
f 5954/6901/5727 5922/6895/5721 5935/6947/5773 5956/6915/5741
f 5918/6903/5729 5921/6902/5728 5950/6898/5724 5949/6897/5723
f 5930/6943/5769 5933/6942/5768 5936/6917/5743 5927/6920/5746
f 5912/6927/5753 5916/6893/5719 5914/6896/5722 5965/6951/5777
f 5933/6942/5768 5920/6904/5730 5923/6899/5725 5936/6917/5743
f 5914/6896/5722 5922/6895/5721 5954/6901/5727 5953/6900/5726
f 5919/6894/5720 5946/6909/5735 5948/6912/5738 5932/6945/5771
f 5948/6912/5738 6046/6911/5737 6044/6952/5778 5947/6946/5772
f 5945/6926/5752 6043/6953/5779 6045/6910/5736 5946/6909/5735
f 5944/6925/5751 6042/6954/5780 6043/6953/5779 5945/6926/5752
f 5910/6955/5781 5912/6956/5753 5965/6951/5777 5959/6957/5782
f 5971/6950/5776 5918/6903/5729 5949/6897/5723 5975/6934/5760
f 5909/6883/5709 5910/6955/5781 5959/6957/5782 5957/6884/5710
f 5965/6951/5777 5914/6896/5722 5953/6900/5726 5977/6949/5775
f 5959/6957/5782 5960/6958/5783 5958/6959/5784 5957/6884/5710
f 5973/6936/5762 5974/6960/5785 5964/6961/5786 5963/6933/5759
f 5965/6951/5777 5966/6962/5787 5960/6958/5783 5959/6957/5782
f 5963/6933/5759 5964/6961/5786 5968/6963/5788 5967/6890/5716
f 5969/6885/5711 5970/6964/5789 5962/6965/5790 5961/6935/5761
f 5957/6884/5710 5958/6959/5784 5970/6964/5789 5969/6885/5711
f 5977/6949/5775 5978/6966/5791 5966/6962/5787 5965/6951/5777
f 5975/6934/5760 5976/6967/5792 5972/6968/5793 5971/6950/5776
f 5961/6935/5761 5962/6965/5790 5974/6960/5785 5973/6936/5762
f 5967/6890/5716 5968/6963/5788 5976/6967/5792 5975/6934/5760
f 5971/6950/5776 5972/6968/5793 5978/6966/5791 5977/6949/5775
f 6077/6969/5794 5981/6970/5795 5941/6906/5732 6024/6939/5765
f 5941/6906/5732 5981/6970/5795 5979/6971/5796 5925/6905/5731
f 5910/6955/5781 5984/6972/5797 5985/6973/5798 5912/6956/5753
f 6042/6954/5780 5944/6925/5751 5986/6974/5799 6078/6975/5800
f 5924/6937/5763 5980/6976/5801 5982/6977/5802 5926/6882/5708
f 5925/6905/5731 5979/6971/5796 5980/6976/5801 5924/6937/5763
f 5912/6927/5753 5985/6978/5798 5986/6974/5799 5944/6925/5751
f 5909/6883/5709 5983/6979/5803 5984/6972/5797 5910/6955/5781
f 5926/6882/5708 5982/6977/5802 5983/6979/5803 5909/6883/5709
f 6004/6980/5804 6059/6981/5805 6047/6982/5806 5987/6983/5807
f 5989/6984/5808 6015/6985/5809 6017/6986/5810 5991/6987/5811
f 6057/6988/5812 5991/6987/5811 5995/6989/5813 5993/6990/5814
f 5994/6991/5815 5992/6992/5816 6000/6930/5756 5997/6929/5755
f 6034/6993/5817 5993/6990/5814 6001/6994/5818 6035/6995/5819
f 6038/6996/5820 5996/6997/5821 5999/6998/5822 6039/6999/5823
f 5993/6990/5814 5995/6989/5813 5998/7000/5824 6001/6994/5818
f 6003/7001/5825 6023/7002/5826 6015/6985/5809 5989/6984/5808
f 5991/6987/5811 6017/6986/5810 6019/7003/5827 5995/6989/5813
f 5995/6989/5813 6019/7003/5827 6021/7004/5828 5998/7000/5824
f 6045/7005/5736 6031/7006/5829 6033/7007/5830 6046/7008/5737
f 6040/7009/5831 6041/7010/5832 6012/7011/5833 6007/7012/5834
f 6036/7013/5835 6037/7014/5836 6014/7015/5837 6005/7016/5838
f 6026/6922/5748 6025/7017/5839 6027/7018/5840 6028/6923/5749
f 6029/7019/5841 5990/7020/5842 5994/6991/5815 6030/7021/5843
f 6030/7021/5843 5994/6991/5815 5997/6929/5755 6031/7006/5829
f 6037/7014/5836 6035/6995/5819 6001/6994/5818 6014/7015/5837
f 5999/6998/5822 6035/6995/5819 6037/7014/5836 6012/7011/5833
f 6041/7010/5832 6039/6999/5823 5999/6998/5822 6012/7011/5833
f 6028/6923/5749 6027/7018/5840 6021/7004/5828 6022/6932/5758
f 6053/7022/5844 5989/6984/5808 5991/6987/5811 6057/6988/5812
f 6065/7023/5845 6057/6988/5812 5993/6990/5814 6034/6993/5817
f 6051/7024/5846 6002/7025/5847 6003/7001/5825 6063/7026/5848
f 6002/7025/5847 6051/7024/5846 6059/6981/5805 6004/6980/5804
f 6015/6985/5809 6023/7002/5826 6024/6939/5765 6016/6938/5764
f 6017/6986/5810 6015/6985/5809 6016/6938/5764 6018/6940/5766
f 6019/7003/5827 6017/6986/5810 6018/6940/5766 6020/6941/5767
f 6011/7027/5849 5998/7000/5824 6021/7004/5828 6027/7018/5840
f 6021/7004/5828 6019/7003/5827 6020/6941/5767 6022/6932/5758
f 6008/7028/5850 6011/7027/5849 6027/7018/5840 6025/7017/5839
f 6033/7007/5830 6010/6928/5754 6009/7029/5851 6032/7030/5852
f 6009/7029/5851 6010/6928/5754 6013/6931/5757 6006/7031/5853
f 6012/7011/5833 6037/7014/5836 6036/7013/5835 6007/7012/5834
f 6063/7026/5848 6003/7001/5825 5989/6984/5808 6053/7022/5844
f 6013/6931/5757 6041/7010/5832 6040/7009/5831 6006/7031/5853
f 6067/7032/5854 6061/7033/5855 5996/6997/5821 6038/6996/5820
f 6000/6930/5756 6039/6999/5823 6041/7010/5832 6013/6931/5757
f 5996/6997/5821 6034/6993/5817 6035/6995/5819 5999/6998/5822
f 6014/7015/5837 6011/7027/5849 6008/7028/5850 6005/7016/5838
f 5990/7020/5842 6055/7034/5856 5992/6992/5816 5994/6991/5815
f 6001/6994/5818 5998/7000/5824 6011/7027/5849 6014/7015/5837
f 5992/6992/5816 6038/6996/5820 6039/6999/5823 6000/6930/5756
f 5922/6895/5721 5919/6894/5720 5932/6945/5771 5935/6947/5773
f 6031/7006/5829 5997/6929/5755 6010/6928/5754 6033/7007/5830
f 6046/7008/5737 6033/7007/5830 6032/7030/5852 6044/7035/5778
f 6030/7021/5843 6031/7006/5829 6045/7005/5736 6043/7036/5779
f 6029/7019/5841 6030/7021/5843 6043/7036/5779 6042/7037/5780
f 5988/7038/5857 6049/7039/5858 6055/7034/5856 5990/7040/5842
f 6061/7033/5855 6065/7023/5845 6034/6993/5817 5996/6997/5821
f 5987/6983/5807 6047/6982/5806 6049/7039/5858 5988/7038/5857
f 6055/7034/5856 6067/7032/5854 6038/6996/5820 5992/6992/5816
f 6049/7039/5858 6047/6982/5806 6048/7041/5859 6050/7042/5860
f 6063/7026/5848 6053/7022/5844 6054/7043/5861 6064/7044/5862
f 6055/7034/5856 6049/7039/5858 6050/7042/5860 6056/7045/5863
f 6053/7022/5844 6057/6988/5812 6058/7046/5864 6054/7043/5861
f 6059/6981/5805 6051/7024/5846 6052/7047/5865 6060/7048/5866
f 6047/6982/5806 6059/6981/5805 6060/7048/5866 6048/7041/5859
f 6067/7032/5854 6055/7034/5856 6056/7045/5863 6068/7049/5867
f 6065/7023/5845 6061/7033/5855 6062/7050/5868 6066/7051/5869
f 6051/7024/5846 6063/7026/5848 6064/7044/5862 6052/7047/5865
f 6057/6988/5812 6065/7023/5845 6066/7051/5869 6058/7046/5864
f 6061/7033/5855 6067/7032/5854 6068/7049/5867 6062/7050/5868
f 6077/6969/5794 6024/6939/5765 6023/7002/5826 6071/7052/5870
f 6023/7002/5826 6003/7001/5825 6069/7053/5871 6071/7052/5870
f 5988/7038/5857 5990/7040/5842 6075/7054/5872 6074/7055/5873
f 6042/7037/5780 6078/6975/5800 6076/7056/5874 6029/7019/5841
f 6002/7025/5847 6004/6980/5804 6072/7057/5875 6070/7058/5876
f 6003/7001/5825 6002/7025/5847 6070/7058/5876 6069/7053/5871
f 5990/7020/5842 6029/7019/5841 6076/7056/5874 6075/7059/5872
f 5987/6983/5807 5988/7038/5857 6074/7055/5873 6073/7060/5877
f 6004/6980/5804 5987/6983/5807 6073/7060/5877 6072/7057/5875
f 5757/6739/5574 5760/6764/5599 5930/6943/5769 5927/6920/5746
f 5758/6769/5604 5785/6735/5570 5955/6916/5742 5928/6948/5774
f 5759/6734/5569 5781/6740/5575 5951/6919/5745 5929/6913/5739
f 5761/6765/5600 5758/6769/5604 5928/6948/5774 5931/6944/5770
f 5772/6742/5577 5856/6745/5580 6026/6922/5748 5942/6921/5747
f 5760/6764/5599 5772/6742/5577 5942/6921/5747 5930/6943/5769
f 5874/6773/5608 5777/6766/5601 5947/6946/5772 6044/6952/5778
f 5777/6766/5601 5761/6765/5600 5931/6944/5770 5947/6946/5772
f 5781/6740/5575 5757/6739/5574 5927/6920/5746 5951/6919/5745
f 5785/6735/5570 5759/6734/5569 5929/6913/5739 5955/6916/5742
f 5790/6780/5614 5788/6779/5613 5958/6959/5784 5960/6958/5783
f 5804/6782/5616 5794/6781/5615 5964/6961/5786 5974/6960/5785
f 5796/6783/5617 5790/6780/5614 5960/6958/5783 5966/6962/5787
f 5794/6781/5615 5798/6784/5618 5968/6963/5788 5964/6961/5786
f 5800/6786/5620 5792/6785/5619 5962/6965/5790 5970/6964/5789
f 5788/6779/5613 5800/6786/5620 5970/6964/5789 5958/6959/5784
f 5808/6787/5621 5796/6783/5617 5966/6962/5787 5978/6966/5791
f 5806/6789/5623 5802/6788/5622 5972/6968/5793 5976/6967/5792
f 5792/6785/5619 5804/6782/5616 5974/6960/5785 5962/6965/5790
f 5798/6784/5618 5806/6789/5623 5976/6967/5792 5968/6963/5788
f 5802/6788/5622 5808/6787/5621 5978/6966/5791 5972/6968/5793
f 5811/6791/5625 5809/6792/5626 5979/6971/5796 5981/6970/5795
f 5814/6794/5628 5815/6793/5627 5985/6973/5798 5984/6972/5797
f 5907/6790/5624 5811/6791/5625 5981/6970/5795 6077/6969/5794
f 5816/6796/5630 5908/6795/5629 6078/6975/5800 5986/6974/5799
f 5810/6798/5632 5812/6797/5631 5982/6977/5802 5980/6976/5801
f 5809/6792/5626 5810/6798/5632 5980/6976/5801 5979/6971/5796
f 5815/6799/5627 5816/6796/5630 5986/6974/5799 5985/6978/5798
f 5813/6800/5633 5814/6794/5628 5984/6972/5797 5983/6979/5803
f 5812/6797/5631 5813/6800/5633 5983/6979/5803 5982/6977/5802
f 5838/6849/5680 5835/6835/5666 6005/7016/5838 6008/7028/5850
f 5870/6830/5661 5836/6852/5683 6006/7031/5853 6040/7009/5831
f 5866/6834/5665 5837/6831/5662 6007/7012/5834 6036/7013/5835
f 5836/6852/5683 5839/6851/5682 6009/7029/5851 6006/7031/5853
f 5856/6745/5580 5855/6839/5670 6025/7017/5839 6026/6922/5748
f 5855/6839/5670 5838/6849/5680 6008/7028/5850 6025/7017/5839
f 5862/6850/5681 5874/6856/5608 6044/7035/5778 6032/7030/5852
f 5839/6851/5682 5862/6850/5681 6032/7030/5852 6009/7029/5851
f 5835/6835/5666 5866/6834/5665 6036/7013/5835 6005/7016/5838
f 5837/6831/5662 5870/6830/5661 6040/7009/5831 6007/7012/5834
f 5878/6863/5690 5880/6862/5689 6050/7042/5860 6048/7041/5859
f 5884/6865/5692 5894/6864/5691 6064/7044/5862 6054/7043/5861
f 5880/6862/5689 5886/6866/5693 6056/7045/5863 6050/7042/5860
f 5888/6867/5694 5884/6865/5692 6054/7043/5861 6058/7046/5864
f 5882/6869/5696 5890/6868/5695 6060/7048/5866 6052/7047/5865
f 5890/6868/5695 5878/6863/5690 6048/7041/5859 6060/7048/5866
f 5886/6866/5693 5898/6870/5697 6068/7049/5867 6056/7045/5863
f 5892/6872/5699 5896/6871/5698 6066/7051/5869 6062/7050/5868
f 5894/6864/5691 5882/6869/5696 6052/7047/5865 6064/7044/5862
f 5896/6871/5698 5888/6867/5694 6058/7046/5864 6066/7051/5869
f 5898/6870/5697 5892/6872/5699 6062/7050/5868 6068/7049/5867
f 5899/6874/5701 5901/6873/5700 6071/7052/5870 6069/7053/5871
f 5905/6876/5703 5904/6875/5702 6074/7055/5873 6075/7054/5872
f 5901/6873/5700 5907/6790/5624 6077/6969/5794 6071/7052/5870
f 5908/6795/5629 5906/6877/5704 6076/7056/5874 6078/6975/5800
f 5902/6879/5706 5900/6878/5705 6070/7058/5876 6072/7057/5875
f 5900/6878/5705 5899/6874/5701 6069/7053/5871 6070/7058/5876
f 5906/6877/5704 5905/6880/5703 6075/7059/5872 6076/7056/5874
f 5904/6875/5702 5903/6881/5707 6073/7060/5877 6074/7055/5873
f 5903/6881/5707 5902/6879/5706 6072/7057/5875 6073/7060/5877
f 6162/7061/5878 6159/7062/5879 6080/7063/5880 6079/7064/5881
f 6100/7065/5882 6088/7066/5883 6153/7067/5884 6154/7068/5885
f 6110/7069/5886 6105/7070/5887 6084/7071/5888 6085/7072/5889
f 6101/7073/5890 6089/7074/5891 6088/7066/5883 6100/7065/5882
f 6160/7075/5892 6162/7061/5878 6079/7064/5881 6147/7076/5893
f 6085/7072/5889 6084/7071/5888 6150/7077/5894 6151/7078/5895
f 6084/7071/5888 6086/7079/5896 6149/7080/5897 6150/7077/5894
f 6103/7081/5898 6091/7082/5899 6090/7083/5900 6102/7084/5901
f 6088/7066/5883 6087/7085/5902 6152/7086/5903 6153/7067/5884
f 6087/7085/5902 6085/7087/5889 6151/7088/5895 6152/7086/5903
f 6169/7089/5904 6099/7090/5905 6094/7091/5906 6172/7092/5907
f 6172/7092/5907 6094/7091/5906 6098/7093/5908 6168/7094/5909
f 6170/7095/5910 6092/7096/5911 6096/7097/5912 6174/7098/5913
f 6171/7099/5914 6168/7094/5909 6098/7093/5908 6093/7100/5915
f 6174/7098/5913 6096/7097/5912 6095/7101/5916 6173/7102/5917
f 6161/7103/5918 6102/7084/5901 6101/7073/5890 6158/7104/5919
f 6175/7105/5920 6171/7099/5914 6093/7100/5915 6097/7106/5921
f 6149/7080/5897 6086/7079/5896 6104/7107/5922 6155/7108/5923
f 6158/7104/5919 6101/7073/5890 6100/7065/5882 6157/7109/5924
f 6090/7083/5900 6112/7110/5925 6107/7111/5926 6089/7074/5891
f 6173/7102/5917 6095/7101/5916 6099/7090/5905 6169/7089/5904
f 6157/7109/5924 6100/7065/5882 6154/7068/5885 6156/7112/5927
f 6086/7079/5896 6091/7082/5899 6103/7081/5898 6104/7107/5922
f 6085/7087/5889 6087/7085/5902 6106/7113/5928 6110/7114/5886
f 6159/7062/5879 6103/7081/5898 6102/7084/5901 6161/7103/5918
f 6086/7079/5896 6109/7115/5929 6108/7116/5930 6091/7082/5899
f 6087/7085/5902 6088/7066/5883 6111/7117/5931 6106/7113/5928
f 6084/7071/5888 6105/7070/5887 6109/7115/5929 6086/7079/5896
f 6089/7074/5891 6107/7111/5926 6111/7117/5931 6088/7066/5883
f 6175/7118/5920 6170/7095/5910 6105/7070/5887 6110/7069/5886
f 6091/7082/5899 6108/7116/5930 6112/7110/5925 6090/7083/5900
f 6102/7084/5901 6090/7083/5900 6089/7074/5891 6101/7073/5890
f 6167/7119/5932 6113/7120/5933 6114/7121/5934 6165/7122/5935
f 6134/7123/5936 6154/7068/5885 6153/7067/5884 6122/7124/5937
f 6144/7125/5938 6119/7126/5939 6118/7127/5940 6139/7128/5941
f 6135/7129/5942 6134/7123/5936 6122/7124/5937 6123/7130/5943
f 6160/7131/5892 6147/7132/5893 6113/7120/5933 6167/7119/5932
f 6119/7126/5939 6151/7133/5895 6150/7134/5894 6118/7127/5940
f 6118/7127/5940 6150/7134/5894 6149/7135/5897 6120/7136/5944
f 6137/7137/5945 6136/7138/5946 6124/7139/5947 6125/7140/5948
f 6122/7124/5937 6153/7067/5884 6152/7086/5903 6121/7141/5949
f 6121/7141/5949 6152/7086/5903 6151/7142/5895 6119/7143/5939
f 6177/7144/5950 6180/7145/5951 6128/7146/5952 6133/7147/5953
f 6180/7145/5951 6176/7148/5954 6132/7149/5955 6128/7146/5952
f 6178/7150/5956 6182/7151/5957 6130/7152/5958 6126/7153/5959
f 6179/7154/5960 6127/7155/5961 6132/7149/5955 6176/7148/5954
f 6182/7151/5957 6181/7156/5962 6129/7157/5963 6130/7152/5958
f 6166/7158/5964 6164/7159/5965 6135/7129/5942 6136/7138/5946
f 6183/7160/5966 6131/7161/5967 6127/7155/5961 6179/7154/5960
f 6149/7135/5897 6155/7162/5923 6138/7163/5968 6120/7136/5944
f 6164/7159/5965 6163/7164/5969 6134/7123/5936 6135/7129/5942
f 6124/7139/5947 6123/7130/5943 6141/7165/5970 6146/7166/5971
f 6181/7156/5962 6177/7144/5950 6133/7147/5953 6129/7157/5963
f 6163/7164/5969 6156/7112/5927 6154/7068/5885 6134/7123/5936
f 6120/7136/5944 6138/7163/5968 6137/7137/5945 6125/7140/5948
f 6119/7143/5939 6144/7167/5938 6140/7168/5972 6121/7141/5949
f 6165/7122/5935 6166/7158/5964 6136/7138/5946 6137/7137/5945
f 6120/7136/5944 6125/7140/5948 6142/7169/5973 6143/7170/5974
f 6121/7141/5949 6140/7168/5972 6145/7171/5975 6122/7124/5937
f 6118/7127/5940 6120/7136/5944 6143/7170/5974 6139/7128/5941
f 6123/7130/5943 6122/7124/5937 6145/7171/5975 6141/7165/5970
f 6183/7172/5966 6144/7125/5938 6139/7128/5941 6178/7150/5956
f 6125/7140/5948 6124/7139/5947 6146/7166/5971 6142/7169/5973
f 6136/7138/5946 6135/7129/5942 6123/7130/5943 6124/7139/5947
f 6114/7121/5934 6115/7173/5976 6166/7158/5964 6165/7122/5935
f 6117/7174/5977 6148/7175/5978 6156/7112/5927 6163/7164/5969
f 6116/7176/5979 6117/7174/5977 6163/7164/5969 6164/7159/5965
f 6115/7173/5976 6116/7176/5979 6164/7159/5965 6166/7158/5964
f 6155/7162/5923 6160/7131/5892 6167/7119/5932 6138/7163/5968
f 6138/7163/5968 6167/7119/5932 6165/7122/5935 6137/7137/5945
f 6080/7063/5880 6159/7062/5879 6161/7103/5918 6081/7177/5980
f 6083/7178/5981 6157/7109/5924 6156/7112/5927 6148/7179/5978
f 6082/7180/5982 6158/7104/5919 6157/7109/5924 6083/7178/5981
f 6081/7177/5980 6161/7103/5918 6158/7104/5919 6082/7180/5982
f 6155/7108/5923 6104/7107/5922 6162/7061/5878 6160/7075/5892
f 6104/7107/5922 6103/7081/5898 6159/7062/5879 6162/7061/5878
f 6097/7181/5921 6092/7096/5911 6170/7095/5910 6175/7118/5920
f 6108/7116/5930 6173/7102/5917 6169/7089/5904 6112/7110/5925
f 6110/7114/5886 6106/7113/5928 6171/7099/5914 6175/7105/5920
f 6109/7115/5929 6174/7098/5913 6173/7102/5917 6108/7116/5930
f 6106/7113/5928 6111/7117/5931 6168/7094/5909 6171/7099/5914
f 6105/7070/5887 6170/7095/5910 6174/7098/5913 6109/7115/5929
f 6107/7111/5926 6172/7092/5907 6168/7094/5909 6111/7117/5931
f 6112/7110/5925 6169/7089/5904 6172/7092/5907 6107/7111/5926
f 6131/7182/5967 6183/7172/5966 6178/7150/5956 6126/7153/5959
f 6142/7169/5973 6146/7166/5971 6177/7144/5950 6181/7156/5962
f 6144/7167/5938 6183/7160/5966 6179/7154/5960 6140/7168/5972
f 6143/7170/5974 6142/7169/5973 6181/7156/5962 6182/7151/5957
f 6140/7168/5972 6179/7154/5960 6176/7148/5954 6145/7171/5975
f 6139/7128/5941 6143/7170/5974 6182/7151/5957 6178/7150/5956
f 6141/7165/5970 6145/7171/5975 6176/7148/5954 6180/7145/5951
f 6146/7166/5971 6141/7165/5970 6180/7145/5951 6177/7144/5950
f 6267/7183/5983 6184/7184/5984 6185/7185/5985 6264/7186/5986
f 6205/7187/5987 6259/7188/5988 6258/7189/5989 6193/7190/5990
f 6215/7191/5991 6190/7192/5992 6189/7193/5993 6210/7194/5994
f 6206/7195/5995 6205/7187/5987 6193/7190/5990 6194/7196/5996
f 6265/7197/5997 6252/7198/5998 6184/7184/5984 6267/7183/5983
f 6190/7192/5992 6256/7199/5999 6255/7200/6000 6189/7193/5993
f 6189/7193/5993 6255/7200/6000 6254/7201/6001 6191/7202/6002
f 6208/7203/6003 6207/7204/6004 6195/7205/6005 6196/7206/6006
f 6193/7190/5990 6258/7189/5989 6257/7207/6007 6192/7208/6008
f 6192/7208/6008 6257/7207/6007 6256/7209/5999 6190/7210/5992
f 6274/7211/6009 6277/7212/6010 6199/7213/6011 6204/7214/6012
f 6277/7212/6010 6273/7215/6013 6203/7216/6014 6199/7213/6011
f 6275/7217/6015 6279/7218/6016 6201/7219/6017 6197/7220/6018
f 6276/7221/6019 6198/7222/6020 6203/7216/6014 6273/7215/6013
f 6279/7218/6016 6278/7223/6021 6200/7224/6022 6201/7219/6017
f 6266/7225/6023 6263/7226/6024 6206/7195/5995 6207/7204/6004
f 6280/7227/6025 6202/7228/6026 6198/7222/6020 6276/7221/6019
f 6254/7201/6001 6260/7229/6027 6209/7230/6028 6191/7202/6002
f 6263/7226/6024 6262/7231/6029 6205/7187/5987 6206/7195/5995
f 6195/7205/6005 6194/7196/5996 6212/7232/6030 6217/7233/6031
f 6278/7223/6021 6274/7211/6009 6204/7214/6012 6200/7224/6022
f 6262/7231/6029 6261/7234/6032 6259/7188/5988 6205/7187/5987
f 6191/7202/6002 6209/7230/6028 6208/7203/6003 6196/7206/6006
f 6190/7210/5992 6215/7235/5991 6211/7236/6033 6192/7208/6008
f 6264/7186/5986 6266/7225/6023 6207/7204/6004 6208/7203/6003
f 6191/7202/6002 6196/7206/6006 6213/7237/6034 6214/7238/6035
f 6192/7208/6008 6211/7236/6033 6216/7239/6036 6193/7190/5990
f 6189/7193/5993 6191/7202/6002 6214/7238/6035 6210/7194/5994
f 6194/7196/5996 6193/7190/5990 6216/7239/6036 6212/7232/6030
f 6280/7240/6025 6215/7191/5991 6210/7194/5994 6275/7217/6015
f 6196/7206/6006 6195/7205/6005 6217/7233/6031 6213/7237/6034
f 6207/7204/6004 6206/7195/5995 6194/7196/5996 6195/7205/6005
f 6272/7241/6037 6270/7242/6038 6219/7243/6039 6218/7244/6040
f 6239/7245/6041 6227/7246/6042 6258/7189/5989 6259/7188/5988
f 6249/7247/6043 6244/7248/6044 6223/7249/6045 6224/7250/6046
f 6240/7251/6047 6228/7252/6048 6227/7246/6042 6239/7245/6041
f 6265/7253/5997 6272/7241/6037 6218/7244/6040 6252/7254/5998
f 6224/7250/6046 6223/7249/6045 6255/7255/6000 6256/7256/5999
f 6223/7249/6045 6225/7257/6049 6254/7258/6001 6255/7255/6000
f 6242/7259/6050 6230/7260/6051 6229/7261/6052 6241/7262/6053
f 6227/7246/6042 6226/7263/6054 6257/7207/6007 6258/7189/5989
f 6226/7263/6054 6224/7264/6046 6256/7265/5999 6257/7207/6007
f 6282/7266/6055 6238/7267/6056 6233/7268/6057 6285/7269/6058
f 6285/7269/6058 6233/7268/6057 6237/7270/6059 6281/7271/6060
f 6283/7272/6061 6231/7273/6062 6235/7274/6063 6287/7275/6064
f 6284/7276/6065 6281/7271/6060 6237/7270/6059 6232/7277/6066
f 6287/7275/6064 6235/7274/6063 6234/7278/6067 6286/7279/6068
f 6271/7280/6069 6241/7262/6053 6240/7251/6047 6269/7281/6070
f 6288/7282/6071 6284/7276/6065 6232/7277/6066 6236/7283/6072
f 6254/7258/6001 6225/7257/6049 6243/7284/6073 6260/7285/6027
f 6269/7281/6070 6240/7251/6047 6239/7245/6041 6268/7286/6074
f 6229/7261/6052 6251/7287/6075 6246/7288/6076 6228/7252/6048
f 6286/7279/6068 6234/7278/6067 6238/7267/6056 6282/7266/6055
f 6268/7286/6074 6239/7245/6041 6259/7188/5988 6261/7289/6032
f 6225/7257/6049 6230/7260/6051 6242/7259/6050 6243/7284/6073
f 6224/7264/6046 6226/7263/6054 6245/7290/6077 6249/7291/6043
f 6270/7242/6038 6242/7259/6050 6241/7262/6053 6271/7280/6069
f 6225/7257/6049 6248/7292/6078 6247/7293/6079 6230/7260/6051
f 6226/7263/6054 6227/7246/6042 6250/7294/6080 6245/7290/6077
f 6223/7249/6045 6244/7248/6044 6248/7292/6078 6225/7257/6049
f 6228/7252/6048 6246/7288/6076 6250/7294/6080 6227/7246/6042
f 6288/7295/6071 6283/7272/6061 6244/7248/6044 6249/7247/6043
f 6230/7260/6051 6247/7293/6079 6251/7287/6075 6229/7261/6052
f 6241/7262/6053 6229/7261/6052 6228/7252/6048 6240/7251/6047
f 6219/7243/6039 6270/7242/6038 6271/7280/6069 6220/7296/6081
f 6222/7297/6082 6268/7286/6074 6261/7289/6032 6253/7298/6083
f 6221/7299/6084 6269/7281/6070 6268/7286/6074 6222/7297/6082
f 6220/7296/6081 6271/7280/6069 6269/7281/6070 6221/7299/6084
f 6260/7285/6027 6243/7284/6073 6272/7241/6037 6265/7253/5997
f 6243/7284/6073 6242/7259/6050 6270/7242/6038 6272/7241/6037
f 6185/7185/5985 6186/7300/6085 6266/7225/6023 6264/7186/5986
f 6188/7301/6086 6253/7298/6083 6261/7234/6032 6262/7231/6029
f 6187/7302/6087 6188/7301/6086 6262/7231/6029 6263/7226/6024
f 6186/7300/6085 6187/7302/6087 6263/7226/6024 6266/7225/6023
f 6260/7229/6027 6265/7197/5997 6267/7183/5983 6209/7230/6028
f 6209/7230/6028 6267/7183/5983 6264/7186/5986 6208/7203/6003
f 6202/7303/6026 6280/7240/6025 6275/7217/6015 6197/7220/6018
f 6213/7237/6034 6217/7233/6031 6274/7211/6009 6278/7223/6021
f 6215/7235/5991 6280/7227/6025 6276/7221/6019 6211/7236/6033
f 6214/7238/6035 6213/7237/6034 6278/7223/6021 6279/7218/6016
f 6211/7236/6033 6276/7221/6019 6273/7215/6013 6216/7239/6036
f 6210/7194/5994 6214/7238/6035 6279/7218/6016 6275/7217/6015
f 6212/7232/6030 6216/7239/6036 6273/7215/6013 6277/7212/6010
f 6217/7233/6031 6212/7232/6030 6277/7212/6010 6274/7211/6009
f 6236/7304/6072 6231/7273/6062 6283/7272/6061 6288/7295/6071
f 6247/7293/6079 6286/7279/6068 6282/7266/6055 6251/7287/6075
f 6249/7291/6043 6245/7290/6077 6284/7276/6065 6288/7282/6071
f 6248/7292/6078 6287/7275/6064 6286/7279/6068 6247/7293/6079
f 6245/7290/6077 6250/7294/6080 6281/7271/6060 6284/7276/6065
f 6244/7248/6044 6283/7272/6061 6287/7275/6064 6248/7292/6078
f 6246/7288/6076 6285/7269/6058 6281/7271/6060 6250/7294/6080
f 6251/7287/6075 6282/7266/6055 6285/7269/6058 6246/7288/6076
f 6147/7076/5893 6079/7064/5881 6184/7184/5984 6252/7198/5998
f 6079/7064/5881 6080/7063/5880 6185/7185/5985 6184/7184/5984
f 6082/7180/5982 6083/7178/5981 6188/7301/6086 6187/7302/6087
f 6083/7178/5981 6148/7179/5978 6253/7298/6083 6188/7301/6086
f 6081/7177/5980 6082/7180/5982 6187/7302/6087 6186/7300/6085
f 6098/7093/5908 6094/7091/5906 6199/7305/6011 6203/7306/6014
f 6096/7097/5912 6092/7096/5911 6197/7307/6018 6201/7308/6017
f 6093/7100/5915 6098/7093/5908 6203/7306/6014 6198/7309/6020
f 6095/7101/5916 6096/7097/5912 6201/7308/6017 6200/7310/6022
f 6094/7091/5906 6099/7090/5905 6204/7311/6012 6199/7305/6011
f 6097/7106/5921 6093/7100/5915 6198/7309/6020 6202/7312/6026
f 6092/7096/5911 6097/7181/5921 6202/7313/6026 6197/7307/6018
f 6080/7063/5880 6081/7177/5980 6186/7300/6085 6185/7185/5985
f 6099/7090/5905 6095/7101/5916 6200/7310/6022 6204/7311/6012
f 6113/7120/5933 6147/7132/5893 6252/7254/5998 6218/7244/6040
f 6114/7121/5934 6113/7120/5933 6218/7244/6040 6219/7243/6039
f 6117/7174/5977 6116/7176/5979 6221/7299/6084 6222/7297/6082
f 6148/7175/5978 6117/7174/5977 6222/7297/6082 6253/7298/6083
f 6116/7176/5979 6115/7173/5976 6220/7296/6081 6221/7299/6084
f 6128/7146/5952 6132/7149/5955 6237/7314/6059 6233/7315/6057
f 6126/7153/5959 6130/7152/5958 6235/7316/6063 6231/7317/6062
f 6132/7149/5955 6127/7155/5961 6232/7318/6066 6237/7314/6059
f 6130/7152/5958 6129/7157/5963 6234/7319/6067 6235/7316/6063
f 6133/7147/5953 6128/7146/5952 6233/7315/6057 6238/7320/6056
f 6127/7155/5961 6131/7161/5967 6236/7321/6072 6232/7318/6066
f 6131/7182/5967 6126/7153/5959 6231/7317/6062 6236/7322/6072
f 6115/7173/5976 6114/7121/5934 6219/7243/6039 6220/7296/6081
f 6129/7157/5963 6133/7147/5953 6238/7320/6056 6234/7319/6067
